file,artist,title,format,bitrate_kbps,sample_rate_hz,channels,length_sec,bpm,key,missing_bpm,missing_key,error
Hoodrich Keem - Slurred Words  Rap  Hip-Hop  (2026) 320_kbps Beats⭐/Hoodrich Keem - Slurred Words  Rap  Hip-Hop  (2026) 320_kbps Beats⭐/07. Mustard Green feat. Que Dawg & DJ Scream.mp3,Hoodrich Keem,Mustard Green feat. Que Dawg & DJ Scream,MP3,320,44100,2,100.66219954648525,,,True,True,
Hoodrich Keem - Slurred Words  Rap  Hip-Hop  (2026) 320_kbps Beats⭐/Hoodrich Keem - Slurred Words  Rap  Hip-Hop  (2026) 320_kbps Beats⭐/06. Rari Pedal feat. King Hendrick$.mp3,Hoodrich Keem,Rari Pedal feat. King Hendrick$,MP3,320,44100,2,130.32995464852607,,,True,True,
Hoodrich Keem - Slurred Words  Rap  Hip-Hop  (2026) 320_kbps Beats⭐/Hoodrich Keem - Slurred Words  Rap  Hip-Hop  (2026) 320_kbps Beats⭐/10. Takeover the World feat. Babyface Ray.mp3,Hoodrich Keem,Takeover the World feat. Babyface Ray,MP3,320,44100,2,162.46743764172336,,,True,True,
Hoodrich Keem - Slurred Words  Rap  Hip-Hop  (2026) 320_kbps Beats⭐/Hoodrich Keem - Slurred Words  Rap  Hip-Hop  (2026) 320_kbps Beats⭐/05. Hoodrich Freestyle feat. Lil Double 0.mp3,Hoodrich Keem,Hoodrich Freestyle feat. Lil Double 0,MP3,320,44100,2,177.2218820861678,,,True,True,
Hoodrich Keem - Slurred Words  Rap  Hip-Hop  (2026) 320_kbps Beats⭐/Hoodrich Keem - Slurred Words  Rap  Hip-Hop  (2026) 320_kbps Beats⭐/02. Just Saying Tho feat. Curren$y & Babyface Ray.mp3,Hoodrich Keem,Just Saying Tho feat. Curren$y & Babyface Ray,MP3,320,44100,2,213.53467120181406,,,True,True,
Hoodrich Keem - Slurred Words  Rap  Hip-Hop  (2026) 320_kbps Beats⭐/Hoodrich Keem - Slurred Words  Rap  Hip-Hop  (2026) 320_kbps Beats⭐/09. Sunday Service feat. Bally Baby.mp3,Hoodrich Keem,Sunday Service feat. Bally Baby,MP3,320,44100,2,110.05324263038548,,,True,True,
Hoodrich Keem - Slurred Words  Rap  Hip-Hop  (2026) 320_kbps Beats⭐/Hoodrich Keem - Slurred Words  Rap  Hip-Hop  (2026) 320_kbps Beats⭐/08. Stay on Green feat. Babyface Ray.mp3,Hoodrich Keem,Stay on Green feat. Babyface Ray,MP3,320,44100,2,204.0081179138322,,,True,True,
Hoodrich Keem - Slurred Words  Rap  Hip-Hop  (2026) 320_kbps Beats⭐/Hoodrich Keem - Slurred Words  Rap  Hip-Hop  (2026) 320_kbps Beats⭐/14. No Condom feat. Key Glock.mp3,Hoodrich Keem,No Condom feat. Key Glock,MP3,320,44100,2,132.05392290249432,,,True,True,
Hoodrich Keem - Slurred Words  Rap  Hip-Hop  (2026) 320_kbps Beats⭐/Hoodrich Keem - Slurred Words  Rap  Hip-Hop  (2026) 320_kbps Beats⭐/12. Tokyo Nights feat. CEO Trayle.mp3,Hoodrich Keem,Tokyo Nights feat. CEO Trayle,MP3,320,44100,2,98.66031746031746,,,True,True,
Hoodrich Keem - Slurred Words  Rap  Hip-Hop  (2026) 320_kbps Beats⭐/Hoodrich Keem - Slurred Words  Rap  Hip-Hop  (2026) 320_kbps Beats⭐/01. Facts feat. Key Glock.mp3,Hoodrich Keem,Facts feat. Key Glock,MP3,320,44100,2,146.48421768707482,,,True,True,
Hoodrich Keem - Slurred Words  Rap  Hip-Hop  (2026) 320_kbps Beats⭐/Hoodrich Keem - Slurred Words  Rap  Hip-Hop  (2026) 320_kbps Beats⭐/04. California feat. Bally Baby.mp3,Hoodrich Keem,California feat. Bally Baby,MP3,320,44100,2,122.54793650793651,,,True,True,
Hoodrich Keem - Slurred Words  Rap  Hip-Hop  (2026) 320_kbps Beats⭐/Hoodrich Keem - Slurred Words  Rap  Hip-Hop  (2026) 320_kbps Beats⭐/03. Kirk Frank (Interlude) feat. Babyface Ray.mp3,Hoodrich Keem,Kirk Frank (Interlude) feat. Babyface Ray,MP3,320,44100,2,64.37909297052154,,,True,True,
Hoodrich Keem - Slurred Words  Rap  Hip-Hop  (2026) 320_kbps Beats⭐/Hoodrich Keem - Slurred Words  Rap  Hip-Hop  (2026) 320_kbps Beats⭐/13. Milan feat. Babyface Ray.mp3,Hoodrich Keem,Milan feat. Babyface Ray,MP3,320,44100,2,120.4885260770975,,,True,True,
Hoodrich Keem - Slurred Words  Rap  Hip-Hop  (2026) 320_kbps Beats⭐/Hoodrich Keem - Slurred Words  Rap  Hip-Hop  (2026) 320_kbps Beats⭐/11. Birdman feat. King Hendrick$ & DJ Scream.mp3,Hoodrich Keem,Birdman feat. King Hendrick$ & DJ Scream,MP3,320,44100,2,155.47834467120182,,,True,True,
Common feat. John Legend/Black America Again/13 Rain.flac,Common feat. John Legend,Rain,FLAC,10443,44100,2,248.56684807256235,114.0,B,False,False,
Common feat. John Legend/Black America Again/13 Rain_1.flac,Common feat. John Legend,Rain,FLAC,10443,44100,2,248.56684807256235,114.0,B,False,False,
Common feat. John Legend/Black America Again/13 Rain_2.flac,Common feat. John Legend,Rain,FLAC,10443,44100,2,248.56684807256235,114.0,B,False,False,
J Dilla (2006) HHIR - Donuts [The Samples]/42 The Three Degrees - Maybe.mp3,The Three Degrees,Maybe ['Hi.'],MP3,192,44100,2,338.76125,,,True,True,
J Dilla (2006) HHIR - Donuts [The Samples]/38 The Trammps - Rubber Band.mp3,The Trammps,Rubber Band ['Dilla Says Go'],MP3,192,44100,2,313.94491666666664,,,True,True,
J Dilla (2006) HHIR - Donuts [The Samples]/43 The Isley Brothers - Don't Say Goodnight (It's Time for Love) (Parts 1 & 2).mp3,The Isley Brothers,Don't Say Goodnight (It's Time for Love) (Parts 1 & 2) ['Bye.'],MP3,192,44100,2,343.98575,,,True,True,
J Dilla (2006) HHIR - Donuts [The Samples]/02 10cc - The Worst Band in the World.mp3,10cc,The Worst Band in the World ['Workinonit'],MP3,192,44100,2,160.26654166666665,,,True,True,
J Dilla (2006) HHIR - Donuts [The Samples]/31 The Sylvers - Only One Can Win.mp3,The Sylvers,Only One Can Win ['Two Can Win'],MP3,192,44100,2,177.71633333333332,,,True,True,
J Dilla (2006) HHIR - Donuts [The Samples]/47 Brenton Wood - Gimme Little Sign.mp3,Brenton Wood,Gimme Little Sign ['Signs'],MP3,192,44100,2,139.39470833333334,,,True,True,
J Dilla (2006) HHIR - Donuts [The Samples]/20 Jackson 5 - All I Do Is Think of You.mp3,Jackson 5,All I Do Is Think of You ['Time: The Donut of the Heart'],MP3,192,44100,2,186.85920833333333,,,True,True,
J Dilla (2006) HHIR - Donuts [The Samples]/44 The Moments - To You With Love.mp3,The Moments,To You With Love ['Last Donut of the Night'],MP3,192,44100,2,185.291875,,,True,True,
J Dilla (2006) HHIR - Donuts [The Samples]/18 Frank Zappa - Dance Contest.mp3,Frank Zappa,Dance Contest ['Mash'],MP3,192,44100,2,180.58983333333333,,,True,True,
J Dilla (2006) HHIR - Donuts [The Samples]/48 Syl Johnson - Different Strokes.mp3,Syl Johnson,Different Strokes ['Signs'],MP3,192,44100,2,137.06983333333332,,,True,True,
J Dilla (2006) HHIR - Donuts [The Samples]/37 Luther Ingram - To the Other Man.mp3,Luther Ingram,To the Other Man ['Gobstopper' & 'One for Ghost'],MP3,192,44100,2,241.95145833333333,,,True,True,
J Dilla (2006) HHIR - Donuts [The Samples]/10 James Brown - My Thang.mp3,James Brown,My Thang ['Light My Fire'],MP3,192,44100,2,279.20208333333335,,,True,True,
J Dilla (2006) HHIR - Donuts [The Samples]/04 Beastie Boys - The New Style.mp3,Beastie Boys,The New Style ['Workinonit' & 'The New'],MP3,192,44100,2,275.8845,,,True,True,
J Dilla (2006) HHIR - Donuts [The Samples]/07 10cc - Johnny Don't Do It.mp3,10cc,Johnny Don't Do It ['Waves'],MP3,192,44100,2,213.60858333333334,,,True,True,
J Dilla (2006) HHIR - Donuts [The Samples]/12 Dionne Warwick - You're Gonna Need Me.mp3,Dionne Warwick,You're Gonna Need Me ['Stop'],MP3,192,44100,2,265.4877916666667,,,True,True,
J Dilla (2006) HHIR - Donuts [The Samples]/03 Mantronix - King of the Beats.mp3,Mantronix,"King of the Beats ['Workinonit', 'Waves', 'People', 'The Diff'rence', 'Lightworks', 'The Twister (Huh, What)', 'Thunder', 'Gobstopper', 'One for Ghost' & 'Da Factory']",MP3,192,44100,2,355.7147083333333,,,True,True,
J Dilla (2006) HHIR - Donuts [The Samples]/34 The Jimi Entley Sound - Charlie's Theme.mp3,The Jimi Entley Sound,Charlie's Theme ['Geek Down'],MP3,192,44100,2,190.255125,,,True,True,
J Dilla (2006) HHIR - Donuts [The Samples]/06 Malcolm McLaren - Buffalo Gals.mp3,Malcolm McLaren,"Buffalo Gals ['Workinonit' & 'The Twister (Huh, What)']",MP3,192,44100,2,219.669,,,True,True,
J Dilla (2006) HHIR - Donuts [The Samples]/30 Smokey Robinson & The Miracles - A Legend in Its Own Time.mp3,Smokey Robinson & The Miracles,A Legend in Its Own Time ['One Eleven'],MP3,192,44100,2,190.150625,,,True,True,
J Dilla (2006) HHIR - Donuts [The Samples]/17 Galt MacDermot - Golden Apples (Part II).mp3,Galt MacDermot,Golden Apples (Part II) ['Mash'],MP3,192,44100,2,223.4045,,,True,True,
J Dilla (2006) HHIR - Donuts [The Samples]/36 Martha Reeves - Sweet Misery.mp3,Martha Reeves,Sweet Misery ['Thunder'],MP3,192,44100,2,230.06575,,,True,True,
J Dilla (2006) HHIR - Donuts [The Samples]/08 B.R. Gunna - Do Ya Thing.mp3,B.R. Gunna,"Do Ya Thing ['Waves', 'Dilla Says Go' & 'U-Luv']",MP3,192,44100,2,118.96695833333334,,,True,True,
"J Dilla (2006) HHIR - Donuts [The Samples]/27 The Temptations - Cloud Nine (Motortown Revue Live, 1969).mp3",The Temptations,"Cloud Nine (Motortown Revue Live, 1969) ['The Twister (Huh, What)']",MP3,192,44100,2,210.16041666666666,,,True,True,
J Dilla (2006) HHIR - Donuts [The Samples]/45 Gene Chandler - Rainbow '65 (Live).mp3,Gene Chandler,Rainbow '65 (Live) ['Last Donut of the Night'],MP3,192,44100,2,358.144125,,,True,True,
J Dilla (2006) HHIR - Donuts [The Samples]/01 Shuggie Otis - Not Available.mp3,Shuggie Otis,Not Available ['Donuts (Outro)' & 'Donuts (Intro)'],MP3,192,44100,2,146.10820833333332,,,True,True,
J Dilla (2006) HHIR - Donuts [The Samples]/22 L.V. Johnson - I Don't Really Care.mp3,L.V. Johnson,I Don't Really Care ['Airworks'],MP3,192,44100,2,314.4935,,,True,True,
J Dilla (2006) HHIR - Donuts [The Samples]/19 Lou Rawls - Season of the Witch.mp3,Lou Rawls,Season of the Witch ['Mash' & 'Glazed'],MP3,192,44100,2,348.76616666666666,,,True,True,
J Dilla (2006) HHIR - Donuts [The Samples]/40 The Weinberg Method - Animosity.mp3,The Weinberg Method,Animosity ['Da Factory'],MP3,192,44100,2,166.77104166666666,,,True,True,
J Dilla (2006) HHIR - Donuts [The Samples]/39 The Undisputed Truth - Walk on By.mp3,The Undisputed Truth,Walk on By ['Walkinonit'],MP3,192,44100,2,225.86004166666666,,,True,True,
J Dilla (2006) HHIR - Donuts [The Samples]/15 Run-D.M.C. - Here We Go (Live at The Funhouse).mp3,Run-D.M.C.,Here We Go (Live at The Funhouse) ['People' & 'One Eleven'],MP3,192,44100,2,245.1645,,,True,True,
J Dilla (2006) HHIR - Donuts [The Samples]/13 Jadakiss - Why (Acapella).mp3,Jadakiss,Why? (Acapella) ['Stop'],MP3,192,44100,2,231.162875,,,True,True,
J Dilla (2006) HHIR - Donuts [The Samples]/29 Joeski Love - Pee-Wee's Dance.mp3,Joeski Love,"Pee-Wee's Dance ['The Twister (Huh, What)' & 'Anti-American Graffiti']",MP3,192,44100,2,278.13104166666665,,,True,True,
J Dilla (2006) HHIR - Donuts [The Samples]/33 Tin Tin - Family Tree.mp3,Tin Tin,Family Tree ['Anti-American Graffiti'],MP3,192,44100,2,150.49675,,,True,True,
J Dilla (2006) HHIR - Donuts [The Samples]/28 Fred Frith - Kick the Can (Part 1).mp3,Fred Frith,"Kick the Can (Part 1) ['The Twister (Huh, What)']",MP3,192,44100,2,139.002875,,,True,True,
J Dilla (2006) HHIR - Donuts [The Samples]/35 ESG - UFO.mp3,ESG,UFO ['Geek Down'],MP3,192,44100,2,173.06654166666667,,,True,True,
J Dilla (2006) HHIR - Donuts [The Samples]/14 Eddie Kendricks - My People...Hold On.mp3,Eddie Kendricks,My People...Hold On ['People'],MP3,192,44100,2,338.2649166666667,,,True,True,
J Dilla (2006) HHIR - Donuts [The Samples]/11 Detroit Emeralds - Whatcha Gonna Wear Tomorrow.mp3,Detroit Emeralds,Whatcha Gonna Wear Tomorrow ['The New'],MP3,192,44100,2,255.06491666666668,,,True,True,
J Dilla (2006) HHIR - Donuts [The Samples]/46 Motherlode - When I Die.mp3,Motherlode,When I Die ['Donuts (Intro)'],MP3,192,44100,2,199.189,,,True,True,
J Dilla (2006) HHIR - Donuts [The Samples]/05 Raymond Scott - Sprite Melonball Bounce.mp3,Raymond Scott,Sprite: Melonball Bounce ['Workinonit'],MP3,192,44100,2,59.93025,,,True,True,
J Dilla (2006) HHIR - Donuts [The Samples]/32 The Escorts - I Can't Stand (To See You Cry).mp3,The Escorts,I Can't Stand (To See You Cry) ['Don't Cry'],MP3,192,44100,2,194.74820833333334,,,True,True,
J Dilla (2006) HHIR - Donuts [The Samples]/16 Kool & The Gang - Fruitman.mp3,Kool & The Gang,Fruitman ['The Diff'rence'],MP3,192,44100,2,321.10245833333335,,,True,True,
J Dilla (2006) HHIR - Donuts [The Samples]/41 Jerry Butler - Just Because I Really Love You.mp3,Jerry Butler,Just Because I Really Love You ['U-Luv'],MP3,192,44100,2,153.39633333333333,,,True,True,
J Dilla (2006) HHIR - Donuts [The Samples]/23 Raymond Scott - Bendix The Tomorrow People.mp3,Raymond Scott,Bendix: The Tomorrow People ['Airworks' & 'Lightworks'],MP3,192,44100,2,64.08370833333333,,,True,True,
J Dilla (2006) HHIR - Donuts [The Samples]/21 Gene Chandler & Jerry Butler - You Just Can't Win (By Makin' the Same Mistake).mp3,Gene Chandler & Jerry Butler,You Just Can't Win (By Makin' the Same Mistake) ['Glazed'],MP3,192,44100,2,152.53433333333334,,,True,True,
J Dilla (2006) HHIR - Donuts [The Samples]/25 Mountain - Long Red (Live).mp3,Mountain,Long Red (Live) ['Stepson of the Clapper'],MP3,192,44100,2,346.67633333333333,,,True,True,
J Dilla (2006) HHIR - Donuts [The Samples]/26 Stevie Wonder - For Once in My Life.mp3,Stevie Wonder,"For Once in My Life ['The Twister (Huh, What)']",MP3,192,44100,2,168.80858333333333,,,True,True,
J Dilla (2006) HHIR - Donuts [The Samples]/09 Africa - Light My Fire.mp3,Africa,Light My Fire ['Light My Fire'],MP3,192,44100,2,277.00779166666666,,,True,True,
J Dilla (2006) HHIR - Donuts [The Samples]/24 Raymond Scott - Lightworks.mp3,Raymond Scott,Lightworks ['Lightworks'],MP3,192,44100,2,108.309,,,True,True,
MAC MILLER - DISCOGRAPHY [CHANNEL NEO]/[2009] The Jukebox Prelude To Class Clown (Mixtape)/13 - J's On My Feet (prod. EZ Mac).mp3,Mac Miller,J's On My Feet (prod. EZ Mac),MP3,320,44100,2,237.9755,,,True,True,
MAC MILLER - DISCOGRAPHY [CHANNEL NEO]/[2009] The Jukebox Prelude To Class Clown (Mixtape)/21 - Keep It Rollin' (prod. EZ Mac).mp3,Mac Miller,Keep It Rollin' (prod. EZ Mac),MP3,320,44100,2,257.1755,,,True,True,
MAC MILLER - DISCOGRAPHY [CHANNEL NEO]/[2009] The Jukebox Prelude To Class Clown (Mixtape)/05 - What Up Cousin (R.I.P. Nick).mp3,Mac Miller,What Up Cousin (R.I.P. Nick),MP3,320,44100,2,249.07755,,,True,True,
MAC MILLER - DISCOGRAPHY [CHANNEL NEO]/[2009] The Jukebox Prelude To Class Clown (Mixtape)/08 - Late Night (prod. EZ Mac).mp3,Mac Miller,Late Night (prod. EZ Mac),MP3,320,44100,2,196.519175,,,True,True,
"MAC MILLER - DISCOGRAPHY [CHANNEL NEO]/[2009] The Jukebox Prelude To Class Clown (Mixtape)/14 - On Some Real Shit (100,000 Bar.mp3",Mac Miller,"On Some Real Shit (100,000 Bar",MP3,320,44100,2,205.818775,,,True,True,
MAC MILLER - DISCOGRAPHY [CHANNEL NEO]/[2009] The Jukebox Prelude To Class Clown (Mixtape)/06 - Got A Clue.mp3,Mac Miller,Got A Clue,MP3,320,44100,2,228.754275,,,True,True,
MAC MILLER - DISCOGRAPHY [CHANNEL NEO]/[2009] The Jukebox Prelude To Class Clown (Mixtape)/16 - A Night In The Studio.mp3,Mac Miller,A Night In The Studio,MP3,320,44100,2,192.99265,,,True,True,
MAC MILLER - DISCOGRAPHY [CHANNEL NEO]/[2009] The Jukebox Prelude To Class Clown (Mixtape)/09 - Cruisin' (prod. Soul Theory).mp3,Mac Miller,Cruisin' (prod. Soul Theory),MP3,320,44100,2,251.2457,,,True,True,
MAC MILLER - DISCOGRAPHY [CHANNEL NEO]/[2009] The Jukebox Prelude To Class Clown (Mixtape)/17 - My Lady (prod. Buscrates 16 Bi.mp3,Mac Miller,My Lady (prod. Buscrates 16 Bi,MP3,320,44100,2,149.159175,,,True,True,
MAC MILLER - DISCOGRAPHY [CHANNEL NEO]/[2009] The Jukebox Prelude To Class Clown (Mixtape)/03 - Barz 4 Dayz (prod. Soul Theory.mp3,Mac Miller,Barz 4 Dayz (prod. Soul Theory,MP3,320,44100,2,216.73795,,,True,True,
MAC MILLER - DISCOGRAPHY [CHANNEL NEO]/[2009] The Jukebox Prelude To Class Clown (Mixtape)/18 - Comin Soon' (feat. John Record.mp3,Mac Miller,Comin Soon' (feat. John Record,MP3,320,44100,2,183.327325,,,True,True,
MAC MILLER - DISCOGRAPHY [CHANNEL NEO]/[2009] The Jukebox Prelude To Class Clown (Mixtape)/02 - Sound Like (prod. EZ Mac).mp3,Mac Miller,Sound Like (prod. EZ Mac),MP3,320,44100,2,193.854675,,,True,True,
MAC MILLER - DISCOGRAPHY [CHANNEL NEO]/[2009] The Jukebox Prelude To Class Clown (Mixtape)/10 - Swing Set.mp3,Mac Miller,Swing Set,MP3,160,44100,2,201.84815,,,True,True,
MAC MILLER - DISCOGRAPHY [CHANNEL NEO]/[2009] The Jukebox Prelude To Class Clown (Mixtape)/01 - Intro.mp3,Mac Miller,Intro,MP3,320,44100,2,54.204075,,,True,True,
MAC MILLER - DISCOGRAPHY [CHANNEL NEO]/[2009] The Jukebox Prelude To Class Clown (Mixtape)/11 - Love My Name (feat. John Recor.mp3,Mac Miller,Love My Name (feat. John Recor,MP3,320,44100,2,200.594275,,,True,True,
MAC MILLER - DISCOGRAPHY [CHANNEL NEO]/[2009] The Jukebox Prelude To Class Clown (Mixtape)/20 - So Far To Go.mp3,Mac Miller,So Far To Go,MP3,320,44100,2,207.856325,,,True,True,
MAC MILLER - DISCOGRAPHY [CHANNEL NEO]/[2009] The Jukebox Prelude To Class Clown (Mixtape)/04 - PA Hustla (prod. Johhny Julian.mp3,Mac Miller,PA Hustla (prod. Johhny Julian,MP3,320,44100,2,190.7461,,,True,True,
MAC MILLER - DISCOGRAPHY [CHANNEL NEO]/[2009] The Jukebox Prelude To Class Clown (Mixtape)/07 - Get It On The Floor.mp3,Mac Miller,Get It On The Floor,MP3,320,44100,2,183.484075,,,True,True,
MAC MILLER - DISCOGRAPHY [CHANNEL NEO]/[2009] The Jukebox Prelude To Class Clown (Mixtape)/15 - The Chow Line (feat. Beedie &.mp3,Mac Miller,The Chow Line (feat. Beedie &,MP3,320,44100,2,220.499575,,,True,True,
MAC MILLER - DISCOGRAPHY [CHANNEL NEO]/[2009] The Jukebox Prelude To Class Clown (Mixtape)/12 - Snap Back.mp3,Mac Miller,Snap Back,MP3,320,44100,2,160.41795,,,True,True,
MAC MILLER - DISCOGRAPHY [CHANNEL NEO]/[2009] The Jukebox Prelude To Class Clown (Mixtape)/19 - Keep Me Alive (prod. Roscoe Wi.mp3,Mac Miller,Keep Me Alive (prod. Roscoe Wi,MP3,320,44100,2,244.6106,,,True,True,
MAC MILLER - DISCOGRAPHY [CHANNEL NEO]/[2010] K.I.D.S. (Mixtape)/14 - Kool Aid & Frozen Pizza.mp3,Mac Miller,Kool Aid & Frozen Pizza,MP3,256,48000,2,157.848,,,True,True,
MAC MILLER - DISCOGRAPHY [CHANNEL NEO]/[2010] K.I.D.S. (Mixtape)/01 - Kickin' Incredibly Dope Shit (Intro).mp3,Mac Miller,Kickin' Incredibly Dope Shit (Intro),MP3,256,48000,2,224.952,,,True,True,
MAC MILLER - DISCOGRAPHY [CHANNEL NEO]/[2010] K.I.D.S. (Mixtape)/09 - Paper Route feat. Chevy Woods.mp3,Mac Miller,Paper Route feat. Chevy Woods,MP3,256,48000,2,180.072,,,True,True,
MAC MILLER - DISCOGRAPHY [CHANNEL NEO]/[2010] K.I.D.S. (Mixtape)/11 - Ride Around.mp3,Mac Miller,Ride Around,MP3,256,48000,2,144.504,,,True,True,
MAC MILLER - DISCOGRAPHY [CHANNEL NEO]/[2010] K.I.D.S. (Mixtape)/15 - All I Want Is You.mp3,Mac Miller,All I Want Is You,MP3,256,48000,2,222.576,,,True,True,
MAC MILLER - DISCOGRAPHY [CHANNEL NEO]/[2010] K.I.D.S. (Mixtape)/04 - Nikes On My Feet.mp3,Mac Miller,Nikes On My Feet,MP3,256,48000,2,164.496,,,True,True,
MAC MILLER - DISCOGRAPHY [CHANNEL NEO]/[2010] K.I.D.S. (Mixtape)/06 - The Spins.mp3,Mac Miller,The Spins,MP3,256,48000,2,196.056,,,True,True,
MAC MILLER - DISCOGRAPHY [CHANNEL NEO]/[2010] K.I.D.S. (Mixtape)/17 - Face In The Crowd.mp3,Mac Miller,Face In The Crowd,MP3,256,48000,2,209.52,,,True,True,
"MAC MILLER - DISCOGRAPHY [CHANNEL NEO]/[2010] K.I.D.S. (Mixtape)/13 - Mad Flava, Heavy Flow (Interlude) feat. DJ Bonics.mp3",Mac Miller,"Mad Flava, Heavy Flow (Interlude) feat. DJ Bonics",MP3,256,48000,2,26.784,,,True,True,
MAC MILLER - DISCOGRAPHY [CHANNEL NEO]/[2010] K.I.D.S. (Mixtape)/02 - Outside.mp3,Mac Miller,Outside,MP3,256,48000,2,217.248,,,True,True,
MAC MILLER - DISCOGRAPHY [CHANNEL NEO]/[2010] K.I.D.S. (Mixtape)/07 - Traffic In The Sky.mp3,Mac Miller,Traffic In The Sky,MP3,256,48000,2,153.12,,,True,True,
MAC MILLER - DISCOGRAPHY [CHANNEL NEO]/[2010] K.I.D.S. (Mixtape)/12 - Knock Knock.mp3,Mac Miller,Knock Knock,MP3,256,48000,2,198.048,,,True,True,
MAC MILLER - DISCOGRAPHY [CHANNEL NEO]/[2010] K.I.D.S. (Mixtape)/05 - Senior Skip Day.mp3,Mac Miller,Senior Skip Day,MP3,256,48000,2,175.896,,,True,True,
MAC MILLER - DISCOGRAPHY [CHANNEL NEO]/[2010] K.I.D.S. (Mixtape)/08 - Don't Mind If I Do.mp3,Mac Miller,Don't Mind If I Do,MP3,256,48000,2,138.384,,,True,True,
MAC MILLER - DISCOGRAPHY [CHANNEL NEO]/[2010] K.I.D.S. (Mixtape)/03 - Get Em Up.mp3,Mac Miller,Get Em Up,MP3,256,48000,2,198.096,,,True,True,
MAC MILLER - DISCOGRAPHY [CHANNEL NEO]/[2010] K.I.D.S. (Mixtape)/16 - Poppy.mp3,Mac Miller,Poppy,MP3,256,48000,2,173.016,,,True,True,
MAC MILLER - DISCOGRAPHY [CHANNEL NEO]/[2010] K.I.D.S. (Mixtape)/10 - Good Evening.mp3,Mac Miller,Good Evening,MP3,256,48000,2,235.128,,,True,True,
MAC MILLER - DISCOGRAPHY [CHANNEL NEO]/[2008] The Ill Spoken How High The Mixtape (Mixtape)/08 Say Goodnight Freestyle (feat..mp3,The Ill Spoken,Say Goodnight Freestyle (feat.,MP3,320,44100,2,174.4263,,,True,True,
MAC MILLER - DISCOGRAPHY [CHANNEL NEO]/[2008] The Ill Spoken How High The Mixtape (Mixtape)/06 Open Ya Eyes (feat. Plain Engl.mp3,The Ill Spoken,Open Ya Eyes (feat. Plain Engl,MP3,320,44100,2,243.6957,,,True,True,
MAC MILLER - DISCOGRAPHY [CHANNEL NEO]/[2008] The Ill Spoken How High The Mixtape (Mixtape)/09 Whatup Dilla.mp3,The Ill Spoken,Whatup Dilla,MP3,320,44100,2,143.5239,,,True,True,
MAC MILLER - DISCOGRAPHY [CHANNEL NEO]/[2008] The Ill Spoken How High The Mixtape (Mixtape)/02 How Sick Am I (prod. Ben Bradl.mp3,The Ill Spoken,How Sick Am I (prod. Ben Bradl,MP3,320,44100,2,256.5891,,,True,True,
MAC MILLER - DISCOGRAPHY [CHANNEL NEO]/[2008] The Ill Spoken How High The Mixtape (Mixtape)/17 The Ill Children (feat. Lip Th.mp3,The Ill Spoken,The Ill Children (feat. Lip Th,MP3,320,44100,2,197.2899,,,True,True,
MAC MILLER - DISCOGRAPHY [CHANNEL NEO]/[2008] The Ill Spoken How High The Mixtape (Mixtape)/10 What It Is (feat. Franchise) (.mp3,The Ill Spoken,What It Is (feat. Franchise) (,MP3,320,44100,2,255.0231,,,True,True,
MAC MILLER - DISCOGRAPHY [CHANNEL NEO]/[2008] The Ill Spoken How High The Mixtape (Mixtape)/20 The Outro (prod. J. Glaze).mp3,The Ill Spoken,The Outro (prod. J. Glaze),MP3,320,44100,2,258.0768,,,True,True,
MAC MILLER - DISCOGRAPHY [CHANNEL NEO]/[2008] The Ill Spoken How High The Mixtape (Mixtape)/15 Like Aaay! (prod. Anwar).mp3,The Ill Spoken,Like Aaay! (prod. Anwar),MP3,320,44100,2,236.4921,,,True,True,
MAC MILLER - DISCOGRAPHY [CHANNEL NEO]/[2008] The Ill Spoken How High The Mixtape (Mixtape)/13 Same Old Shit (feat. Plain Eng.mp3,The Ill Spoken,Same Old Shit (feat. Plain Eng,MP3,320,44100,2,241.6077,,,True,True,
MAC MILLER - DISCOGRAPHY [CHANNEL NEO]/[2008] The Ill Spoken How High The Mixtape (Mixtape)/03 Do It Again (prod. DJ Osk).mp3,The Ill Spoken,Do It Again (prod. DJ Osk),MP3,320,44100,2,179.3331,,,True,True,
MAC MILLER - DISCOGRAPHY [CHANNEL NEO]/[2008] The Ill Spoken How High The Mixtape (Mixtape)/12 Child's Play Freestyle (feat..mp3,The Ill Spoken,Child's Play Freestyle (feat.,MP3,320,44100,2,229.0536,,,True,True,
MAC MILLER - DISCOGRAPHY [CHANNEL NEO]/[2008] The Ill Spoken How High The Mixtape (Mixtape)/11 The Hold Up.mp3,The Ill Spoken,The Hold Up,MP3,320,44100,2,210.3138,,,True,True,
MAC MILLER - DISCOGRAPHY [CHANNEL NEO]/[2008] The Ill Spoken How High The Mixtape (Mixtape)/14 The Real (prod. Buscrates 16 B.mp3,The Ill Spoken,The Real (prod. Buscrates 16 B,MP3,320,44100,2,227.9052,,,True,True,
MAC MILLER - DISCOGRAPHY [CHANNEL NEO]/[2008] The Ill Spoken How High The Mixtape (Mixtape)/07 Tryna Get Blazed.mp3,The Ill Spoken,Tryna Get Blazed,MP3,320,44100,2,198.1512,,,True,True,
MAC MILLER - DISCOGRAPHY [CHANNEL NEO]/[2008] The Ill Spoken How High The Mixtape (Mixtape)/19 Gotcha Opin.mp3,The Ill Spoken,Gotcha Opin,MP3,320,44100,2,211.0707,,,True,True,
MAC MILLER - DISCOGRAPHY [CHANNEL NEO]/[2008] The Ill Spoken How High The Mixtape (Mixtape)/05 I Am Legend (feat. John Record.mp3,The Ill Spoken,I Am Legend (feat. John Record,MP3,320,44100,2,178.3152,,,True,True,
MAC MILLER - DISCOGRAPHY [CHANNEL NEO]/[2008] The Ill Spoken How High The Mixtape (Mixtape)/01 How High (Intro) (prod. Man Ma.mp3,The Ill Spoken,How High (Intro) (prod. Man Ma,MP3,320,44100,2,201.4398,,,True,True,
MAC MILLER - DISCOGRAPHY [CHANNEL NEO]/[2008] The Ill Spoken How High The Mixtape (Mixtape)/18 Ain't I Freestyle (feat. Big W.mp3,The Ill Spoken,Ain't I Freestyle (feat. Big W,MP3,320,44100,2,192.5658,,,True,True,
MAC MILLER - DISCOGRAPHY [CHANNEL NEO]/[2008] The Ill Spoken How High The Mixtape (Mixtape)/16 Know Bout That (prod. OJ Loopz.mp3,The Ill Spoken,Know Bout That (prod. OJ Loopz,MP3,320,44100,2,210.1572,,,True,True,
MAC MILLER - DISCOGRAPHY [CHANNEL NEO]/[2008] The Ill Spoken How High The Mixtape (Mixtape)/22 Cruisin' (prod. Soul T.mp3,The Ill Spoken,Cruisin' (prod. Soul T,MP3,320,44100,2,277.7562,,,True,True,
MAC MILLER - DISCOGRAPHY [CHANNEL NEO]/[2008] The Ill Spoken How High The Mixtape (Mixtape)/21 Instant Replay (prod..mp3,The Ill Spoken,Instant Replay (prod.,MP3,320,44100,2,214.7247,,,True,True,
MAC MILLER - DISCOGRAPHY [CHANNEL NEO]/[2008] The Ill Spoken How High The Mixtape (Mixtape)/04 Bring It On (feat. Wild Bill).mp3,The Ill Spoken,Bring It On (feat. Wild Bill),MP3,320,44100,2,254.6316,,,True,True,
MAC MILLER - DISCOGRAPHY [CHANNEL NEO]/[2011] Black Friday (Mixtape)/15 - Word Game (U-Strem Freestyle From 2008).mp3,Mac Miller,Word Game (U-Strem Freestyle From 2008),MP3,320,44100,2,188.4191,,,True,True,
MAC MILLER - DISCOGRAPHY [CHANNEL NEO]/[2011] Black Friday (Mixtape)/05 - Girls In The Palm Of My Hand (Prod. by Johnny Juliano) (World Wide Exclusive).mp3,Mac Miller,Girls In The Palm Of My Hand (Prod. by Johnny Juliano) (World Wide Exclusive),MP3,320,44100,2,161.3012,,,True,True,
MAC MILLER - DISCOGRAPHY [CHANNEL NEO]/[2011] Black Friday (Mixtape)/09 - The Stick Up (World Wide Exclusive).mp3,Mac Miller,The Stick Up (World Wide Exclusive),MP3,320,44100,2,237.2261,,,True,True,
MAC MILLER - DISCOGRAPHY [CHANNEL NEO]/[2011] Black Friday (Mixtape)/14 - Radio Freestyle (First Radio Freestyle EVER!) (RARE!).mp3,Mac Miller,Radio Freestyle (First Radio Freestyle EVER!) (RARE!),MP3,320,44100,2,49.802,,,True,True,
MAC MILLER - DISCOGRAPHY [CHANNEL NEO]/[2011] Black Friday (Mixtape)/10 - The Introduction (World Wide Exclusive).mp3,Mac Miller,The Introduction (World Wide Exclusive),MP3,320,44100,2,70.3427,,,True,True,
MAC MILLER - DISCOGRAPHY [CHANNEL NEO]/[2011] Black Friday (Mixtape)/04 - No Hook (World Wide Exclusive).mp3,Mac Miller,No Hook (World Wide Exclusive),MP3,320,44100,2,165.0857,,,True,True,
MAC MILLER - DISCOGRAPHY [CHANNEL NEO]/[2011] Black Friday (Mixtape)/06 - Mac Miller ft. Ghosty - La Familia (World Wide Exclusive).mp3,Mac Miller,Mac Miller ft. Ghosty - La Familia (World Wide Exclusive),MP3,320,44100,2,293.4977,,,True,True,
MAC MILLER - DISCOGRAPHY [CHANNEL NEO]/[2011] Black Friday (Mixtape)/01 - Mac Miller ft. Beedie - Dj CapCom (Freestyle) (World Wide Exclusive).mp3,Mac Miller,Mac Miller ft. Beedie - Dj CapCom (Freestyle) (World Wide Exclusive),MP3,320,44100,2,142.1177,,,True,True,
MAC MILLER - DISCOGRAPHY [CHANNEL NEO]/[2011] Black Friday (Mixtape)/02 - Stop Bitchin (Prod. by Big Jerm) (Full Version) (RARE Unreleased).mp3,Mac Miller,Stop Bitchin (Prod. by Big Jerm) (Full Version) (RARE Unreleased),MP3,320,44100,2,230.5445,,,True,True,
MAC MILLER - DISCOGRAPHY [CHANNEL NEO]/[2011] Black Friday (Mixtape)/07 - Mac Miller ft. Ghosty - Born On Halloween (World Wide Exclusive).mp3,Mac Miller,Mac Miller ft. Ghosty - Born On Halloween (World Wide Exclusive),MP3,320,44100,2,237.0695,,,True,True,
MAC MILLER - DISCOGRAPHY [CHANNEL NEO]/[2011] Black Friday (Mixtape)/13 - Mac Miller ft. Beedie & Jimmie Hoffa - Cartel Gathering (RARE Unreleased).mp3,Mac Miller,Mac Miller ft. Beedie & Jimmie Hoffa - Cartel Gathering (RARE Unreleased),MP3,320,44100,2,165.3728,,,True,True,
MAC MILLER - DISCOGRAPHY [CHANNEL NEO]/[2011] Black Friday (Mixtape)/11 - Successful (World Wide Exclusive).mp3,Mac Miller,Successful (World Wide Exclusive),MP3,320,44100,2,143.9186,,,True,True,
MAC MILLER - DISCOGRAPHY [CHANNEL NEO]/[2011] Black Friday (Mixtape)/08 - When The Money Comin Slow (Prod. by Rod Da Blizz) (World Wide Exclusive).mp3,Mac Miller,When The Money Comin Slow (Prod. by Rod Da Blizz) (World Wide Exclusive),MP3,320,44100,2,229.4744,,,True,True,
MAC MILLER - DISCOGRAPHY [CHANNEL NEO]/[2011] Black Friday (Mixtape)/12 - Mac Miller ft. Jimmie Hoffa - On My Grind (RARE Unrelased).mp3,Mac Miller,Mac Miller ft. Jimmie Hoffa - On My Grind (RARE Unrelased),MP3,320,44100,2,209.8994,,,True,True,
MAC MILLER - DISCOGRAPHY [CHANNEL NEO]/[2011] Black Friday (Mixtape)/03 - What If  (Prod. by James Moore) (World Wide Exclusive).mp3,Mac Miller,What If  (Prod. by James Moore) (World Wide Exclusive),MP3,320,44100,2,172.6808,,,True,True,
MAC MILLER - DISCOGRAPHY [CHANNEL NEO]/Mac Miller - Macadelic Mixtape/02 - Desperado (prod. ID Labs).mp3,Mac Miller,Desperado (prod. ID Labs),MP3,320,44100,2,240.303625,,,True,True,
MAC MILLER - DISCOGRAPHY [CHANNEL NEO]/Mac Miller - Macadelic Mixtape/05 - Aliens Fighting Robots (feat. Sir Michael Rocks) (prod. Brandun Deshay).mp3,Mac Miller,Aliens Fighting Robots (feat. Sir Michael Rocks) (prod. Brandun Deshay),MP3,320,44100,2,279.6179,,,True,True,
MAC MILLER - DISCOGRAPHY [CHANNEL NEO]/Mac Miller - Macadelic Mixtape/09 - The Mourning After (prod. Two Fresh).mp3,Mac Miller,The Mourning After (prod. Two Fresh),MP3,320,44100,2,187.954225,,,True,True,
MAC MILLER - DISCOGRAPHY [CHANNEL NEO]/Mac Miller - Macadelic Mixtape/08 - Lucky Ass Bitch (feat. Juicy J) (prod. Lex Luger).mp3,Mac Miller,Lucky Ass Bitch (feat. Juicy J) (prod. Lex Luger),MP3,320,44100,2,257.5183,,,True,True,
MAC MILLER - DISCOGRAPHY [CHANNEL NEO]/Mac Miller - Macadelic Mixtape/07 - Fight The Feeling (feat. Kendrick Lamar & Iman Omari) (prod. Iman Omari).mp3,Mac Miller,Fight The Feeling (feat. Kendrick Lamar & Iman Omari) (prod. Iman Omari),MP3,320,44100,2,301.56075,,,True,True,
MAC MILLER - DISCOGRAPHY [CHANNEL NEO]/Mac Miller - Macadelic Mixtape/15 - Clarity (prod. ID Labs & Ritz Reynolds).mp3,Mac Miller,Clarity (prod. ID Labs & Ritz Reynolds),MP3,320,44100,2,275.046475,,,True,True,
MAC MILLER - DISCOGRAPHY [CHANNEL NEO]/Mac Miller - Macadelic Mixtape/13 - Angels (When She Shuts Her Eyes) (prod. Clams Casino).mp3,Mac Miller,Angels (When She Shuts Her Eyes) (prod. Clams Casino),MP3,320,44100,2,202.791775,,,True,True,
MAC MILLER - DISCOGRAPHY [CHANNEL NEO]/Mac Miller - Macadelic Mixtape/01 - Love Me As I Have Loved You (prod. Ritz Reynolds).mp3,Mac Miller,Love Me As I Have Loved You (prod. Ritz Reynolds),MP3,320,44100,2,75.418725,,,True,True,
MAC MILLER - DISCOGRAPHY [CHANNEL NEO]/Mac Miller - Macadelic Mixtape/17 - Fuck 'Em All (prod. ID Labs).mp3,Mac Miller,Fuck 'Em All (prod. ID Labs),MP3,320,44100,2,263.421975,,,True,True,
MAC MILLER - DISCOGRAPHY [CHANNEL NEO]/Mac Miller - Macadelic Mixtape/11 - Ignorant (feat. Cam'ron) (prod. Cardo).mp3,Mac Miller,Ignorant (feat. Cam'ron) (prod. Cardo),MP3,320,44100,2,213.68485,,,True,True,
MAC MILLER - DISCOGRAPHY [CHANNEL NEO]/Mac Miller - Macadelic Mixtape/16 - America (feat. Casey Veggies & Joey Bada$$) (prod. Hannibal King).mp3,Mac Miller,America (feat. Casey Veggies & Joey Bada$$) (prod. Hannibal King),MP3,320,44100,2,273.348525,,,True,True,
MAC MILLER - DISCOGRAPHY [CHANNEL NEO]/Mac Miller - Macadelic Mixtape/10 - 1 Threw 8 (prod. Black Diamond).mp3,Mac Miller,1 Threw 8 (prod. Black Diamond),MP3,320,44100,2,237.168925,,,True,True,
MAC MILLER - DISCOGRAPHY [CHANNEL NEO]/Mac Miller - Macadelic Mixtape/12 - The Question (feat. Lil Wayne) (prod. Wally West & ID Labs).mp3,Mac Miller,The Question (feat. Lil Wayne) (prod. Wally West & ID Labs),MP3,320,44100,2,353.6228,,,True,True,
MAC MILLER - DISCOGRAPHY [CHANNEL NEO]/Mac Miller - Macadelic Mixtape/03 - Loud (prod. ID Labs).mp3,Mac Miller,Loud (prod. ID Labs),MP3,320,44100,2,181.3975,,,True,True,
MAC MILLER - DISCOGRAPHY [CHANNEL NEO]/Mac Miller - Macadelic Mixtape/14 - Sunlight (feat. Iman Omari) (prod. Teddy Roxpin).mp3,Mac Miller,Sunlight (feat. Iman Omari) (prod. Teddy Roxpin),MP3,320,44100,2,188.79015,,,True,True,
MAC MILLER - DISCOGRAPHY [CHANNEL NEO]/Mac Miller - Macadelic Mixtape/04 - Thoughts From A Balcony (prod. Sap).mp3,Mac Miller,Thoughts From A Balcony (prod. Sap),MP3,320,44100,2,185.7077,,,True,True,
MAC MILLER - DISCOGRAPHY [CHANNEL NEO]/Mac Miller - Macadelic Mixtape/06 - Vitamins (prod. ID Labs).mp3,Mac Miller,Vitamins (prod. ID Labs),MP3,320,44100,2,223.24565,,,True,True,
MAC MILLER - DISCOGRAPHY [CHANNEL NEO]/[2011] Best Day Ever (Mixtape)/06 - Wear My Hat Prod By  Chuck Inglish.mp3,Mac Miller,Wear My Hat (Prod. By  Chuck I,MP3,256,48000,2,240.864,,,True,True,
MAC MILLER - DISCOGRAPHY [CHANNEL NEO]/[2011] Best Day Ever (Mixtape)/11 - Play Ya Cards Right (Prod. By  Chuck Inglish).mp3,Mac Miller,Play Ya Cards Right (Prod. By,MP3,256,48000,2,138.792,,,True,True,
MAC MILLER - DISCOGRAPHY [CHANNEL NEO]/[2011] Best Day Ever (Mixtape)/13 - Life Aint Easy (Prod. By  ID Labs).mp3,Mac Miller,Life Aint Easy (Prod. By  ID L,MP3,256,48000,2,157.584,,,True,True,
MAC MILLER - DISCOGRAPHY [CHANNEL NEO]/[2011] Best Day Ever (Mixtape)/03 - Donald Trump Prod By  Sap.mp3,Mac Miller,Donald Trump (Prod. By  Sap),MP3,256,48000,2,164.64,,,True,True,
MAC MILLER - DISCOGRAPHY [CHANNEL NEO]/[2011] Best Day Ever (Mixtape)/15 - Keep Floatin (feat. Wiz Khalifa) (Prod. By  ID Lab.mp3,Mac Miller,Keep Floatin (feat. Wiz Khalif,MP3,256,48000,2,253.392,,,True,True,
MAC MILLER - DISCOGRAPHY [CHANNEL NEO]/[2011] Best Day Ever (Mixtape)/05 - Ill Be There feat Phonte Prod By  Beanz n.mp3,Mac Miller,I'll Be There (feat. Phonte) (,MP3,256,48000,2,191.688,,,True,True,
MAC MILLER - DISCOGRAPHY [CHANNEL NEO]/[2011] Best Day Ever (Mixtape)/04 - Oy Vey Prod By  ID Labs.mp3,Mac Miller,Oy Vey (Prod. By  ID Labs),MP3,256,48000,2,208.08,,,True,True,
MAC MILLER - DISCOGRAPHY [CHANNEL NEO]/[2011] Best Day Ever (Mixtape)/09 - Down The Rabbit Hole (Prod. By  Blue of The Sore L.mp3,Mac Miller,Down The Rabbit Hole (Prod. By,MP3,256,48000,2,193.368,,,True,True,
MAC MILLER - DISCOGRAPHY [CHANNEL NEO]/[2011] Best Day Ever (Mixtape)/08 - All Around The World (Prod. By  Just Blaze).mp3,Mac Miller,All Around The World (Prod. By,MP3,256,48000,2,221.688,,,True,True,
MAC MILLER - DISCOGRAPHY [CHANNEL NEO]/[2011] Best Day Ever (Mixtape)/16 - BDE Bonus (Prod. By  ID Labs).mp3,Mac Miller,BDE Bonus (Prod. By  ID Labs),MP3,256,48000,2,252.816,,,True,True,
MAC MILLER - DISCOGRAPHY [CHANNEL NEO]/[2011] Best Day Ever (Mixtape)/01 - Best Day Ever Prod By  ID Labs.mp3,Mac Miller,Best Day Ever (Prod. By  ID La,MP3,256,48000,2,159.072,,,True,True,
MAC MILLER - DISCOGRAPHY [CHANNEL NEO]/[2011] Best Day Ever (Mixtape)/07 - Wake Up Prod By  Sap  ID Labs.mp3,Mac Miller,Wake Up (Prod. By  Sap & ID La,MP3,256,48000,2,234.768,,,True,True,
MAC MILLER - DISCOGRAPHY [CHANNEL NEO]/[2011] Best Day Ever (Mixtape)/10 - In The Air (Prod. By  Ritz Reynolds).mp3,Mac Miller,In The Air (Prod. By  Ritz Rey,MP3,256,48000,2,173.688,,,True,True,
MAC MILLER - DISCOGRAPHY [CHANNEL NEO]/[2011] Best Day Ever (Mixtape)/02 - Get Up Prod By  Teddy Roxpin.mp3,Mac Miller,Get Up! (Prod. By  Teddy Roxpi,MP3,256,48000,2,158.112,,,True,True,
MAC MILLER - DISCOGRAPHY [CHANNEL NEO]/[2011] Best Day Ever (Mixtape)/12 - She Said (Prod. By  Khrysis).mp3,Mac Miller,She Said (Prod. By  Khrysis),MP3,256,48000,2,166.848,,,True,True,
MAC MILLER - DISCOGRAPHY [CHANNEL NEO]/[2011] Best Day Ever (Mixtape)/14 - Snooze (Prod. By  ID Labs).mp3,Mac Miller,Snooze (Prod. By  ID Labs),MP3,256,48000,2,169.776,,,True,True,
MAC MILLER - DISCOGRAPHY [CHANNEL NEO]/[2011] Blue Slide Park/02 - Blue Slide Park.mp3,Mac Miller,Blue Slide Park,MP3,320,44100,2,144.93333333333334,,,True,True,
MAC MILLER - DISCOGRAPHY [CHANNEL NEO]/[2011] Blue Slide Park/03 - Party On Fifth Ave.mp3,Mac Miller,Party On Fifth Ave,MP3,320,44100,2,173.14666666666668,,,True,True,
MAC MILLER - DISCOGRAPHY [CHANNEL NEO]/[2011] Blue Slide Park/15 - Man In The Hat.mp3,Mac Miller,Man In The Hat,MP3,320,44100,2,196.57333333333332,,,True,True,
MAC MILLER - DISCOGRAPHY [CHANNEL NEO]/[2011] Blue Slide Park/05 - Frick Park Market.mp3,Mac Miller,Frick Park Market,MP3,320,44100,2,196.64,,,True,True,
MAC MILLER - DISCOGRAPHY [CHANNEL NEO]/[2011] Blue Slide Park/01 - English Lane.mp3,Mac Miller,English Lane,MP3,320,44100,2,95.36,,,True,True,
MAC MILLER - DISCOGRAPHY [CHANNEL NEO]/[2011] Blue Slide Park/07 - Under The Weather.mp3,Mac Miller,Under The Weather,MP3,320,44100,2,260.7733333333333,,,True,True,
MAC MILLER - DISCOGRAPHY [CHANNEL NEO]/[2011] Blue Slide Park/12 - Hole In The Pocket.mp3,Mac Miller,Hole In The Pocket,MP3,320,44100,2,35.72,,,True,True,
MAC MILLER - DISCOGRAPHY [CHANNEL NEO]/[2011] Blue Slide Park/16 - One Last Thing.mp3,Mac Miller,One Last Thing,MP3,320,44100,2,178.92,,,True,True,
MAC MILLER - DISCOGRAPHY [CHANNEL NEO]/[2011] Blue Slide Park/06 - Smile Back.mp3,Mac Miller,Smile Back,MP3,320,44100,2,163.76,,,True,True,
MAC MILLER - DISCOGRAPHY [CHANNEL NEO]/[2011] Blue Slide Park/09 - My Team.mp3,Mac Miller,My Team,MP3,320,44100,2,142.6,,,True,True,
MAC MILLER - DISCOGRAPHY [CHANNEL NEO]/[2011] Blue Slide Park/10 - Up All Night.mp3,Mac Miller,Up All Night,MP3,320,44100,2,209.10666666666665,,,True,True,
MAC MILLER - DISCOGRAPHY [CHANNEL NEO]/[2011] Blue Slide Park/04 - PA Nights.mp3,Mac Miller,PA Nights,MP3,320,44100,2,183.72,,,True,True,
MAC MILLER - DISCOGRAPHY [CHANNEL NEO]/[2011] Blue Slide Park/11 - Loitering.mp3,Mac Miller,Loitering,MP3,320,44100,2,190.76,,,True,True,
MAC MILLER - DISCOGRAPHY [CHANNEL NEO]/[2011] Blue Slide Park/13 - Diamonds & Gold.mp3,Mac Miller,Diamonds & Gold,MP3,320,44100,2,199.61333333333334,,,True,True,
MAC MILLER - DISCOGRAPHY [CHANNEL NEO]/[2011] Blue Slide Park/14 - Missed Calls.mp3,Mac Miller,Missed Calls,MP3,320,44100,2,178.48,,,True,True,
MAC MILLER - DISCOGRAPHY [CHANNEL NEO]/[2011] Blue Slide Park/08 - Of The Soul.mp3,Mac Miller,Of The Soul,MP3,320,44100,2,208.0,,,True,True,
MAC MILLER - DISCOGRAPHY [CHANNEL NEO]/[2007] But My Mackin' Ain't Easy (Mixtape)/03 - Take Me To Paradise (feat. Teressa LaGamba).mp3,Mac Miller,Take Me To Paradise (feat. Teressa LaGamba),MP3,256,48000,2,259.896,,,True,True,
MAC MILLER - DISCOGRAPHY [CHANNEL NEO]/[2007] But My Mackin' Ain't Easy (Mixtape)/01 - J's On My Feet.mp3,Mac Miller,J's On My Feet,MP3,256,48000,2,303.312,,,True,True,
MAC MILLER - DISCOGRAPHY [CHANNEL NEO]/[2007] But My Mackin' Ain't Easy (Mixtape)/02 - Barz 4 Dayz.mp3,Mac Miller,Barz 4 Dayz,MP3,256,48000,2,224.16,,,True,True,
MAC MILLER - DISCOGRAPHY [CHANNEL NEO]/[2007] But My Mackin' Ain't Easy (Mixtape)/05 - Get Mine's.mp3,Mac Miller,Get Mine's,MP3,256,48000,2,283.56,,,True,True,
MAC MILLER - DISCOGRAPHY [CHANNEL NEO]/[2007] But My Mackin' Ain't Easy (Mixtape)/08 - Come Around (feat. B.DuBB).mp3,Mac Miller,Come Around (feat. B.DuBB),MP3,256,48000,2,272.784,,,True,True,
MAC MILLER - DISCOGRAPHY [CHANNEL NEO]/[2007] But My Mackin' Ain't Easy (Mixtape)/09 - I'm In Love With This Bud (feat. Young Brody).mp3,Mac Miller,I'm In Love With This Bud (feat. Young Brody),MP3,256,48000,2,171.432,,,True,True,
MAC MILLER - DISCOGRAPHY [CHANNEL NEO]/[2007] But My Mackin' Ain't Easy (Mixtape)/06 - Gotta Make Money.mp3,Mac Miller,Gotta Make Money,MP3,256,48000,2,207.0,,,True,True,
MAC MILLER - DISCOGRAPHY [CHANNEL NEO]/[2007] But My Mackin' Ain't Easy (Mixtape)/04 - Cruisin'.mp3,Mac Miller,Cruisin',MP3,256,48000,2,275.472,,,True,True,
MAC MILLER - DISCOGRAPHY [CHANNEL NEO]/[2007] But My Mackin' Ain't Easy (Mixtape)/07 - Smoke Signals (feat. John Records).mp3,Mac Miller,Smoke Signals (feat. John Records),MP3,256,48000,2,208.176,,,True,True,
MAC MILLER - DISCOGRAPHY [CHANNEL NEO]/[2009] DJ Mynd Tek Music 4 Tha Mynd Vol. 3 Hosted by Mac Miller/15 - Code Of The Streets.mp3,Dutch NY,Code Of The Streets,MP3,256,48000,2,91.608,,,True,True,
MAC MILLER - DISCOGRAPHY [CHANNEL NEO]/[2009] DJ Mynd Tek Music 4 Tha Mynd Vol. 3 Hosted by Mac Miller/08 - The Odds.mp3,Gamble Royale,The Odds,MP3,256,48000,2,140.52,,,True,True,
MAC MILLER - DISCOGRAPHY [CHANNEL NEO]/[2009] DJ Mynd Tek Music 4 Tha Mynd Vol. 3 Hosted by Mac Miller/16 - Unfaithful.mp3,Mac Miller,Unfaithful,MP3,256,48000,2,161.904,,,True,True,
MAC MILLER - DISCOGRAPHY [CHANNEL NEO]/[2009] DJ Mynd Tek Music 4 Tha Mynd Vol. 3 Hosted by Mac Miller/20 - I think I'm In Love (Prod. S. Class).mp3,Mac Miller,I think I'm In Love (Prod. S. Class),MP3,256,48000,2,180.672,,,True,True,
MAC MILLER - DISCOGRAPHY [CHANNEL NEO]/[2009] DJ Mynd Tek Music 4 Tha Mynd Vol. 3 Hosted by Mac Miller/11 - Interlude.mp3,Mac Miller,Interlude,MP3,256,48000,2,8.832,,,True,True,
MAC MILLER - DISCOGRAPHY [CHANNEL NEO]/[2009] DJ Mynd Tek Music 4 Tha Mynd Vol. 3 Hosted by Mac Miller/06 - Love My Name (Prod. J Boss).mp3,Mac Miller Ft. John Record,Love My Name (Prod. J Boss),MP3,256,48000,2,199.464,,,True,True,
MAC MILLER - DISCOGRAPHY [CHANNEL NEO]/[2009] DJ Mynd Tek Music 4 Tha Mynd Vol. 3 Hosted by Mac Miller/05 - Critically Acclaimed (Off 100 Proof (The Hangover)).mp3,"Statik Selektah Ft Lil Fame of M.O.P., Saigon & Sean Price",Critically Acclaimed (Off 100 Proof (The Hangover)),MP3,256,48000,2,207.6,,,True,True,
MAC MILLER - DISCOGRAPHY [CHANNEL NEO]/[2009] DJ Mynd Tek Music 4 Tha Mynd Vol. 3 Hosted by Mac Miller/04 - Mug So Mean (Produced by Architect).mp3,Cryptic Wisdom,Mug So Mean (Produced by Architect),MP3,256,48000,2,210.48,,,True,True,
MAC MILLER - DISCOGRAPHY [CHANNEL NEO]/[2009] DJ Mynd Tek Music 4 Tha Mynd Vol. 3 Hosted by Mac Miller/07 - Hell of A Life (Prod. By FreQ).mp3,Cliff Po Ft. Federro,Hell of A Life (Prod. By FreQ),MP3,256,48000,2,185.904,,,True,True,
MAC MILLER - DISCOGRAPHY [CHANNEL NEO]/[2009] DJ Mynd Tek Music 4 Tha Mynd Vol. 3 Hosted by Mac Miller/21 - Outro.mp3,Mac Miller,Outro,MP3,256,48000,2,19.68,,,True,True,
MAC MILLER - DISCOGRAPHY [CHANNEL NEO]/[2009] DJ Mynd Tek Music 4 Tha Mynd Vol. 3 Hosted by Mac Miller/19 - Secret Lover.mp3,Clyde Carson,Secret Lover,MP3,256,48000,2,201.624,,,True,True,
MAC MILLER - DISCOGRAPHY [CHANNEL NEO]/[2009] DJ Mynd Tek Music 4 Tha Mynd Vol. 3 Hosted by Mac Miller/10 - Let Me Ride.mp3,"Hannibal King feat. El Prez, Cambatta, & Mike Milan",Let Me Ride,MP3,256,48000,2,177.72,,,True,True,
MAC MILLER - DISCOGRAPHY [CHANNEL NEO]/[2009] DJ Mynd Tek Music 4 Tha Mynd Vol. 3 Hosted by Mac Miller/12 - Live My Life (Prod. Soul Theory).mp3,Mac Miller,Live My Life (Prod. Soul Theory),MP3,256,48000,2,201.84,,,True,True,
MAC MILLER - DISCOGRAPHY [CHANNEL NEO]/[2009] DJ Mynd Tek Music 4 Tha Mynd Vol. 3 Hosted by Mac Miller/01 - Intro.mp3,Mac Miller,Intro,MP3,256,48000,2,18.768,,,True,True,
MAC MILLER - DISCOGRAPHY [CHANNEL NEO]/[2009] DJ Mynd Tek Music 4 Tha Mynd Vol. 3 Hosted by Mac Miller/13 - The World Don't Stop.mp3,Eon,The World Don't Stop,MP3,256,48000,2,107.496,,,True,True,
MAC MILLER - DISCOGRAPHY [CHANNEL NEO]/[2009] DJ Mynd Tek Music 4 Tha Mynd Vol. 3 Hosted by Mac Miller/03 - Run This Town (freestyle).mp3,Boaz,Run This Town (freestyle),MP3,256,48000,2,167.28,,,True,True,
MAC MILLER - DISCOGRAPHY [CHANNEL NEO]/[2009] DJ Mynd Tek Music 4 Tha Mynd Vol. 3 Hosted by Mac Miller/17 - Don't Stop.mp3,Esso,Don't Stop,MP3,256,48000,2,154.824,,,True,True,
MAC MILLER - DISCOGRAPHY [CHANNEL NEO]/[2009] DJ Mynd Tek Music 4 Tha Mynd Vol. 3 Hosted by Mac Miller/09 - This What We Be On.mp3,B-Boy Fidget Ft. Luke G & 33 & A 3rd,This What We Be On,MP3,256,48000,2,227.04,,,True,True,
MAC MILLER - DISCOGRAPHY [CHANNEL NEO]/[2009] DJ Mynd Tek Music 4 Tha Mynd Vol. 3 Hosted by Mac Miller/02 - Dumb it Down(freestyle).mp3,Mac Miller,Dumb it Down(freestyle),MP3,256,48000,2,174.552,,,True,True,
MAC MILLER - DISCOGRAPHY [CHANNEL NEO]/[2009] DJ Mynd Tek Music 4 Tha Mynd Vol. 3 Hosted by Mac Miller/14 - Close to me.mp3,"Subliminal Ft. Jay Red, J. Rambo",Close to me,MP3,256,48000,2,258.072,,,True,True,
MAC MILLER - DISCOGRAPHY [CHANNEL NEO]/[2009] DJ Mynd Tek Music 4 Tha Mynd Vol. 3 Hosted by Mac Miller/18 - Stainless.mp3,"Iconn Ft. Warbux, DZK",Stainless,MP3,256,48000,2,273.408,,,True,True,
MAC MILLER - DISCOGRAPHY [CHANNEL NEO]/[2011] On and On and Beyond [EP]/01 - Put It On.mp3,Mac Miller,Put It On,MP3,320,48000,2,195.216,,,True,True,
MAC MILLER - DISCOGRAPHY [CHANNEL NEO]/[2011] On and On and Beyond [EP]/05 - In the Air.mp3,Mac Miller,In the Air,MP3,320,48000,2,177.528,,,True,True,
MAC MILLER - DISCOGRAPHY [CHANNEL NEO]/[2011] On and On and Beyond [EP]/02 - Live Free.mp3,Mac Miller,Live Free,MP3,320,48000,2,193.608,,,True,True,
MAC MILLER - DISCOGRAPHY [CHANNEL NEO]/[2011] On and On and Beyond [EP]/04 - Life Ain't Easy.mp3,Mac Miller,Life Ain't Easy,MP3,320,48000,2,161.472,,,True,True,
MAC MILLER - DISCOGRAPHY [CHANNEL NEO]/[2011] On and On and Beyond [EP]/03 - On and On.mp3,Mac Miller,On and On,MP3,320,48000,2,190.344,,,True,True,
MAC MILLER - DISCOGRAPHY [CHANNEL NEO]/[2011] On and On and Beyond [EP]/06 - Another Night.mp3,Mac Miller,Another Night,MP3,320,48000,2,176.112,,,True,True,
MAC MILLER - DISCOGRAPHY [CHANNEL NEO]/[Unreleased]/07 - I love high school.mp3,Mac Miller,I love high school,MP3,256,48000,2,214.44,,,True,True,
MAC MILLER - DISCOGRAPHY [CHANNEL NEO]/[Unreleased]/03 - 82-92.mp3,Mac Miller,82-92,MP3,256,48000,2,217.032,,,True,True,
MAC MILLER - DISCOGRAPHY [CHANNEL NEO]/[Unreleased]/14 - Nothing On Me.mp3,Mac Miller,Nothing On Me,MP3,256,48000,2,226.08,,,True,True,
MAC MILLER - DISCOGRAPHY [CHANNEL NEO]/[Unreleased]/18 - EXTRA EXTRA feat. Rapsody   Halo.mp3,Mac Miller,EXTRA EXTRA feat. Rapsody   Halo,MP3,256,48000,2,272.208,,,True,True,
MAC MILLER - DISCOGRAPHY [CHANNEL NEO]/[Unreleased]/09 - The Game Of Life.mp3,Mac Miller,The Game Of Life,MP3,256,48000,2,188.808,,,True,True,
"MAC MILLER - DISCOGRAPHY [CHANNEL NEO]/[Unreleased]/16 - Facebook Girl feat. Kurtiz the Kid, Mr. Manhattan, AT.mp3",Mac Miller,"Facebook Girl feat. Kurtiz the Kid, Mr. Manhattan, AT",MP3,256,48000,2,300.6,,,True,True,
MAC MILLER - DISCOGRAPHY [CHANNEL NEO]/[Unreleased]/02 - Purple.mp3,Mac Miller,Purple,MP3,256,48000,2,245.28,,,True,True,
MAC MILLER - DISCOGRAPHY [CHANNEL NEO]/[Unreleased]/11 - Live My Life.mp3,Mac Miller,Live My Life,MP3,256,48000,2,201.84,,,True,True,
MAC MILLER - DISCOGRAPHY [CHANNEL NEO]/[Unreleased]/15 - Something About You.mp3,Mac Miller,Something About You,MP3,256,48000,2,236.592,,,True,True,
MAC MILLER - DISCOGRAPHY [CHANNEL NEO]/[Unreleased]/13 - Blog Is Hot.mp3,Mac Miller,Blog Is Hot,MP3,256,48000,2,152.64,,,True,True,
MAC MILLER - DISCOGRAPHY [CHANNEL NEO]/[Unreleased]/08 - Talk About.mp3,Mac Miller,Talk About,MP3,256,48000,2,179.496,,,True,True,
MAC MILLER - DISCOGRAPHY [CHANNEL NEO]/[Unreleased]/05 - I think I'm In Love.mp3,Mac Miller,I think I'm In Love,MP3,256,48000,2,180.672,,,True,True,
MAC MILLER - DISCOGRAPHY [CHANNEL NEO]/[Unreleased]/12 - Curious.mp3,Mac Miller,Curious,MP3,256,48000,2,228.648,,,True,True,
MAC MILLER - DISCOGRAPHY [CHANNEL NEO]/[Unreleased]/01 - Open your eyes feat. Chiddy Bang.mp3,Mac Miller,Open your eyes feat. Chiddy Bang,MP3,256,48000,2,177.84,,,True,True,
MAC MILLER - DISCOGRAPHY [CHANNEL NEO]/[Unreleased]/04 - Nothing Can Stop Me  feat. Yung Brody.mp3,Mac Miller,Nothing Can Stop Me  feat. Yung Brody,MP3,256,48000,2,154.608,,,True,True,
MAC MILLER - DISCOGRAPHY [CHANNEL NEO]/[Unreleased]/17 - Live it up.mp3,Mac Miller,Live it up,MP3,256,48000,2,180.624,,,True,True,
MAC MILLER - DISCOGRAPHY [CHANNEL NEO]/[Unreleased]/10 - So What feat. Wale.mp3,Mac Miller,So What feat. Wale,MP3,256,48000,2,158.496,,,True,True,
MAC MILLER - DISCOGRAPHY [CHANNEL NEO]/[2011] Mac & Yellow (Mixtape)/01 - Cold Feet.mp3,Mac Miller,Cold Feet,MP3,256,48000,2,113.064,,,True,True,
MAC MILLER - DISCOGRAPHY [CHANNEL NEO]/[2011] Mac & Yellow (Mixtape)/11 - Get It Again.mp3,Mac Miller,Get It Again,MP3,256,48000,2,164.808,,,True,True,
MAC MILLER - DISCOGRAPHY [CHANNEL NEO]/[2011] Mac & Yellow (Mixtape)/18 - She Said.mp3,Mac Miller,She Said,MP3,256,48000,2,183.144,,,True,True,
MAC MILLER - DISCOGRAPHY [CHANNEL NEO]/[2011] Mac & Yellow (Mixtape)/17 - Open Your Eyes.mp3,Mac Miller,Open Your Eyes,MP3,256,48000,2,146.112,,,True,True,
MAC MILLER - DISCOGRAPHY [CHANNEL NEO]/[2011] Mac & Yellow (Mixtape)/06 - Just A Kid.mp3,Mac Miller,Just A Kid,MP3,256,48000,2,156.288,,,True,True,
MAC MILLER - DISCOGRAPHY [CHANNEL NEO]/[2011] Mac & Yellow (Mixtape)/05 - Whateva.mp3,Mac Miller,Whateva,MP3,256,48000,2,194.496,,,True,True,
MAC MILLER - DISCOGRAPHY [CHANNEL NEO]/[2011] Mac & Yellow (Mixtape)/16 - Middle Finger.mp3,Mac Miller,Middle Finger,MP3,256,48000,2,213.336,,,True,True,
MAC MILLER - DISCOGRAPHY [CHANNEL NEO]/[2011] Mac & Yellow (Mixtape)/15 - Love Lost.mp3,Mac Miller,Love Lost,MP3,256,48000,2,165.432,,,True,True,
MAC MILLER - DISCOGRAPHY [CHANNEL NEO]/[2011] Mac & Yellow (Mixtape)/14 - Heatwave.mp3,Mac Miller,Heatwave,MP3,256,48000,2,170.208,,,True,True,
MAC MILLER - DISCOGRAPHY [CHANNEL NEO]/[2011] Mac & Yellow (Mixtape)/13 - Incense.mp3,Mac Miller,Incense,MP3,256,48000,2,307.152,,,True,True,
MAC MILLER - DISCOGRAPHY [CHANNEL NEO]/[2011] Mac & Yellow (Mixtape)/02 - Speaking In Tungs (Freestyle).mp3,Mac Miller,Speaking In Tungs (Freestyle),MP3,256,48000,2,79.248,,,True,True,
MAC MILLER - DISCOGRAPHY [CHANNEL NEO]/[2011] Mac & Yellow (Mixtape)/19 - Like Aaay!.mp3,Mac Miller,Like Aaay!,MP3,256,48000,2,238.608,,,True,True,
MAC MILLER - DISCOGRAPHY [CHANNEL NEO]/[2011] Mac & Yellow (Mixtape)/08 - Come On Baby.mp3,Mac Miller,Come On Baby,MP3,256,48000,2,139.056,,,True,True,
MAC MILLER - DISCOGRAPHY [CHANNEL NEO]/[2011] Mac & Yellow (Mixtape)/12 - Marco Polo.mp3,Mac Miller,Marco Polo,MP3,256,48000,2,251.952,,,True,True,
MAC MILLER - DISCOGRAPHY [CHANNEL NEO]/[2011] Mac & Yellow (Mixtape)/09 - Femme Fatale (Freestyle).mp3,Mac Miller,Femme Fatale (Freestyle),MP3,256,48000,2,79.248,,,True,True,
MAC MILLER - DISCOGRAPHY [CHANNEL NEO]/[2011] Mac & Yellow (Mixtape)/03 - The Miller Family Reunion.mp3,Mac Miller,The Miller Family Reunion,MP3,256,48000,2,172.608,,,True,True,
MAC MILLER - DISCOGRAPHY [CHANNEL NEO]/[2011] Mac & Yellow (Mixtape)/20 - Donald Trump.mp3,Mac Miller,Donald Trump,MP3,256,48000,2,166.992,,,True,True,
MAC MILLER - DISCOGRAPHY [CHANNEL NEO]/[2011] Mac & Yellow (Mixtape)/10 - Frick Park Market.mp3,Mac Miller,Frick Park Market,MP3,256,48000,2,203.424,,,True,True,
MAC MILLER - DISCOGRAPHY [CHANNEL NEO]/[2011] Mac & Yellow (Mixtape)/04 - The Drive.mp3,Mac Miller,The Drive,MP3,256,48000,2,269.304,,,True,True,
MAC MILLER - DISCOGRAPHY [CHANNEL NEO]/[2011] Mac & Yellow (Mixtape)/07 - Family First.mp3,Mac Miller,Family First,MP3,256,48000,2,133.608,,,True,True,
MAC MILLER - DISCOGRAPHY [CHANNEL NEO]/[2009] The High Life (Mixtape)/02 - Ridin' High (prod. Big Jerm).mp3,Mac Miller,Ridin' High (prod. Big Jerm),MP3,256,48000,2,107.112,,,True,True,
MAC MILLER - DISCOGRAPHY [CHANNEL NEO]/[2009] The High Life (Mixtape)/11 - Fly In Her Nikes (feat. Josh E.mp3,Mac Miller,Fly In Her Nikes (feat. Josh E,MP3,256,48000,2,204.168,,,True,True,
MAC MILLER - DISCOGRAPHY [CHANNEL NEO]/[2009] The High Life (Mixtape)/04 - Live Free (prod. J. Fish).mp3,Mac Miller,Live Free (prod. J. Fish),MP3,256,48000,2,234.264,,,True,True,
MAC MILLER - DISCOGRAPHY [CHANNEL NEO]/[2009] The High Life (Mixtape)/09 - A Million Dollars (prod. Big J.mp3,Mac Miller,A Million Dollars (prod. Big J,MP3,256,48000,2,175.992,,,True,True,
MAC MILLER - DISCOGRAPHY [CHANNEL NEO]/[2009] The High Life (Mixtape)/13 - Travellin' Man '09.mp3,Mac Miller,Travellin' Man '09,MP3,256,48000,2,246.792,,,True,True,
MAC MILLER - DISCOGRAPHY [CHANNEL NEO]/[2009] The High Life (Mixtape)/10 - I'm Ready (prod. DT Spacely).mp3,Mac Miller,I'm Ready (prod. DT Spacely),MP3,256,48000,2,232.536,,,True,True,
MAC MILLER - DISCOGRAPHY [CHANNEL NEO]/[2009] The High Life (Mixtape)/19 - Another Night (prod. Matt Grov.mp3,Mac Miller,Another Night (prod. Matt Grov,MP3,256,48000,2,177.624,,,True,True,
MAC MILLER - DISCOGRAPHY [CHANNEL NEO]/[2009] The High Life (Mixtape)/07 - Jerome Weinberg Speaks (Interl.mp3,Mac Miller,Jerome Weinberg Speaks (Interl,MP3,256,48000,2,67.176,,,True,True,
MAC MILLER - DISCOGRAPHY [CHANNEL NEO]/[2009] The High Life (Mixtape)/06 - 5 O'Clock (feat. Boaz) (prod..mp3,Mac Miller,5 O'Clock (feat. Boaz) (prod.,MP3,256,48000,2,180.192,,,True,True,
MAC MILLER - DISCOGRAPHY [CHANNEL NEO]/[2009] The High Life (Mixtape)/12 - The Finer Things.mp3,Mac Miller,The Finer Things,MP3,256,48000,2,198.072,,,True,True,
MAC MILLER - DISCOGRAPHY [CHANNEL NEO]/[2009] The High Life (Mixtape)/18 - Just My Imagination (prod. Big.mp3,Mac Miller,Just My Imagination (prod. Big,MP3,256,48000,2,151.416,,,True,True,
MAC MILLER - DISCOGRAPHY [CHANNEL NEO]/[2009] The High Life (Mixtape)/21 - BONUS  Pen Game (feat. Skyzoo.mp3,Mac Miller,BONUS  Pen Game (feat. Skyzoo,MP3,256,48000,2,220.368,,,True,True,
MAC MILLER - DISCOGRAPHY [CHANNEL NEO]/[2009] The High Life (Mixtape)/08 - Class President (prod. Uncle R.mp3,Mac Miller,Class President (prod. Uncle R,MP3,256,48000,2,138.192,,,True,True,
MAC MILLER - DISCOGRAPHY [CHANNEL NEO]/[2009] The High Life (Mixtape)/15 - One Of A Kind (prod. E. Dan).mp3,Mac Miller,One Of A Kind (prod. E. Dan),MP3,256,48000,2,224.688,,,True,True,
MAC MILLER - DISCOGRAPHY [CHANNEL NEO]/[2009] The High Life (Mixtape)/14 - Cruise Control (feat. Wiz Khalifa).mp3,Mac Miller,Cruise Control (feat. Wiz Khalifa),MP3,256,48000,2,225.696,,,True,True,
MAC MILLER - DISCOGRAPHY [CHANNEL NEO]/[2009] The High Life (Mixtape)/01 - The High Life (prod. Mac Mille.mp3,Mac Miller,The High Life (prod. Mac Mille,MP3,256,48000,2,85.56,,,True,True,
MAC MILLER - DISCOGRAPHY [CHANNEL NEO]/[2009] The High Life (Mixtape)/03 - Musical Chairs (prod. Big Jerm.mp3,Mac Miller,Musical Chairs (prod. Big Jerm,MP3,256,48000,2,246.84,,,True,True,
MAC MILLER - DISCOGRAPHY [CHANNEL NEO]/[2009] The High Life (Mixtape)/17 - Castle Made Of Sand (prod. Big.mp3,Mac Miller,Castle Made Of Sand (prod. Big,MP3,256,48000,2,218.712,,,True,True,
MAC MILLER - DISCOGRAPHY [CHANNEL NEO]/[2009] The High Life (Mixtape)/16 - Foolin' Around (prod. Big Jerm.mp3,Mac Miller,Foolin' Around (prod. Big Jerm,MP3,256,48000,2,190.056,,,True,True,
MAC MILLER - DISCOGRAPHY [CHANNEL NEO]/[2009] The High Life (Mixtape)/20 - Thanks For Coming Out.mp3,Mac Miller,Thanks For Coming Out,MP3,256,48000,2,323.112,,,True,True,
MAC MILLER - DISCOGRAPHY [CHANNEL NEO]/[2011] Most Dope Scratchbacks (Mixtape)/01 - Thanks for Coming Out (Remix).mp3,Mac Miller,Thanks for Coming Out (Remix),MP3,256,48000,2,192.024,,,True,True,
MAC MILLER - DISCOGRAPHY [CHANNEL NEO]/[2011] Most Dope Scratchbacks (Mixtape)/11 - One of a Kind (Remix).mp3,Mac Miller,One of a Kind (Remix),MP3,256,48000,2,224.328,,,True,True,
MAC MILLER - DISCOGRAPHY [CHANNEL NEO]/[2011] Most Dope Scratchbacks (Mixtape)/07 - Traffic in the Sky (Remix).mp3,Mac Miller,Traffic in the Sky (Remix),MP3,256,48000,2,219.624,,,True,True,
MAC MILLER - DISCOGRAPHY [CHANNEL NEO]/[2011] Most Dope Scratchbacks (Mixtape)/16 - Kool Aid and Frozen Pizza (Remix).mp3,Mac Miller,Kool Aid and Frozen Pizza (Remix),MP3,256,48000,2,173.088,,,True,True,
MAC MILLER - DISCOGRAPHY [CHANNEL NEO]/[2011] Most Dope Scratchbacks (Mixtape)/14 - On Some Real Shit (Remix).mp3,Mac Miller,On Some Real Shit (Remix),MP3,256,48000,2,244.68,,,True,True,
MAC MILLER - DISCOGRAPHY [CHANNEL NEO]/[2011] Most Dope Scratchbacks (Mixtape)/05 - Foolin' Around (Remix).mp3,Mac Miller,Foolin' Around (Remix),MP3,256,48000,2,253.224,,,True,True,
MAC MILLER - DISCOGRAPHY [CHANNEL NEO]/[2011] Most Dope Scratchbacks (Mixtape)/12 - Don't Mind if I Do (Remix).mp3,Mac Miller,Don't Mind if I Do (Remix),MP3,256,48000,2,135.456,,,True,True,
MAC MILLER - DISCOGRAPHY [CHANNEL NEO]/[2011] Most Dope Scratchbacks (Mixtape)/08 - Nikes on my Feet (Remix).mp3,Mac Miller,Nikes on my Feet (Remix),MP3,256,48000,2,183.648,,,True,True,
MAC MILLER - DISCOGRAPHY [CHANNEL NEO]/[2011] Most Dope Scratchbacks (Mixtape)/15 - Castle Made of Sand (Remix).mp3,Mac Miller,Castle Made of Sand (Remix),MP3,256,48000,2,213.936,,,True,True,
MAC MILLER - DISCOGRAPHY [CHANNEL NEO]/[2011] Most Dope Scratchbacks (Mixtape)/17 - The Finer Things (Screwed  Chopped).mp3,Mac Miller,The Finer Things (Screwed  Chopped),MP3,256,48000,2,258.528,,,True,True,
MAC MILLER - DISCOGRAPHY [CHANNEL NEO]/[2011] Most Dope Scratchbacks (Mixtape)/02 - K.I.D.S. (Remix).mp3,Mac Miller,K.I.D.S. (Remix),MP3,256,48000,2,210.48,,,True,True,
MAC MILLER - DISCOGRAPHY [CHANNEL NEO]/[2011] Most Dope Scratchbacks (Mixtape)/09 - Musical Chairs (Remix).mp3,Mac Miller,Musical Chairs (Remix),MP3,256,48000,2,251.904,,,True,True,
MAC MILLER - DISCOGRAPHY [CHANNEL NEO]/[2011] Most Dope Scratchbacks (Mixtape)/04 - Paper Route (Remix).mp3,Mac Miller,Paper Route (Remix),MP3,256,48000,2,188.592,,,True,True,
MAC MILLER - DISCOGRAPHY [CHANNEL NEO]/[2011] Most Dope Scratchbacks (Mixtape)/03 - Donald Trump (Remix).mp3,Mac Miller,Donald Trump (Remix),MP3,256,48000,2,191.496,,,True,True,
MAC MILLER - DISCOGRAPHY [CHANNEL NEO]/[2011] Most Dope Scratchbacks (Mixtape)/10 - Down the Rabbit Hole (Remix).mp3,Mac Miller,Down the Rabbit Hole (Remix),MP3,256,48000,2,262.992,,,True,True,
MAC MILLER - DISCOGRAPHY [CHANNEL NEO]/[2011] Most Dope Scratchbacks (Mixtape)/13 - Just My Imagination (Remix).mp3,Mac Miller,Just My Imagination (Remix),MP3,256,48000,2,177.312,,,True,True,
MAC MILLER - DISCOGRAPHY [CHANNEL NEO]/[2011] Most Dope Scratchbacks (Mixtape)/06 - She Said (Remix).mp3,Mac Miller,She Said (Remix),MP3,256,48000,2,235.92,,,True,True,
MAC MILLER - DISCOGRAPHY [CHANNEL NEO]/[2012] Macadelic (Mixtape)/02 - Desperado (prod. ID Labs).mp3,Mac Miller,Desperado (prod. ID Labs),MP3,320,44100,2,240.303625,,,True,True,
MAC MILLER - DISCOGRAPHY [CHANNEL NEO]/[2012] Macadelic (Mixtape)/05 - Aliens Fighting Robots (Feat. Sir Michael Rocks) (prod. Brandun Deshay).mp3,Mac Miller,Aliens Fighting Robots (Feat. Sir Michael Rocks) (prod. Brandun Deshay),MP3,320,44100,2,279.6179,,,True,True,
MAC MILLER - DISCOGRAPHY [CHANNEL NEO]/[2012] Macadelic (Mixtape)/09 - The Mourning After (prod. Two Fresh).mp3,Mac Miller,The Mourning After (prod. Two Fresh),MP3,320,44100,2,187.954225,,,True,True,
MAC MILLER - DISCOGRAPHY [CHANNEL NEO]/[2012] Macadelic (Mixtape)/08 - Lucky Ass Bitch (Feat. Juicy J) (prod. Lex Luger).mp3,Mac Miller,Lucky Ass Bitch (Feat. Juicy J) (prod. Lex Luger),MP3,320,44100,2,257.5183,,,True,True,
MAC MILLER - DISCOGRAPHY [CHANNEL NEO]/[2012] Macadelic (Mixtape)/07 - Fight The Feeling (Feat. Kendrick Lamar & Iman Omari) (prod. Iman Omari).mp3,Mac Miller,Fight The Feeling (Feat. Kendrick Lamar & Iman Omari) (prod. Iman Omari),MP3,320,44100,2,301.56075,,,True,True,
MAC MILLER - DISCOGRAPHY [CHANNEL NEO]/[2012] Macadelic (Mixtape)/15 - Clarity (prod. ID Labs & Ritz Reynolds).mp3,Mac Miller,Clarity (prod. ID Labs & Ritz Reynolds),MP3,320,44100,2,275.046475,,,True,True,
MAC MILLER - DISCOGRAPHY [CHANNEL NEO]/[2012] Macadelic (Mixtape)/13 - Angels (When She Shuts Her Eyes) (prod. Clams Casino).mp3,Mac Miller,Angels (When She Shuts Her Eyes) (prod. Clams Casino),MP3,320,44100,2,202.791775,,,True,True,
MAC MILLER - DISCOGRAPHY [CHANNEL NEO]/[2012] Macadelic (Mixtape)/01 - Love Me As I Have Loved You (prod. Ritz Reynolds).mp3,Mac Miller,Love Me As I Have Loved You (prod. Ritz Reynolds),MP3,320,44100,2,75.418725,,,True,True,
MAC MILLER - DISCOGRAPHY [CHANNEL NEO]/[2012] Macadelic (Mixtape)/17 - Fuck 'Em All (prod. ID Labs).mp3,Mac Miller,Fuck 'Em All (prod. ID Labs),MP3,320,44100,2,263.421975,,,True,True,
MAC MILLER - DISCOGRAPHY [CHANNEL NEO]/[2012] Macadelic (Mixtape)/11 - Ignorant (Feat. Cam'ron) (prod. Cardo).mp3,Mac Miller,Ignorant (Feat. Cam'ron) (prod. Cardo),MP3,320,44100,2,213.68485,,,True,True,
MAC MILLER - DISCOGRAPHY [CHANNEL NEO]/[2012] Macadelic (Mixtape)/16 - America (Feat. Casey Veggies & Joey Bada$$) (prod. Hannibal King).mp3,Mac Miller,America (Feat. Casey Veggies & Joey Bada$$) (prod. Hannibal King),MP3,320,44100,2,273.348525,,,True,True,
MAC MILLER - DISCOGRAPHY [CHANNEL NEO]/[2012] Macadelic (Mixtape)/10 - 1 Threw 8 (prod. Black Diamond).mp3,Mac Miller,1 Threw 8 (prod. Black Diamond),MP3,320,44100,2,237.168925,,,True,True,
MAC MILLER - DISCOGRAPHY [CHANNEL NEO]/[2012] Macadelic (Mixtape)/12 - The Question (Feat. Lil Wayne) (prod. Wally West & ID Labs).mp3,Mac Miller,The Question (Feat. Lil Wayne) (prod. Wally West & ID Labs),MP3,320,44100,2,353.6228,,,True,True,
MAC MILLER - DISCOGRAPHY [CHANNEL NEO]/[2012] Macadelic (Mixtape)/03 - Loud (prod. ID Labs).mp3,Mac Miller,Loud (prod. ID Labs),MP3,320,44100,2,181.3975,,,True,True,
MAC MILLER - DISCOGRAPHY [CHANNEL NEO]/[2012] Macadelic (Mixtape)/14 - Sunlight (Feat. Iman Omari) (prod. Teddy Roxpin).mp3,Mac Miller,Sunlight (Feat. Iman Omari) (prod. Teddy Roxpin),MP3,320,44100,2,188.79015,,,True,True,
MAC MILLER - DISCOGRAPHY [CHANNEL NEO]/[2012] Macadelic (Mixtape)/04 - Thoughts From A Balcony (prod. Sap).mp3,Mac Miller,Thoughts From A Balcony (prod. Sap),MP3,320,44100,2,185.7077,,,True,True,
MAC MILLER - DISCOGRAPHY [CHANNEL NEO]/[2012] Macadelic (Mixtape)/06 - Vitamins (prod. ID Labs).mp3,Mac Miller,Vitamins (prod. ID Labs),MP3,320,44100,2,223.24565,,,True,True,
MAC MILLER - DISCOGRAPHY [CHANNEL NEO]/[2010] Sour Hour (Mixtape)/12 - Mayo feat. Vintage Radio - Kee.mp3,Mayo,Mayo feat. Vintage Radio - Kee,MP3,256,48000,2,140.4,,,True,True,
MAC MILLER - DISCOGRAPHY [CHANNEL NEO]/[2010] Sour Hour (Mixtape)/09 - Mac Miller - Flying Away (prod.mp3,Mac Miller,Mac Miller - Flying Away (prod,MP3,256,48000,2,166.08,,,True,True,
MAC MILLER - DISCOGRAPHY [CHANNEL NEO]/[2010] Sour Hour (Mixtape)/10 - Franchise - Ride Out (prod. Ic.mp3,Franchise,Franchise - Ride Out (prod. Ic,MP3,256,48000,2,161.208,,,True,True,
MAC MILLER - DISCOGRAPHY [CHANNEL NEO]/[2010] Sour Hour (Mixtape)/02 - B. White & Mayo feat. Mac Mill.mp3,Mac Miller,B. White & Mayo feat. Mac Mill,MP3,256,48000,2,194.904,,,True,True,
MAC MILLER - DISCOGRAPHY [CHANNEL NEO]/[2010] Sour Hour (Mixtape)/05 - Mac Miller - Crumblin' 'Erb Fr.mp3,Mac Miller,Mac Miller - Crumblin' 'Erb Fr,MP3,256,48000,2,196.872,,,True,True,
MAC MILLER - DISCOGRAPHY [CHANNEL NEO]/[2010] Sour Hour (Mixtape)/06 - Tip Tha-Ill Spit - Blow (prod..mp3,Tip Tha- Ill Spit,Tip Tha-Ill Spit - Blow (prod.,MP3,256,48000,2,83.328,,,True,True,
MAC MILLER - DISCOGRAPHY [CHANNEL NEO]/[2010] Sour Hour (Mixtape)/04 - Franchise - Haze (prod. Big Je.mp3,Franchise,Franchise - Haze (prod. Big Je,MP3,256,48000,2,258.12,,,True,True,
MAC MILLER - DISCOGRAPHY [CHANNEL NEO]/[2010] Sour Hour (Mixtape)/17 - Dee Goodz & Mac Miller - Doobi.mp3,Mac Miller,Dee Goodz & Mac Miller - Doobi,MP3,256,48000,2,183.192,,,True,True,
MAC MILLER - DISCOGRAPHY [CHANNEL NEO]/[2010] Sour Hour (Mixtape)/18 - Bill The Kid & Mac Miller - Fe.mp3,Mac Miller,Bill The Kid & Mac Miller - Fe,MP3,256,48000,2,152.04,,,True,True,
MAC MILLER - DISCOGRAPHY [CHANNEL NEO]/[2010] Sour Hour (Mixtape)/11 - Chevy Woods aka Kev Tha Hustla.mp3,Kev Da Hustla,Chevy Woods aka Kev Tha Hustla,MP3,256,48000,2,138.888,,,True,True,
MAC MILLER - DISCOGRAPHY [CHANNEL NEO]/[2010] Sour Hour (Mixtape)/07 - Vintage Radio - That Music (pr.mp3,Vintage Radio,Vintage Radio - That Music (pr,MP3,256,48000,2,176.256,,,True,True,
MAC MILLER - DISCOGRAPHY [CHANNEL NEO]/[2010] Sour Hour (Mixtape)/16 - Mac Miller - Blunt Of My Mind.mp3,Mac Miller,Mac Miller - Blunt Of My Mind,MP3,256,48000,2,248.52,,,True,True,
MAC MILLER - DISCOGRAPHY [CHANNEL NEO]/[2010] Sour Hour (Mixtape)/13 - Tip Tha Ill-Spit - Haze Heads.mp3,Tip Tha- Ill Spit,Tip Tha Ill-Spit - Haze Heads,MP3,256,48000,2,112.296,,,True,True,
MAC MILLER - DISCOGRAPHY [CHANNEL NEO]/[2010] Sour Hour (Mixtape)/01 - Mac Miller - So Gone (prod. Bi.mp3,Mac Miller,Mac Miller - So Gone (prod. Bi,MP3,256,48000,2,140.76,,,True,True,
MAC MILLER - DISCOGRAPHY [CHANNEL NEO]/[2010] Sour Hour (Mixtape)/19 - BONUS  Mac Miller - Miley Cyru.mp3,Mac Miller,BONUS  Mac Miller - Miley Cyru,MP3,256,48000,2,142.56,,,True,True,
MAC MILLER - DISCOGRAPHY [CHANNEL NEO]/[2010] Sour Hour (Mixtape)/03 - Boaz - California Sunshine Fre.mp3,Boaz,Boaz - California Sunshine Fre,MP3,256,48000,2,251.208,,,True,True,
MAC MILLER - DISCOGRAPHY [CHANNEL NEO]/[2010] Sour Hour (Mixtape)/14 - BZE - Get High Freestyle.mp3,BZE,BZE - Get High Freestyle,MP3,256,48000,2,161.688,,,True,True,
MAC MILLER - DISCOGRAPHY [CHANNEL NEO]/[2010] Sour Hour (Mixtape)/08 - Lay Lanskey - Hazey.mp3,Lay Lanskey,Lay Lanskey - Hazey,MP3,256,48000,2,165.912,,,True,True,
MAC MILLER - DISCOGRAPHY [CHANNEL NEO]/[2010] Sour Hour (Mixtape)/15 - Mac Miller - Lost (prod. J. St.mp3,Mac Miller,Mac Miller - Lost (prod. J. St,MP3,256,48000,2,92.304,,,True,True,
"MAC MILLER - DISCOGRAPHY [CHANNEL NEO]/[2011] I Love Life, Thank You (Mixtape)/06 - Pranks 4 Players (feat. Sir Michael Rocks) (prod. Cardo).mp3",Mac Miller,Pranks 4 Players (feat. Sir Michael Rocks) (prod. Cardo),MP3,320,44100,2,183.5645,,,True,True,
"MAC MILLER - DISCOGRAPHY [CHANNEL NEO]/[2011] I Love Life, Thank You (Mixtape)/09 - The Miller Family Reunion (prod. Big Jerm).mp3",Mac Miller,The Miller Family Reunion (prod. Big Jerm),MP3,320,44100,2,160.1267,,,True,True,
"MAC MILLER - DISCOGRAPHY [CHANNEL NEO]/[2011] I Love Life, Thank You (Mixtape)/07 - Cold Feet (prod. Clams Casino).mp3",Mac Miller,Cold Feet (prod. Clams Casino),MP3,320,44100,2,95.9468,,,True,True,
"MAC MILLER - DISCOGRAPHY [CHANNEL NEO]/[2011] I Love Life, Thank You (Mixtape)/11 - Just A Kid (prod. E Dan).mp3",Mac Miller,Just A Kid (prod. E Dan),MP3,320,44100,2,167.6174,,,True,True,
"MAC MILLER - DISCOGRAPHY [CHANNEL NEO]/[2011] I Love Life, Thank You (Mixtape)/01 - I Love Life, Thank You (prod. Brandun Deshay).mp3",Mac Miller,"I Love Life, Thank You (prod. Brandun Deshay)",MP3,320,44100,2,222.801575,,,True,True,
"MAC MILLER - DISCOGRAPHY [CHANNEL NEO]/[2011] I Love Life, Thank You (Mixtape)/02 - People Under The Stairs.mp3",Mac Miller,People Under The Stairs,MP3,320,44100,2,93.8849,,,True,True,
"MAC MILLER - DISCOGRAPHY [CHANNEL NEO]/[2011] I Love Life, Thank You (Mixtape)/03 - Willie Dynamite (prod. Big Jerm).mp3",Mac Miller,Willie Dynamite (prod. Big Jerm),MP3,320,44100,2,237.3044,,,True,True,
"MAC MILLER - DISCOGRAPHY [CHANNEL NEO]/[2011] I Love Life, Thank You (Mixtape)/08 - Family First (feat. Talib Kweli) (prod. Like).mp3",Mac Miller,Family First (feat. Talib Kweli) (prod. Like),MP3,320,44100,2,128.8067,,,True,True,
"MAC MILLER - DISCOGRAPHY [CHANNEL NEO]/[2011] I Love Life, Thank You (Mixtape)/13 - All This (prod. E Dan).mp3",Mac Miller,All This (prod. E Dan),MP3,320,44100,2,213.5012,,,True,True,
"MAC MILLER - DISCOGRAPHY [CHANNEL NEO]/[2011] I Love Life, Thank You (Mixtape)/04 - The Scoop On Heaven (prod. 9th Wonder).mp3",Mac Miller,The Scoop On Heaven (prod. 9th Wonder),MP3,320,44100,2,162.293,,,True,True,
"MAC MILLER - DISCOGRAPHY [CHANNEL NEO]/[2011] I Love Life, Thank You (Mixtape)/10 - Boom Bap Rap (feat. The Come Up) (prod. Mac Miller & Big Jerm).mp3",Mac Miller,Boom Bap Rap (feat. The Come Up) (prod. Mac Miller & Big Jerm),MP3,320,44100,2,206.6369,,,True,True,
"MAC MILLER - DISCOGRAPHY [CHANNEL NEO]/[2011] I Love Life, Thank You (Mixtape)/12 - All That (feat. Bun B) (prod. E Dan).mp3",Mac Miller,All That (feat. Bun B) (prod. E Dan),MP3,320,44100,2,196.1969,,,True,True,
"MAC MILLER - DISCOGRAPHY [CHANNEL NEO]/[2011] I Love Life, Thank You (Mixtape)/05 - Love Lost (prod. Black Diamond).mp3",Mac Miller,Love Lost (prod. Black Diamond),MP3,320,44100,2,163.7024,,,True,True,
MAC MILLER - DISCOGRAPHY [CHANNEL NEO]/[2012] Talk About (Mixtape)/12 - The Hold Up.mp3,Mac Miller,The Hold Up,MP3,320,48000,2,210.528,,,True,True,
MAC MILLER - DISCOGRAPHY [CHANNEL NEO]/[2012] Talk About (Mixtape)/04 - Do It Again.mp3,Mac Miller,Do It Again,MP3,320,48000,2,179.52,,,True,True,
MAC MILLER - DISCOGRAPHY [CHANNEL NEO]/[2012] Talk About (Mixtape)/17 - The Ill Children (Feat. Lip The Kid).mp3,Mac Miller,The Ill Children (Feat. Lip The Kid),MP3,320,48000,2,197.496,,,True,True,
MAC MILLER - DISCOGRAPHY [CHANNEL NEO]/[2012] Talk About (Mixtape)/13  - Childs Play (Freestyle) (Feat. Ghost Writer).mp3,Mac Miller,Childs Play (Freestyle) (Feat. GhostWriter),MP3,320,48000,2,229.296,,,True,True,
MAC MILLER - DISCOGRAPHY [CHANNEL NEO]/[2012] Talk About (Mixtape)/18 - Aint I (Freestyle) (Feat. Big Will).mp3,Mac Miller,Aint I Freestyle (Feat. Big Will),MP3,320,48000,2,192.768,,,True,True,
MAC MILLER - DISCOGRAPHY [CHANNEL NEO]/[2012] Talk About (Mixtape)/09 - Whatup Dilla.mp3,Mac Miller,Whatup Dilla,MP3,320,48000,2,143.688,,,True,True,
MAC MILLER - DISCOGRAPHY [CHANNEL NEO]/[2012] Talk About (Mixtape)/07 - Open Ya Eyes (Feat. Plain English).mp3,Mac Miller,Open Ya Eyes (Feat. Plain English),MP3,320,48000,2,243.936,,,True,True,
MAC MILLER - DISCOGRAPHY [CHANNEL NEO]/[2012] Talk About (Mixtape)/14 - Same Old Shit (Feat. Plain English).mp3,Mac Miller,Same Old Shit (Feat. Plain English),MP3,320,48000,2,241.848,,,True,True,
MAC MILLER - DISCOGRAPHY [CHANNEL NEO]/[2012] Talk About (Mixtape)/10 - Like Aaay.mp3,Mac Miller,Like Aaay,MP3,320,48000,2,236.736,,,True,True,
MAC MILLER - DISCOGRAPHY [CHANNEL NEO]/[2012] Talk About (Mixtape)/02 - Tryna Get Blazed.mp3,Mac Miller,Tryna Get Blazed,MP3,320,48000,2,198.36,,,True,True,
MAC MILLER - DISCOGRAPHY [CHANNEL NEO]/[2012] Talk About (Mixtape)/01 - Crusin.mp3,Mac Miller,Crusin',MP3,320,48000,2,278.04,,,True,True,
MAC MILLER - DISCOGRAPHY [CHANNEL NEO]/[2012] Talk About (Mixtape)/16 - Know Bout That.mp3,Mac Miller,Know Bout That,MP3,320,48000,2,210.384,,,True,True,
MAC MILLER - DISCOGRAPHY [CHANNEL NEO]/[2012] Talk About (Mixtape)/11  - What It Is (Feat. Franchise).mp3,Mac Miller,What It Is (Feat. Franchise),MP3,320,48000,2,255.288,,,True,True,
MAC MILLER - DISCOGRAPHY [CHANNEL NEO]/[2012] Talk About (Mixtape)/06 - I Am Legend (Feat. John Record).mp3,Mac Miller,I Am Legend (Feat. John Record),MP3,320,48000,2,178.512,,,True,True,
MAC MILLER - DISCOGRAPHY [CHANNEL NEO]/[2012] Talk About (Mixtape)/03 - How Sick Am I.mp3,Mac Miller,How Sick Am I,MP3,320,48000,2,256.848,,,True,True,
MAC MILLER - DISCOGRAPHY [CHANNEL NEO]/[2012] Talk About (Mixtape)/19 - Gotcha Opin.mp3,Mac Miller,Gotcha Opin,MP3,320,48000,2,211.296,,,True,True,
MAC MILLER - DISCOGRAPHY [CHANNEL NEO]/[2012] Talk About (Mixtape)/15 - The Real.mp3,Mac Miller,The Real,MP3,320,48000,2,228.144,,,True,True,
MAC MILLER - DISCOGRAPHY [CHANNEL NEO]/[2012] Talk About (Mixtape)/08 - Say Goodnight (Freestyle) (Feat. Vintage).mp3,Mac Miller,Say Goodnight (Freestyle) (Feat. Vintage),MP3,320,48000,2,174.6,,,True,True,
MAC MILLER - DISCOGRAPHY [CHANNEL NEO]/[2012] Talk About (Mixtape)/05 - Bring It On (Feat. Wild Bill).mp3,Mac Miller,Bring It On (Feat. Wild ),MP3,320,48000,2,254.88,,,True,True,
Joey Bada$$ - 1999/05 - Killuminati.mp3,Joey Bada$$,Killuminati,MP3,320,44100,2,153.74009070294784,88.91,,False,True,
Joey Bada$$ - 1999/12 - Don't Front.mp3,Joey Bada$$,Don't Front,MP3,320,44100,2,261.67,93.96,,False,True,
Joey Bada$$ - 1999/13 - Righteous Minds.mp3,Joey Bada$$,Righteous Minds,MP3,320,44100,2,224.04263038548754,95.04,,False,True,
Joey Bada$$ - 1999/02 - Waves.mp3,Joey Bada$$,Waves,MP3,320,44100,2,211.6308843537415,179.76,,False,True,
Joey Bada$$ - 1999/08 - Pennyroyal.mp3,Joey Bada$$,Pennyroyal,MP3,320,44100,2,169.79648526077096,93.54,,False,True,
Joey Bada$$ - 1999/07 - World Domination.mp3,Joey Bada$$,World Domination,MP3,320,44100,2,162.7614058956916,80.59,,False,True,
Joey Bada$$ - 1999/10 - Daily Routine.mp3,Joey Bada$$,Daily Routine,MP3,320,44100,2,177.95961451247166,162.13,,False,True,
Joey Bada$$ - 1999/09 - Funky Ho'$.mp3,Joey Bada$$,Funky Ho'$,MP3,320,44100,2,269.3571882086168,86.86,,False,True,
Joey Bada$$ - 1999/06 - Hardknock.mp3,Joey Bada$$,Hardknock,MP3,320,44100,2,318.37548752834465,164.06,,False,True,
Joey Bada$$ - 1999/14 - Where It'$ At_.mp3,Joey Bada$$,Where It'$ At?,MP3,320,44100,2,248.83789115646258,162.13,,False,True,
Joey Bada$$ - 1999/15 - Third Eye Sh_t.mp3,Joey Bada$$,Third Eye Shit,MP3,320,44100,2,706.6122448979592,87.97,,False,True,
Joey Bada$$ - 1999/03 - FromdaTomb$.mp3,Joey Bada$$,FromdaTomb$,MP3,320,44100,2,204.86619047619047,93.75,,False,True,
Joey Bada$$ - 1999/04 - Survival Tactics.mp3,Joey Bada$$,Survival Tactics,MP3,320,44100,2,202.78498866213152,99.86,,False,True,
Joey Bada$$ - 1999/11 - Snakes.mp3,Joey Bada$$,Snakes,MP3,320,44100,2,259.439387755102,84.55,,False,True,
Joey Bada$$ - 1999/01 - Summer Knights.mp3,Joey Bada$$,Summer Knights,MP3,320,44100,2,116.05058956916099,95.48,,False,True,
Heavy Crownz - Trench Baby Turned Farmer Rap  Hip-Hop  (2026) 320_kbps Beats⭐/Heavy Crownz - Trench Baby Turned Farmer Rap  Hip-Hop  (2026) 320_kbps Beats⭐/01. This is a Unique Intro feat. EWRKS.mp3,Heavy Crownz,This is a Unique Intro feat. EWRKS,MP3,320,44100,2,192.6791836734694,,,True,True,
Heavy Crownz - Trench Baby Turned Farmer Rap  Hip-Hop  (2026) 320_kbps Beats⭐/Heavy Crownz - Trench Baby Turned Farmer Rap  Hip-Hop  (2026) 320_kbps Beats⭐/16. Grow Again feat. Mother Nature.mp3,Heavy Crownz,Grow Again feat. Mother Nature,MP3,320,44100,2,208.50938775510204,,,True,True,
"Heavy Crownz - Trench Baby Turned Farmer Rap  Hip-Hop  (2026) 320_kbps Beats⭐/Heavy Crownz - Trench Baby Turned Farmer Rap  Hip-Hop  (2026) 320_kbps Beats⭐/14. 2,019 Sacrifices feat. Manasseh.mp3",Heavy Crownz,"2,019 Sacrifices feat. Manasseh",MP3,320,44100,2,211.80081632653062,,,True,True,
Heavy Crownz - Trench Baby Turned Farmer Rap  Hip-Hop  (2026) 320_kbps Beats⭐/Heavy Crownz - Trench Baby Turned Farmer Rap  Hip-Hop  (2026) 320_kbps Beats⭐/05. The Lack Mindset Interlude feat. Sam Thousand.mp3,Heavy Crownz,The Lack Mindset Interlude feat. Sam Thousand,MP3,320,44100,2,43.02367346938775,,,True,True,
Heavy Crownz - Trench Baby Turned Farmer Rap  Hip-Hop  (2026) 320_kbps Beats⭐/Heavy Crownz - Trench Baby Turned Farmer Rap  Hip-Hop  (2026) 320_kbps Beats⭐/19. This is Why feat. The O'My's.mp3,Heavy Crownz,This is Why feat. The O'My's,MP3,320,44100,2,232.6204081632653,,,True,True,
Heavy Crownz - Trench Baby Turned Farmer Rap  Hip-Hop  (2026) 320_kbps Beats⭐/Heavy Crownz - Trench Baby Turned Farmer Rap  Hip-Hop  (2026) 320_kbps Beats⭐/15. Just Keep Growing Interlude feat. Chelle G.mp3,Heavy Crownz,Just Keep Growing Interlude feat. Chelle G,MP3,320,44100,2,27.219591836734693,,,True,True,
Heavy Crownz - Trench Baby Turned Farmer Rap  Hip-Hop  (2026) 320_kbps Beats⭐/Heavy Crownz - Trench Baby Turned Farmer Rap  Hip-Hop  (2026) 320_kbps Beats⭐/06. Englewood in '09.mp3,Heavy Crownz,Englewood in '09,MP3,320,44100,2,141.21795918367346,,,True,True,
Heavy Crownz - Trench Baby Turned Farmer Rap  Hip-Hop  (2026) 320_kbps Beats⭐/Heavy Crownz - Trench Baby Turned Farmer Rap  Hip-Hop  (2026) 320_kbps Beats⭐/09. Ball Courts feat. Panamera P & Ju Jilla.mp3,Heavy Crownz,Ball Courts feat. Panamera P & Ju Jilla,MP3,320,44100,2,277.9167346938776,,,True,True,
Heavy Crownz - Trench Baby Turned Farmer Rap  Hip-Hop  (2026) 320_kbps Beats⭐/Heavy Crownz - Trench Baby Turned Farmer Rap  Hip-Hop  (2026) 320_kbps Beats⭐/12. Same Conversations feat. JAAS.mp3,Heavy Crownz,Same Conversations feat. JAAS,MP3,320,44100,2,186.14857142857142,,,True,True,
Heavy Crownz - Trench Baby Turned Farmer Rap  Hip-Hop  (2026) 320_kbps Beats⭐/Heavy Crownz - Trench Baby Turned Farmer Rap  Hip-Hop  (2026) 320_kbps Beats⭐/04. Clap for Me!.mp3,Heavy Crownz,Clap for Me!,MP3,320,44100,2,188.16,,,True,True,
Heavy Crownz - Trench Baby Turned Farmer Rap  Hip-Hop  (2026) 320_kbps Beats⭐/Heavy Crownz - Trench Baby Turned Farmer Rap  Hip-Hop  (2026) 320_kbps Beats⭐/17. Time Travelin' feat. Rhymefest.mp3,Heavy Crownz,Time Travelin' feat. Rhymefest,MP3,320,44100,2,205.87102040816328,,,True,True,
Heavy Crownz - Trench Baby Turned Farmer Rap  Hip-Hop  (2026) 320_kbps Beats⭐/Heavy Crownz - Trench Baby Turned Farmer Rap  Hip-Hop  (2026) 320_kbps Beats⭐/07. Trench Baby Turned Farmer.mp3,Heavy Crownz,Trench Baby Turned Farmer,MP3,320,44100,2,162.50775510204082,,,True,True,
Heavy Crownz - Trench Baby Turned Farmer Rap  Hip-Hop  (2026) 320_kbps Beats⭐/Heavy Crownz - Trench Baby Turned Farmer Rap  Hip-Hop  (2026) 320_kbps Beats⭐/02. The Diryte Minded Interlude.mp3,Heavy Crownz,The Diryte Minded Interlude,MP3,320,44100,2,64.02612244897959,,,True,True,
Heavy Crownz - Trench Baby Turned Farmer Rap  Hip-Hop  (2026) 320_kbps Beats⭐/Heavy Crownz - Trench Baby Turned Farmer Rap  Hip-Hop  (2026) 320_kbps Beats⭐/03. Str8 Up Diryte Talk feat. Arden Bee.mp3,Heavy Crownz,Str8 Up Diryte Talk feat. Arden Bee,MP3,320,44100,2,107.15428571428572,,,True,True,
"Heavy Crownz - Trench Baby Turned Farmer Rap  Hip-Hop  (2026) 320_kbps Beats⭐/Heavy Crownz - Trench Baby Turned Farmer Rap  Hip-Hop  (2026) 320_kbps Beats⭐/10. D.A.R.E. Failed Us feat. Gr8Sky, Vic Spencer & JEFF K%NZ.mp3",Heavy Crownz,"D.A.R.E. Failed Us feat. Gr8Sky, Vic Spencer & JEFF K%NZ",MP3,320,44100,2,220.91755102040815,,,True,True,
Heavy Crownz - Trench Baby Turned Farmer Rap  Hip-Hop  (2026) 320_kbps Beats⭐/Heavy Crownz - Trench Baby Turned Farmer Rap  Hip-Hop  (2026) 320_kbps Beats⭐/08. Flowers for da Big Homies feat. Pugs Atomz & GLC.mp3,Heavy Crownz,Flowers for da Big Homies feat. Pugs Atomz & GLC,MP3,320,44100,2,198.11265306122448,,,True,True,
Heavy Crownz - Trench Baby Turned Farmer Rap  Hip-Hop  (2026) 320_kbps Beats⭐/Heavy Crownz - Trench Baby Turned Farmer Rap  Hip-Hop  (2026) 320_kbps Beats⭐/11. Trench Babies Need Love Too Interlude.mp3,Heavy Crownz,Trench Babies Need Love Too Interlude,MP3,320,44100,2,35.65714285714286,,,True,True,
"Heavy Crownz - Trench Baby Turned Farmer Rap  Hip-Hop  (2026) 320_kbps Beats⭐/Heavy Crownz - Trench Baby Turned Farmer Rap  Hip-Hop  (2026) 320_kbps Beats⭐/13. How to Win Friends feat. Elton Aura, Achillez & Lilla Sol.mp3",Heavy Crownz,"How to Win Friends feat. Elton Aura, Achillez & Lilla Sol",MP3,320,44100,2,161.12326530612245,,,True,True,
Heavy Crownz - Trench Baby Turned Farmer Rap  Hip-Hop  (2026) 320_kbps Beats⭐/Heavy Crownz - Trench Baby Turned Farmer Rap  Hip-Hop  (2026) 320_kbps Beats⭐/18. A Son's Dream feat. Lilla Sol.mp3,Heavy Crownz,A Son's Dream feat. Lilla Sol,MP3,320,44100,2,117.76,,,True,True,
Kanser-Future_Retro_Legacy-2008-FTD/04-kanser-save_the_day-ftd.mp3,Kanser,Save The Day,MP3,209,44100,2,255.94666666666666,,,True,True,
Kanser-Future_Retro_Legacy-2008-FTD/08-kanser-life_symphony-ftd.mp3,Kanser,Life Symphony,MP3,196,44100,2,315.58666666666664,,,True,True,
Kanser-Future_Retro_Legacy-2008-FTD/05-kanser-east_lake_lullaby-ftd.mp3,Kanser,East Lake Lullaby,MP3,188,44100,2,240.61333333333334,,,True,True,
Kanser-Future_Retro_Legacy-2008-FTD/10-kanser-god_made_girls-ftd.mp3,Kanser,God Made Girls,MP3,170,44100,2,286.29333333333335,,,True,True,
Kanser-Future_Retro_Legacy-2008-FTD/03-kanser-coming_out_again_(the_sunshine_song)-ftd.mp3,Kanser,Coming Out Again (The Sunshine Song),MP3,177,44100,2,237.4,,,True,True,
Kanser-Future_Retro_Legacy-2008-FTD/09-kanser-interlude-ftd.mp3,Kanser,Interlude,MP3,183,44100,2,196.52,,,True,True,
Kanser-Future_Retro_Legacy-2008-FTD/01-kanser-once_again-ftd.mp3,Kanser,Once Again,MP3,152,44100,2,30.666666666666668,,,True,True,
Kanser-Future_Retro_Legacy-2008-FTD/13-kanser-legacy-ftd.mp3,Kanser,Legacy,MP3,199,44100,2,224.57333333333332,,,True,True,
Kanser-Future_Retro_Legacy-2008-FTD/07-kanser-beaut-e-ftd.mp3,Kanser,Beaut-E,MP3,222,44100,2,249.12,,,True,True,
Kanser-Future_Retro_Legacy-2008-FTD/02-kanser-pleasent-ftd.mp3,Kanser,Pleasent,MP3,181,44100,2,275.4266666666667,,,True,True,
Kanser-Future_Retro_Legacy-2008-FTD/12-kanser-hands_on_my_time-ftd.mp3,Kanser,Hands On My Time,MP3,200,44100,2,255.12,,,True,True,
Kanser-Future_Retro_Legacy-2008-FTD/11-kanser-we_dont_know_jack-ftd.mp3,Kanser,We Don't Know Jack,MP3,202,44100,2,254.52,,,True,True,
Kanser-Future_Retro_Legacy-2008-FTD/06-kanser-tinseltown-ftd.mp3,Kanser,Tinseltown,MP3,184,44100,2,241.09333333333333,,,True,True,
Eminem/08. Antichrist.mp3,Eminem,Antichrist,MP3,320,44100,2,314.2530612244898,,,True,True,
Eminem/05. Evil.mp3,Eminem,Evil,MP3,320,44100,2,230.4,,,True,True,
Eminem/02. Habits.mp3,"Eminem, White Gold",Habits,MP3,320,44100,2,298.42285714285714,,,True,True,
Eminem/14. Head Honcho.mp3,"Eminem, Ez Mil",Head Honcho,MP3,320,44100,2,234.8669387755102,,,True,True,
Eminem/19. Somebody Save Me.mp3,"Eminem, Jelly Roll",Somebody Save Me,MP3,320,44100,2,230.24326530612245,,,True,True,
Eminem/11. Houdini.mp3,Eminem,Houdini,MP3,320,44100,2,227.08244897959185,,,True,True,
Eminem/07. Lucifer.mp3,"Eminem, Sly Pyper",Lucifer,MP3,320,44100,2,261.7991836734694,,,True,True,
Eminem/12. Breaking News (skit).mp3,Eminem,Breaking News (skit),MP3,320,44100,2,37.35510204081633,,,True,True,
Eminem/15. Temporary.mp3,"Eminem, Skylar Grey",Temporary,MP3,320,44100,2,297.71755102040817,,,True,True,
Eminem/18. Guess Who’s Back (skit).mp3,Eminem,Guess Who’s Back (skit),MP3,320,44100,2,62.902857142857144,,,True,True,
Eminem/06. All You Got (skit).mp3,Eminem,All You Got (skit),MP3,320,44100,2,24.398367346938777,,,True,True,
Eminem/09. Fuel.mp3,"Eminem, JID",Fuel,MP3,320,44100,2,213.68163265306123,,,True,True,
Eminem/16. Bad One.mp3,"Eminem, White Gold",Bad One,MP3,320,44100,2,270.05387755102043,,,True,True,
Eminem/17. Tobey.mp3,"Eminem, Big Sean, BabyTron",Tobey,MP3,320,44100,2,284.94367346938776,,,True,True,
Eminem/04. Brand New Dance.mp3,Eminem,Brand New Dance,MP3,320,44100,2,206.68081632653062,,,True,True,
Eminem/01. Renaissance.mp3,Eminem,Renaissance,MP3,320,44100,2,98.19428571428571,,,True,True,
Eminem/13. Guilty Conscience 2.mp3,Eminem,Guilty Conscience 2,MP3,320,44100,2,325.5640816326531,,,True,True,
Eminem/10. Road Rage.mp3,"Eminem, Dem Jointz, Sly Pyper",Road Rage,MP3,320,44100,2,217.78285714285715,,,True,True,
Eminem/03. Trouble.mp3,Eminem,Trouble,MP3,320,44100,2,41.53469387755102,,,True,True,
Eminem/Misc/Encore - Extra/02-02 Eminem - Love You More.flac,Eminem,Love You More,FLAC,759,44100,2,286.12,,,True,True,
Eminem/Misc/Encore - Extra/02-03 Eminem - Ricky Ticky Toc.flac,Eminem,Ricky Ticky Toc,FLAC,811,44100,2,169.58666666666667,,,True,True,
Eminem/Misc/Encore - Extra/02-01 Eminem - We as Americans.flac,Eminem,We as Americans,FLAC,844,44100,2,278.32,,,True,True,
Eminem/Misc/Music To Be Murdered By - Side B/11 - Key (Skit).flac,Eminem,Key (Skit),FLAC,688,44100,2,57.9509977324263,,,True,True,
Eminem/Misc/Music To Be Murdered By - Side B/03 - Alfred’s Theme.flac,Eminem,Alfred’s Theme,FLAC,906,44100,2,339.34501133786847,,,True,True,
Eminem/Misc/Music To Be Murdered By - Side B/09 - Higher.flac,Eminem,Higher,FLAC,1033,44100,2,222.03698412698412,,,True,True,
Eminem/Misc/Music To Be Murdered By - Side B/07 - Guns Blazing.flac,Eminem feat. Dr. Dre & Sly Pyper,Guns Blazing,FLAC,979,44100,2,196.1809977324263,,,True,True,
Eminem/Misc/Music To Be Murdered By - Side B/05 - Book of Rhymes.flac,Eminem feat. DJ Premier,Book of Rhymes,FLAC,834,44100,2,289.9149886621315,,,True,True,
Eminem/Misc/Music To Be Murdered By - Side B/04 - Tone Deaf.flac,Eminem,Tone Deaf,FLAC,805,44100,2,290.1360090702948,,,True,True,
Eminem/Misc/Music To Be Murdered By - Side B/01 - Alfred (Intro).flac,Eminem,Alfred (Intro),FLAC,772,44100,2,17.07498866213152,,,True,True,
Eminem/Misc/Music To Be Murdered By - Side B/12 - She Loves Me.flac,Eminem,She Loves Me,FLAC,955,44100,2,204.52102040816325,,,True,True,
Eminem/Misc/Music To Be Murdered By - Side B/15 - Thus Far (Interlude).flac,Eminem,Thus Far (Interlude),FLAC,788,44100,2,16.355215419501135,,,True,True,
Eminem/Misc/Music To Be Murdered By - Side B/14 - Zeus.flac,Eminem feat. White Gold,Zeus,FLAC,813,44100,2,230.39868480725625,,,True,True,
Eminem/Misc/Music To Be Murdered By - Side B/16 - Discombobulated.flac,Eminem,Discombobulated,FLAC,908,44100,2,252.57879818594105,,,True,True,
Eminem/Misc/Music To Be Murdered By - Side B/02 - Black Magic.flac,Eminem with Skylar Grey,Black Magic,FLAC,984,44100,2,174.8639909297052,,,True,True,
Eminem/Misc/Music To Be Murdered By - Side B/13 - Killer.flac,Eminem,Killer,FLAC,846,44100,2,195.00863945578232,,,True,True,
Eminem/Misc/Music To Be Murdered By - Side B/08 - Gnat.flac,Eminem,Gnat,FLAC,909,44100,2,224.65600907029477,,,True,True,
Eminem/Misc/Music To Be Murdered By - Side B/06 - Favorite Bitch.flac,Eminem feat. Ty Dolla $ign,Favorite Bitch,FLAC,953,44100,2,236.7190022675737,,,True,True,
Eminem/Misc/Music To Be Murdered By - Side B/10 - These Demons.flac,Eminem feat. MAJ,These Demons,FLAC,893,44100,2,207.32,,,True,True,
Eminem/Eminem - Infinite [24bit-96kHz]/07 Open Mic (Feat. Thyme).flac,Eminem,Open Mic (Feat. Thyme),FLAC,2832,96000,2,241.178875,,,True,True,
Eminem/Eminem - Infinite [24bit-96kHz]/06 Maxine (Feat. Kon Artis & Three).flac,Eminem,Maxine (Feat. Kon Artis & Three),FLAC,2820,96000,2,236.02220833333334,,,True,True,
Eminem/Eminem - Infinite [24bit-96kHz]/04 Tonite.flac,Eminem,Tonite,FLAC,2942,96000,2,225.20102083333333,,,True,True,
Eminem/Eminem - Infinite [24bit-96kHz]/08 Never 2 Far (Feat. Kon Artis).flac,Eminem,Never 2 Far (Feat. Kon Artis),FLAC,2824,96000,2,220.61240625,,,True,True,
Eminem/Eminem - Infinite [24bit-96kHz]/09 Searchin' (Feat. Eye Kyu).flac,Eminem,Searchin' (Feat. Eye Kyu),FLAC,2815,96000,2,229.18282291666668,,,True,True,
Eminem/Eminem - Infinite [24bit-96kHz]/01 Infinite.flac,Eminem,Infinite,FLAC,2987,96000,2,241.51071875,,,True,True,
Eminem/Eminem - Infinite [24bit-96kHz]/02 W.E.G.O. (Feat. Proof & DJ Head).flac,Eminem,W.E.G.O. (Feat. Proof & DJ Head),FLAC,2900,96000,2,21.41546875,,,True,True,
Eminem/Eminem - Infinite [24bit-96kHz]/03 It's O.K. (Feat. Eye Kyu).flac,Eminem,It's O.K. (Feat. Eye Kyu),FLAC,2905,96000,2,215.85040625,,,True,True,
Eminem/Eminem - Infinite [24bit-96kHz]/05 313 (Feat. Eye Kyu).flac,Eminem,313 (Feat. Eye Kyu),FLAC,2952,96000,2,251.89958333333334,,,True,True,
Eminem/Eminem - Infinite [24bit-96kHz]/11 Jealousy Woes II.flac,Eminem,Jealousy Woes II,FLAC,2884,96000,2,204.59769791666668,,,True,True,
Eminem/Eminem - Infinite [24bit-96kHz]/10 Backstabber.flac,Eminem,Backstabber,FLAC,2747,96000,2,203.87759375,,,True,True,
Eminem/[1999] The Slim Shady LP (1999 Interscope Records INT2-90287 Original US Pressing) [24-96]/Eminem - 05 - Paul.flac,Eminem,Paul,FLAC,2602,96000,2,16.889010416666668,,,True,True,
Eminem/[1999] The Slim Shady LP (1999 Interscope Records INT2-90287 Original US Pressing) [24-96]/Eminem - 20 - Still Don't Give A Fuck.flac,Eminem,Still Don't Give A Fuck,FLAC,2952,96000,2,255.12682291666667,,,True,True,
Eminem/[1999] The Slim Shady LP (1999 Interscope Records INT2-90287 Original US Pressing) [24-96]/Eminem - 15 - Just Don't Give A Fuck.flac,Eminem,Just Don't Give A Fuck,FLAC,3292,96000,2,242.41871875,,,True,True,
Eminem/[1999] The Slim Shady LP (1999 Interscope Records INT2-90287 Original US Pressing) [24-96]/Eminem - 16 - Soap.flac,Eminem,Soap,FLAC,2720,96000,2,36.16071875,,,True,True,
Eminem/[1999] The Slim Shady LP (1999 Interscope Records INT2-90287 Original US Pressing) [24-96]/Eminem - 07 - 97' Bonnie & Clyde.flac,Eminem,97' Bonnie & Clyde,FLAC,2906,96000,2,317.1205625,,,True,True,
Eminem/[1999] The Slim Shady LP (1999 Interscope Records INT2-90287 Original US Pressing) [24-96]/Eminem - 03 - Guilty Conscience.flac,Eminem,Guilty Conscience,FLAC,2886,96000,2,199.70589583333333,,,True,True,
Eminem/[1999] The Slim Shady LP (1999 Interscope Records INT2-90287 Original US Pressing) [24-96]/Eminem - 08 - Bitch.flac,Eminem,Bitch,FLAC,2656,96000,2,19.644635416666667,,,True,True,
Eminem/[1999] The Slim Shady LP (1999 Interscope Records INT2-90287 Original US Pressing) [24-96]/Eminem - 06 - If I Had.flac,Eminem,If I Had,FLAC,2912,96000,2,244.60803125,,,True,True,
Eminem/[1999] The Slim Shady LP (1999 Interscope Records INT2-90287 Original US Pressing) [24-96]/Eminem - 04 - Brain Damage.flac,Eminem,Brain Damage,FLAC,2939,96000,2,225.59371875,,,True,True,
Eminem/[1999] The Slim Shady LP (1999 Interscope Records INT2-90287 Original US Pressing) [24-96]/Eminem - 02 - My Name Is.flac,Eminem,My Name Is,FLAC,2853,96000,2,268.2113125,,,True,True,
Eminem/[1999] The Slim Shady LP (1999 Interscope Records INT2-90287 Original US Pressing) [24-96]/Eminem - 13 - Cum On Everybody.flac,Eminem,Cum On Everybody,FLAC,3044,96000,2,218.75830208333332,,,True,True,
Eminem/[1999] The Slim Shady LP (1999 Interscope Records INT2-90287 Original US Pressing) [24-96]/Eminem - 18 - I'm Shady.flac,Eminem,I'm Shady,FLAC,3095,96000,2,212.25367708333334,,,True,True,
Eminem/[1999] The Slim Shady LP (1999 Interscope Records INT2-90287 Original US Pressing) [24-96]/Eminem - 17 - As The World Turns.flac,Eminem,As The World Turns,FLAC,2965,96000,2,265.04963541666666,,,True,True,
Eminem/[1999] The Slim Shady LP (1999 Interscope Records INT2-90287 Original US Pressing) [24-96]/Eminem - 14 - Rock Bottom.flac,Eminem,Rock Bottom,FLAC,2849,96000,2,214.01319791666666,,,True,True,
Eminem/[1999] The Slim Shady LP (1999 Interscope Records INT2-90287 Original US Pressing) [24-96]/Eminem - 09 - Role Model.flac,Eminem,Role Model,FLAC,2904,96000,2,205.21526041666667,,,True,True,
Eminem/[1999] The Slim Shady LP (1999 Interscope Records INT2-90287 Original US Pressing) [24-96]/Eminem - 11 - My Fault.flac,Eminem,My Fault,FLAC,2917,96000,2,239.95222916666665,,,True,True,
Eminem/[1999] The Slim Shady LP (1999 Interscope Records INT2-90287 Original US Pressing) [24-96]/Eminem - 10 - Lounge.flac,Eminem,Lounge,FLAC,2748,96000,2,47.06738541666667,,,True,True,
Eminem/[1999] The Slim Shady LP (1999 Interscope Records INT2-90287 Original US Pressing) [24-96]/Eminem - 01 - Public Service Announcment.flac,Eminem,Public Service Announcment,FLAC,2616,96000,2,33.11772916666666,,,True,True,
Eminem/[1999] The Slim Shady LP (1999 Interscope Records INT2-90287 Original US Pressing) [24-96]/Eminem - 19 - Bad Meets Evil.flac,Eminem,Bad Meets Evil,FLAC,2989,96000,2,252.63042708333333,,,True,True,
Eminem/[1999] The Slim Shady LP (1999 Interscope Records INT2-90287 Original US Pressing) [24-96]/Eminem - 12 - Ken Kaniff.flac,Eminem,Ken Kaniff,FLAC,2662,96000,2,76.84582291666666,,,True,True,
Eminem/Eminem-The Eminem Show (Expanded Edition)-2002-FLAC24/02-White America.flac,Eminem,White America,FLAC,5461,192000,2,325.3115625,,,True,True,
Eminem/Eminem-The Eminem Show (Expanded Edition)-2002-FLAC24/17-Say What You Say [ft Dr. Dre].flac,Eminem,Say What You Say [ft Dr. Dre],FLAC,5398,192000,2,309.9248489583333,,,True,True,
"Eminem/Eminem-The Eminem Show (Expanded Edition)-2002-FLAC24/27-Freestyle (#2) (Live At Tramps, New York, 1999).flac",Eminem,"Freestyle (#2) (Live At Tramps, New York, 1999)",FLAC,5367,192000,2,52.06829166666667,,,True,True,
"Eminem/Eminem-The Eminem Show (Expanded Edition)-2002-FLAC24/25-Freestyle (#1) (Live At Tramps, New York, 1999).flac",Eminem,"Freestyle (#1) (Live At Tramps, New York, 1999)",FLAC,5375,192000,2,77.43489583333333,,,True,True,
Eminem/Eminem-The Eminem Show (Expanded Edition)-2002-FLAC24/01-Curtains Up (Skit).flac,Eminem,Curtains Up (Skit),FLAC,5190,192000,2,28.703963541666667,,,True,True,
Eminem/Eminem-The Eminem Show (Expanded Edition)-2002-FLAC24/15-Steve Berman (Skit).flac,Eminem,Steve Berman (Skit),FLAC,5084,192000,2,33.76613020833334,,,True,True,
Eminem/Eminem-The Eminem Show (Expanded Edition)-2002-FLAC24/36-Superman (Instrumental).flac,Eminem,Superman (Instrumental),FLAC,5358,192000,2,422.0,,,True,True,
Eminem/Eminem-The Eminem Show (Expanded Edition)-2002-FLAC24/35-Sing For The Moment (Instrumental).flac,Eminem,Sing For The Moment (Instrumental),FLAC,5330,192000,2,385.06809375,,,True,True,
Eminem/Eminem-The Eminem Show (Expanded Edition)-2002-FLAC24/05-Square Dance.flac,Eminem,Square Dance,FLAC,5396,192000,2,326.5075625,,,True,True,
Eminem/Eminem-The Eminem Show (Expanded Edition)-2002-FLAC24/37-Say What You Say (Instrumental).flac,Eminem,Say What You Say (Instrumental),FLAC,5153,192000,2,306.24747395833333,,,True,True,
Eminem/Eminem-The Eminem Show (Expanded Edition)-2002-FLAC24/20-Curtains Close (skit).flac,Eminem,Curtains Close (skit),FLAC,5098,192000,2,61.50259895833333,,,True,True,
Eminem/Eminem-The Eminem Show (Expanded Edition)-2002-FLAC24/34-Without Me (Instrumental).flac,Eminem,Without Me (Instrumental),FLAC,5386,192000,2,288.0350208333333,,,True,True,
Eminem/Eminem-The Eminem Show (Expanded Edition)-2002-FLAC24/22-The Conspiracy Freestyle.flac,Eminem,The Conspiracy Freestyle,FLAC,5354,192000,2,170.89080729166668,,,True,True,
Eminem/Eminem-The Eminem Show (Expanded Edition)-2002-FLAC24/13-Superman [ft Dina Rae].flac,Eminem,Superman [ft Dina Rae],FLAC,5495,192000,2,351.357671875,,,True,True,
Eminem/Eminem-The Eminem Show (Expanded Edition)-2002-FLAC24/11-Paul Rosenberg (Skit).flac,Eminem,Paul Rosenberg (Skit),FLAC,5125,192000,2,22.8,,,True,True,
Eminem/Eminem-The Eminem Show (Expanded Edition)-2002-FLAC24/18-Till I Collapse [ft Nate Dogg].flac,Eminem,Till I Collapse [ft Nate Dogg],FLAC,5431,192000,2,296.65958333333333,,,True,True,
Eminem/Eminem-The Eminem Show (Expanded Edition)-2002-FLAC24/06-The Kiss (Skit).flac,Eminem,The Kiss (Skit),FLAC,5248,192000,2,77.74141666666667,,,True,True,
Eminem/Eminem-The Eminem Show (Expanded Edition)-2002-FLAC24/07-Soldier.flac,Eminem,Soldier,FLAC,5477,192000,2,225.33742708333332,,,True,True,
Eminem/Eminem-The Eminem Show (Expanded Edition)-2002-FLAC24/14-Hailie's Song.flac,Eminem,Hailie's Song,FLAC,5394,192000,2,327.12610416666666,,,True,True,
"Eminem/Eminem-The Eminem Show (Expanded Edition)-2002-FLAC24/26-Brain Damage (Live At Tramps, New York, 1999).flac",Eminem,"Brain Damage (Live At Tramps, New York, 1999)",FLAC,5489,192000,2,84.11032291666666,,,True,True,
Eminem/Eminem-The Eminem Show (Expanded Edition)-2002-FLAC24/31-Business (Instrumental).flac,Eminem,Business (Instrumental),FLAC,5251,192000,2,253.38450520833334,,,True,True,
"Eminem/Eminem-The Eminem Show (Expanded Edition)-2002-FLAC24/29-The Way I Am (Live At The Fuji Rock Festival, 2001) [ft Proof].flac",Eminem,"The Way I Am (Live At The Fuji Rock Festival, 2001) [ft Proof]",FLAC,5577,192000,2,225.46926041666666,,,True,True,
Eminem/Eminem-The Eminem Show (Expanded Edition)-2002-FLAC24/38-Till I Collapse (Instrumental).flac,Eminem,Till I Collapse (Instrumental),FLAC,5331,192000,2,338.189,,,True,True,
Eminem/Eminem-The Eminem Show (Expanded Edition)-2002-FLAC24/32-Cleanin' Out My Closet (Instrumental).flac,Eminem,Cleanin' Out My Closet (Instrumental),FLAC,5191,192000,2,341.42488541666665,,,True,True,
"Eminem/Eminem-The Eminem Show (Expanded Edition)-2002-FLAC24/28-Just Don't Give A Fuck (Live At Tramps, New York, 1999).flac",Eminem,"Just Don't Give A Fuck (Live At Tramps, New York, 1999)",FLAC,5397,192000,2,197.59249479166667,,,True,True,
Eminem/Eminem-The Eminem Show (Expanded Edition)-2002-FLAC24/08-Say Goodbye Hollywood.flac,Eminem,Say Goodbye Hollywood,FLAC,5429,192000,2,271.531609375,,,True,True,
Eminem/Eminem-The Eminem Show (Expanded Edition)-2002-FLAC24/16-When The Music Stops [ft D-12].flac,Eminem,When The Music Stops [ft D-12],FLAC,5454,192000,2,268.9231197916667,,,True,True,
Eminem/Eminem-The Eminem Show (Expanded Edition)-2002-FLAC24/03-Business.flac,Eminem,Business,FLAC,5398,192000,2,251.98447395833333,,,True,True,
"Eminem/Eminem-The Eminem Show (Expanded Edition)-2002-FLAC24/23-Bump Heads [ft 50 Cent, Lloyd Banks, Tony Yayo].flac",Eminem,"Bump Heads [ft 50 Cent, Lloyd Banks, Tony Yayo]",FLAC,5466,192000,2,281.7028177083333,,,True,True,
Eminem/Eminem-The Eminem Show (Expanded Edition)-2002-FLAC24/19-My Dad's Gone Crazy.flac,Eminem,My Dad's Gone Crazy,FLAC,5422,192000,2,268.92311458333336,,,True,True,
"Eminem/Eminem-The Eminem Show (Expanded Edition)-2002-FLAC24/30-The Real Slim Shady (Live At The Fuji Rock Festival, 2001) [ft Proof].flac",Eminem,"The Real Slim Shady (Live At The Fuji Rock Festival, 2001) [ft Proof]",FLAC,5603,192000,2,283.4470729166667,,,True,True,
Eminem/Eminem-The Eminem Show (Expanded Edition)-2002-FLAC24/33-Square Dance (Instrumental).flac,Eminem,Square Dance (Instrumental),FLAC,5352,192000,2,376.8968854166667,,,True,True,
"Eminem/Eminem-The Eminem Show (Expanded Edition)-2002-FLAC24/24-Jimmy, Brian And Mike (Previously Unreleased).flac",Eminem,"Jimmy, Brian And Mike (Previously Unreleased)",FLAC,5429,192000,2,202.93283333333332,,,True,True,
Eminem/Eminem-The Eminem Show (Expanded Edition)-2002-FLAC24/10-Without Me.flac,Eminem,Without Me,FLAC,5433,192000,2,295.69240104166664,,,True,True,
Eminem/Eminem-The Eminem Show (Expanded Edition)-2002-FLAC24/12-Sing For The Moment.flac,Eminem,Sing For The Moment,FLAC,5414,192000,2,336.6348541666667,,,True,True,
Eminem/Eminem-The Eminem Show (Expanded Edition)-2002-FLAC24/04-Cleanin' Out My Closet.flac,Eminem,Cleanin' Out My Closet,FLAC,5339,192000,2,296.978796875,,,True,True,
Eminem/Eminem-The Eminem Show (Expanded Edition)-2002-FLAC24/21-Stimulate.flac,Eminem,Stimulate,FLAC,5371,192000,2,305.7343333333333,,,True,True,
Eminem/Eminem-The Eminem Show (Expanded Edition)-2002-FLAC24/09-Drips [ft Obie Trice].flac,Eminem,Drips [ft Obie Trice],FLAC,5413,192000,2,287.931546875,,,True,True,
Eminem/Eminem - Relapse (2009) [Vinyl-FLAC-24-96] {B0012863-01}/D4 Underground.flac,Eminem,Underground,FLAC,2620,96000,2,367.84816666666666,,,True,True,
Eminem/Eminem - Relapse (2009) [Vinyl-FLAC-24-96] {B0012863-01}/B1 Hello.flac,Eminem,Hello,FLAC,2639,96000,2,247.51053125,,,True,True,
Eminem/Eminem - Relapse (2009) [Vinyl-FLAC-24-96] {B0012863-01}/C4 Must Be The Ganja.flac,Eminem,Must Be The Ganja,FLAC,2829,96000,2,242.31628125,,,True,True,
Eminem/Eminem - Relapse (2009) [Vinyl-FLAC-24-96] {B0012863-01}/A1 Dr. West (Skit).flac,Eminem,Dr. West (Skit),FLAC,2413,96000,2,88.96796875,,,True,True,
Eminem/Eminem - Relapse (2009) [Vinyl-FLAC-24-96] {B0012863-01}/B3 Same Song & Dance.flac,Eminem,Same Song & Dance,FLAC,2677,96000,2,245.80263541666667,,,True,True,
Eminem/Eminem - Relapse (2009) [Vinyl-FLAC-24-96] {B0012863-01}/A5 Bagpipes From Baghdad.flac,Eminem,Bagpipes From Baghdad,FLAC,2756,96000,2,285.7072395833333,,,True,True,
Eminem/Eminem - Relapse (2009) [Vinyl-FLAC-24-96] {B0012863-01}/C3 Old Time's Sake.flac,Eminem,Old Time's Sake,FLAC,2737,96000,2,277.55766666666665,,,True,True,
Eminem/Eminem - Relapse (2009) [Vinyl-FLAC-24-96] {B0012863-01}/B5 Medicine Ball.flac,Eminem,Medicine Ball,FLAC,2702,96000,2,239.04876041666665,,,True,True,
Eminem/Eminem - Relapse (2009) [Vinyl-FLAC-24-96] {B0012863-01}/C6 Déjà Vu.flac,Eminem,Déjà Vu,FLAC,2773,96000,2,282.9531979166667,,,True,True,
Eminem/Eminem - Relapse (2009) [Vinyl-FLAC-24-96] {B0012863-01}/A4 Insane.flac,Eminem,Insane,FLAC,2850,96000,2,180.99530208333334,,,True,True,
Eminem/Eminem - Relapse (2009) [Vinyl-FLAC-24-96] {B0012863-01}/D1 Beautiful.flac,Eminem,Beautiful,FLAC,2627,96000,2,391.18165625,,,True,True,
Eminem/Eminem - Relapse (2009) [Vinyl-FLAC-24-96] {B0012863-01}/D2 Crack A Bottle.flac,Eminem,Crack A Bottle,FLAC,2742,96000,2,297.84821875,,,True,True,
Eminem/Eminem - Relapse (2009) [Vinyl-FLAC-24-96] {B0012863-01}/A2 3 A.M..flac,Eminem,3 A.M.,FLAC,2782,96000,2,318.5720416666667,,,True,True,
Eminem/Eminem - Relapse (2009) [Vinyl-FLAC-24-96] {B0012863-01}/B2 Tonya (Skit).flac,Eminem,Tonya (Skit),FLAC,2724,96000,2,42.47809375,,,True,True,
Eminem/Eminem - Relapse (2009) [Vinyl-FLAC-24-96] {B0012863-01}/A3 My Mom.flac,Eminem,My Mom,FLAC,2706,96000,2,319.13740625,,,True,True,
Eminem/Eminem - Relapse (2009) [Vinyl-FLAC-24-96] {B0012863-01}/D3 Steve Berman (Skit).flac,Eminem,Steve Berman (Skit),FLAC,2267,96000,2,90.43345833333333,,,True,True,
Eminem/Eminem - Relapse (2009) [Vinyl-FLAC-24-96] {B0012863-01}/B4 We Made You.flac,Eminem,We Made You,FLAC,2753,96000,2,268.2208229166667,,,True,True,
Eminem/Eminem - Relapse (2009) [Vinyl-FLAC-24-96] {B0012863-01}/C5 Mr. Mathers (Skit).flac,Eminem,Mr. Mathers (Skit),FLAC,2555,96000,2,42.23257291666667,,,True,True,
Eminem/Eminem - Relapse (2009) [Vinyl-FLAC-24-96] {B0012863-01}/C2 Stay Wide Awake.flac,Eminem,Stay Wide Awake,FLAC,2672,96000,2,318.79763541666665,,,True,True,
Eminem/Eminem - Relapse (2009) [Vinyl-FLAC-24-96] {B0012863-01}/C1 Paul (Skit).flac,Eminem,Paul (Skit),FLAC,1971,96000,2,19.546416666666666,,,True,True,
Eminem/Eminem - Music To Be Murdered By (2020) [Vinyl-FLAC-24-192] {B0031747-01}/B2 Darkness.flac,Eminem,Darkness,FLAC,5172,192000,2,336.454375,,,True,True,
Eminem/Eminem - Music To Be Murdered By (2020) [Vinyl-FLAC-24-192] {B0031747-01}/C5 Little Engine.flac,Eminem,Little Engine,FLAC,5344,192000,2,177.0200625,,,True,True,
Eminem/Eminem - Music To Be Murdered By (2020) [Vinyl-FLAC-24-192] {B0031747-01}/D4 Alfred (Outro).flac,Eminem,Alfred (Outro),FLAC,4912,192000,2,35.453973958333336,,,True,True,
Eminem/Eminem - Music To Be Murdered By (2020) [Vinyl-FLAC-24-192] {B0031747-01}/A3 You Gon' Learn.flac,Eminem,You Gon' Learn,FLAC,5381,192000,2,234.16146875,,,True,True,
Eminem/Eminem - Music To Be Murdered By (2020) [Vinyl-FLAC-24-192] {B0031747-01}/C6 Lock It Up.flac,Eminem,Lock It Up,FLAC,5409,192000,2,172.66066145833332,,,True,True,
Eminem/Eminem - Music To Be Murdered By (2020) [Vinyl-FLAC-24-192] {B0031747-01}/D2 No Regrets.flac,Eminem,No Regrets,FLAC,5399,192000,2,200.59225,,,True,True,
Eminem/Eminem - Music To Be Murdered By (2020) [Vinyl-FLAC-24-192] {B0031747-01}/A5 Those Kinda Nights.flac,Eminem,Those Kinda Nights,FLAC,5321,192000,2,177.29906770833333,,,True,True,
Eminem/Eminem - Music To Be Murdered By (2020) [Vinyl-FLAC-24-192] {B0031747-01}/C4 Never Love Again.flac,Eminem,Never Love Again,FLAC,5246,192000,2,177.16797916666667,,,True,True,
Eminem/Eminem - Music To Be Murdered By (2020) [Vinyl-FLAC-24-192] {B0031747-01}/A6 In Too Deep.flac,Eminem,In Too Deep,FLAC,5312,192000,2,194.47978645833334,,,True,True,
Eminem/Eminem - Music To Be Murdered By (2020) [Vinyl-FLAC-24-192] {B0031747-01}/A4 Alfred (Interlude).flac,Eminem,Alfred (Interlude),FLAC,4815,192000,2,30.060692708333335,,,True,True,
Eminem/Eminem - Music To Be Murdered By (2020) [Vinyl-FLAC-24-192] {B0031747-01}/D3 I Will.flac,Eminem,I Will,FLAC,5271,192000,2,302.76757291666667,,,True,True,
Eminem/Eminem - Music To Be Murdered By (2020) [Vinyl-FLAC-24-192] {B0031747-01}/C2 Stepdad.flac,Eminem,Stepdad,FLAC,5358,192000,2,213.00618229166668,,,True,True,
Eminem/Eminem - Music To Be Murdered By (2020) [Vinyl-FLAC-24-192] {B0031747-01}/D1 Farewell.flac,Eminem,Farewell,FLAC,5344,192000,2,247.1889375,,,True,True,
Eminem/Eminem - Music To Be Murdered By (2020) [Vinyl-FLAC-24-192] {B0031747-01}/B3 Leaving Heaven.flac,Eminem,Leaving Heaven,FLAC,5351,192000,2,265.31111458333334,,,True,True,
Eminem/Eminem - Music To Be Murdered By (2020) [Vinyl-FLAC-24-192] {B0031747-01}/A1 Premonition (Intro).flac,Eminem,Premonition (Intro),FLAC,5251,192000,2,173.69147916666665,,,True,True,
Eminem/Eminem - Music To Be Murdered By (2020) [Vinyl-FLAC-24-192] {B0031747-01}/C1 Stepdad (Intro).flac,Eminem,Stepdad (Intro),FLAC,5026,192000,2,15.3915,,,True,True,
Eminem/Eminem - Music To Be Murdered By (2020) [Vinyl-FLAC-24-192] {B0031747-01}/B1 Godzilla.flac,Eminem,Godzilla,FLAC,5283,192000,2,210.42706770833334,,,True,True,
Eminem/Eminem - Music To Be Murdered By (2020) [Vinyl-FLAC-24-192] {B0031747-01}/A2 Unaccommodating.flac,Eminem,Unaccommodating,FLAC,5246,192000,2,216.19286979166668,,,True,True,
Eminem/Eminem - Music To Be Murdered By (2020) [Vinyl-FLAC-24-192] {B0031747-01}/B4 Yah Yah.flac,Eminem,Yah Yah,FLAC,5685,192000,2,287.5713177083333,,,True,True,
Eminem/Eminem - Music To Be Murdered By (2020) [Vinyl-FLAC-24-192] {B0031747-01}/C3 Marsh.flac,Eminem,Marsh,FLAC,5276,192000,2,200.101765625,,,True,True,
Eminem/Eminem (2000) Marshall Mathers LP (1st US Vinyl 2496)/16 - Kim.flac,Eminem,Kim,FLAC,3101,96000,2,378.4622708333333,,,True,True,
Eminem/Eminem (2000) Marshall Mathers LP (1st US Vinyl 2496)/08 - The Real Slim Shady.flac,Eminem,The Real Slim Shady,FLAC,2967,96000,2,284.6333333333333,,,True,True,
Eminem/Eminem (2000) Marshall Mathers LP (1st US Vinyl 2496)/03 - Stan (feat. Dido).flac,Eminem,Stan (feat. Dido),FLAC,3108,96000,2,404.15161458333336,,,True,True,
Eminem/Eminem (2000) Marshall Mathers LP (1st US Vinyl 2496)/13 - Drug Ballad.flac,Eminem,Drug Ballad,FLAC,3059,96000,2,300.2755104166667,,,True,True,
Eminem/Eminem (2000) Marshall Mathers LP (1st US Vinyl 2496)/02 - Kill You.flac,Eminem,Kill You,FLAC,2806,96000,2,264.58514583333334,,,True,True,
Eminem/Eminem (2000) Marshall Mathers LP (1st US Vinyl 2496)/18 - Criminal.flac,Eminem,Criminal,FLAC,2903,96000,2,314.10546875,,,True,True,
Eminem/Eminem (2000) Marshall Mathers LP (1st US Vinyl 2496)/01 - Public Service Announcement 2000.flac,Eminem,Public Service Announcement 2000,FLAC,2658,96000,2,25.14096875,,,True,True,
Eminem/Eminem (2000) Marshall Mathers LP (1st US Vinyl 2496)/09 - Remember Me (feat. RBX & Sticky Fingaz).flac,Eminem,Remember Me (feat. RBX & Sticky Fingaz),FLAC,3124,96000,2,218.46101041666665,,,True,True,
Eminem/Eminem (2000) Marshall Mathers LP (1st US Vinyl 2496)/05 - Who Knew.flac,Eminem,Who Knew,FLAC,2942,96000,2,227.57880208333333,,,True,True,
Eminem/Eminem (2000) Marshall Mathers LP (1st US Vinyl 2496)/14 - Amityville (feat. Bizarre).flac,Eminem,Amityville (feat. Bizarre),FLAC,3024,96000,2,254.50273958333332,,,True,True,
Eminem/Eminem (2000) Marshall Mathers LP (1st US Vinyl 2496)/10 - I'm Back.flac,Eminem,I'm Back,FLAC,2921,96000,2,312.11973958333334,,,True,True,
Eminem/Eminem (2000) Marshall Mathers LP (1st US Vinyl 2496)/11 - Marshall Mathers.flac,Eminem,Marshall Mathers,FLAC,2947,96000,2,321.0665416666667,,,True,True,
Eminem/Eminem (2000) Marshall Mathers LP (1st US Vinyl 2496)/04 - Paul (Skit).flac,Eminem,Paul (Skit),FLAC,2514,96000,2,10.459385416666667,,,True,True,
Eminem/Eminem (2000) Marshall Mathers LP (1st US Vinyl 2496)/17 - Under The Influence (feat. D12).flac,Eminem,Under The Influence (feat. D12),FLAC,2888,96000,2,322.4234583333333,,,True,True,
"Eminem/Eminem (2000) Marshall Mathers LP (1st US Vinyl 2496)/15 - Bitch Please II (feat. Dr. Dre, Snoop Dogg, Xzibit & Nate Dogg).flac",Eminem,"Bitch Please II (feat. Dr. Dre, Snoop Dogg, Xzibit & Nate Dogg)",FLAC,2941,96000,2,285.84109375,,,True,True,
Eminem/Eminem (2000) Marshall Mathers LP (1st US Vinyl 2496)/06 - Steve Berman.flac,Eminem,Steve Berman,FLAC,2810,96000,2,53.61847916666667,,,True,True,
Eminem/Eminem (2000) Marshall Mathers LP (1st US Vinyl 2496)/12 - Ken Kaniff (Skit).flac,Eminem,Ken Kaniff (Skit),FLAC,3006,96000,2,61.9053125,,,True,True,
Eminem/Eminem (2000) Marshall Mathers LP (1st US Vinyl 2496)/07 - The Way I Am.flac,Eminem,The Way I Am,FLAC,3057,96000,2,290.672125,,,True,True,
Eminem/Eminem - Revival (2017) [FLAC]/19 - Eminem - Arose.flac,Eminem,Arose,FLAC,905,44100,2,274.62666666666667,,,True,True,
Eminem/Eminem - Revival (2017) [FLAC]/08 - Eminem - Revival (Interlude).flac,Eminem,Revival (Interlude),FLAC,747,44100,2,51.82666666666667,,,True,True,
Eminem/Eminem - Revival (2017) [FLAC]/15 - Eminem - Offended.flac,Eminem,Offended,FLAC,829,44100,2,320.92,,,True,True,
Eminem/Eminem - Revival (2017) [FLAC]/09 - Eminem feat. Alicia Keys - Like Home.flac,Eminem feat. Alicia Keys,Like Home,FLAC,957,44100,2,245.46666666666667,,,True,True,
Eminem/Eminem - Revival (2017) [FLAC]/13 - Eminem feat Kehlani - Nowhere Fast.flac,Eminem feat Kehlani,Nowhere Fast,FLAC,999,44100,2,264.17333333333335,,,True,True,
Eminem/Eminem - Revival (2017) [FLAC]/07 - Eminem - Remind Me.flac,Eminem,Remind Me,FLAC,959,44100,2,225.17333333333335,,,True,True,
Eminem/Eminem - Revival (2017) [FLAC]/03 - Eminem feat. Phresher - Chloraseptic.flac,Eminem feat. Phresher,Chloraseptic,FLAC,881,44100,2,301.14666666666665,,,True,True,
Eminem/Eminem - Revival (2017) [FLAC]/12 - Eminem - Framed.flac,Eminem,Framed,FLAC,933,44100,2,253.16,,,True,True,
Eminem/Eminem - Revival (2017) [FLAC]/11 - Eminem feat. Skylar Grey - Tragic Endings.flac,Eminem feat. Skylar Grey,Tragic Endings,FLAC,851,44100,2,252.02666666666667,,,True,True,
Eminem/Eminem - Revival (2017) [FLAC]/18 - Eminem - Castle.flac,Eminem,Castle,FLAC,900,44100,2,254.76,,,True,True,
Eminem/Eminem - Revival (2017) [FLAC]/01 - Eminem feat. Beyonce - Walk On Water.flac,Eminem feat. Beyonce,Walk On Water,FLAC,729,44100,2,303.64,,,True,True,
Eminem/Eminem - Revival (2017) [FLAC]/14 - Eminem - Heat.flac,Eminem,Heat,FLAC,896,44100,2,250.0,,,True,True,
Eminem/Eminem - Revival (2017) [FLAC]/02 - Eminem - Believe.flac,Eminem,Believe,FLAC,774,44100,2,315.3466666666667,,,True,True,
Eminem/Eminem - Revival (2017) [FLAC]/05 - Eminem feat. Ed Sheeran - River.flac,Eminem feat. Ed Sheeran,River,FLAC,875,44100,2,221.01333333333332,,,True,True,
Eminem/Eminem - Revival (2017) [FLAC]/16 - Eminem feat. Pink - Need Me.flac,Eminem feat. Pink,Need Me,FLAC,1002,44100,2,265.46666666666664,,,True,True,
Eminem/Eminem - Revival (2017) [FLAC]/17 - Eminem - In Your Head.flac,Eminem,In Your Head,FLAC,1006,44100,2,182.64,,,True,True,
Eminem/Eminem - Revival (2017) [FLAC]/10 - Eminem feat. X Ambassadors - Bad Husband.flac,Eminem feat. X Ambassadors,Bad Husband,FLAC,994,44100,2,287.8933333333333,,,True,True,
Eminem/Eminem - Revival (2017) [FLAC]/06 - Eminem - Remind Me (Intro).flac,Eminem,Remind Me (Intro),FLAC,663,44100,2,26.333333333333332,,,True,True,
Eminem/Eminem - Revival (2017) [FLAC]/04 - Eminem - Untouchable.flac,Eminem,Untouchable,FLAC,1005,44100,2,370.1333333333333,,,True,True,
Eminem/Eminem - Kamikaze (2018) [Vinyl-FLAC-24-192] {B0029211-01}/13 - Venom (Music From The Motion Picture).flac,Eminem,Venom (Music From The Motion Picture),FLAC,5369,192000,2,266.908484375,,,True,True,
Eminem/Eminem - Kamikaze (2018) [Vinyl-FLAC-24-192] {B0029211-01}/02 - Greatest.flac,Eminem,Greatest,FLAC,5328,192000,2,226.20125520833332,,,True,True,
Eminem/Eminem - Kamikaze (2018) [Vinyl-FLAC-24-192] {B0029211-01}/10 - Fall.flac,Eminem,Fall,FLAC,5244,192000,2,261.8309791666667,,,True,True,
Eminem/Eminem - Kamikaze (2018) [Vinyl-FLAC-24-192] {B0029211-01}/07 - Stepping Stone.flac,Eminem,Stepping Stone,FLAC,5340,192000,2,309.002921875,,,True,True,
Eminem/Eminem - Kamikaze (2018) [Vinyl-FLAC-24-192] {B0029211-01}/01 - The Ringer.flac,Eminem,The Ringer,FLAC,5195,192000,2,337.1722135416667,,,True,True,
Eminem/Eminem - Kamikaze (2018) [Vinyl-FLAC-24-192] {B0029211-01}/05 - Normal.flac,Eminem,Normal,FLAC,5269,192000,2,221.831796875,,,True,True,
Eminem/Eminem - Kamikaze (2018) [Vinyl-FLAC-24-192] {B0029211-01}/06 - Em Calls Paul (Skit).flac,Eminem,Em Calls Paul (Skit),FLAC,4683,192000,2,48.908796875,,,True,True,
Eminem/Eminem - Kamikaze (2018) [Vinyl-FLAC-24-192] {B0029211-01}/04 - Paul (Skit).flac,Eminem,Paul (Skit),FLAC,4668,192000,2,35.10386979166667,,,True,True,
Eminem/Eminem - Kamikaze (2018) [Vinyl-FLAC-24-192] {B0029211-01}/08 - Not Alike.flac,Eminem,Not Alike,FLAC,5391,192000,2,287.16957291666665,,,True,True,
Eminem/Eminem - Kamikaze (2018) [Vinyl-FLAC-24-192] {B0029211-01}/03 - Lucky You.flac,Eminem,Lucky You,FLAC,5354,192000,2,244.091921875,,,True,True,
Eminem/Eminem - Kamikaze (2018) [Vinyl-FLAC-24-192] {B0029211-01}/09 - Kamikaze.flac,Eminem,Kamikaze,FLAC,5413,192000,2,215.688015625,,,True,True,
Eminem/Eminem - Kamikaze (2018) [Vinyl-FLAC-24-192] {B0029211-01}/11 - Nice Guy.flac,Eminem,Nice Guy,FLAC,5258,192000,2,150.32183854166666,,,True,True,
Eminem/Eminem - Kamikaze (2018) [Vinyl-FLAC-24-192] {B0029211-01}/12 - Good Guy.flac,Eminem,Good Guy,FLAC,5310,192000,2,141.786015625,,,True,True,
Eminem/[1997] Slim Shady (EP)/04 - Just Don't Give A Fuck.flac,Eminem,Just Don't Give a Fuck,FLAC,841,44100,2,241.06666666666666,,,True,True,
Eminem/[1997] Slim Shady (EP)/09 - If I Had (Radio Edit).flac,Eminem,If I Had... (radio edit),FLAC,730,44100,2,243.21333333333334,,,True,True,
Eminem/[1997] Slim Shady (EP)/10 - Just Don't Give A Fuck (Radio Edit).flac,Eminem,Just Don't Give a #?@! (radio edit),FLAC,835,44100,2,244.28,,,True,True,
Eminem/[1997] Slim Shady (EP)/06 - Just The Two Of Us.flac,Eminem,Just the Two of Us,FLAC,791,44100,2,261.5733333333333,,,True,True,
Eminem/[1997] Slim Shady (EP)/08 - Murder Murder.flac,Eminem,"Murder, Murder",FLAC,790,44100,2,281.29333333333335,,,True,True,
Eminem/[1997] Slim Shady (EP)/03 - If I Had.flac,Eminem,If I Had...,FLAC,726,44100,2,247.21333333333334,,,True,True,
Eminem/[1997] Slim Shady (EP)/05 - Mommy.flac,Eminem,Mommy,FLAC,682,44100,2,36.14666666666667,,,True,True,
Eminem/[1997] Slim Shady (EP)/02 - Low Down Dirty.flac,Eminem,"Low Down, Dirty",FLAC,907,44100,2,284.4,,,True,True,
Eminem/[1997] Slim Shady (EP)/01 - Intro (Slim Shady).flac,Eminem,Intro (Slim Shady),FLAC,871,44100,2,65.64,,,True,True,
Eminem/[1997] Slim Shady (EP)/07 - No One's Iller (feat. Swift Bizarre Kid & Fuzz).flac,"Eminem featuring Swift, Bizarre Kid & Fuzz",No One's Iller,FLAC,809,44100,2,299.73333333333335,,,True,True,
Eminem/2003 - Eminem - International Singles [Box Set] [FLAC]/Disk 8/03 - Hazardous Youth (Acappella).flac,Eminem,Hazardous Youth (Acappella),FLAC,381,44100,2,46.24,,,True,True,
Eminem/2003 - Eminem - International Singles [Box Set] [FLAC]/Disk 8/02 - Guilty Conscience (Radio Version With Gunshots).flac,Eminem,Guilty Conscience (Radio Version With Gunshots),FLAC,884,44100,2,201.65333333333334,,,True,True,
Eminem/2003 - Eminem - International Singles [Box Set] [FLAC]/Disk 8/04 - Get You Mad.flac,Eminem,Get You Mad,FLAC,865,44100,2,262.24,,,True,True,
Eminem/2003 - Eminem - International Singles [Box Set] [FLAC]/Disk 8/01 - Stan (Radio Edit).flac,Eminem,Stan (Radio Edit),FLAC,923,44100,2,333.72,,,True,True,
Eminem/2003 - Eminem - International Singles [Box Set] [FLAC]/Disk 6/02 - Rabbit Run.flac,Eminem,Rabbit Run,FLAC,883,44100,2,192.88,,,True,True,
Eminem/2003 - Eminem - International Singles [Box Set] [FLAC]/Disk 6/03 - Sing For The Moment (Instrumental).flac,Eminem,Sing For The Moment (Instrumental),FLAC,769,44100,2,384.25333333333333,,,True,True,
Eminem/2003 - Eminem - International Singles [Box Set] [FLAC]/Disk 6/01 - Sing For The Moment.flac,Eminem,Sing For The Moment,FLAC,835,44100,2,342.3466666666667,,,True,True,
Eminem/2003 - Eminem - International Singles [Box Set] [FLAC]/Disk 1/01 - My Name Is (Clean Version).flac,Eminem,My Name Is (Clean Version),FLAC,875,44100,2,270.3466666666667,,,True,True,
Eminem/2003 - Eminem - International Singles [Box Set] [FLAC]/Disk 1/03 - My Name Is (Instrumental).flac,Eminem,My Name Is (Instrumental),FLAC,752,44100,2,269.3466666666667,,,True,True,
Eminem/2003 - Eminem - International Singles [Box Set] [FLAC]/Disk 1/02 - My Name Is (Explicit Version).flac,Eminem,My Name Is (Explicit Version),FLAC,818,44100,2,269.37333333333333,,,True,True,
Eminem/2003 - Eminem - International Singles [Box Set] [FLAC]/Disk 7/01 - Cleanin' Out My Closet.flac,Eminem,Cleanin' Out My Closet,FLAC,775,44100,2,303.24,,,True,True,
Eminem/2003 - Eminem - International Singles [Box Set] [FLAC]/Disk 7/03 - Cleanin' Out My Closet (Instrumental).flac,Eminem,Cleanin' Out My Closet (Instrumental),FLAC,661,44100,2,344.41333333333336,,,True,True,
Eminem/2003 - Eminem - International Singles [Box Set] [FLAC]/Disk 7/02 - Stimulate.flac,Eminem,Stimulate,FLAC,779,44100,2,305.7733333333333,,,True,True,
Eminem/2003 - Eminem - International Singles [Box Set] [FLAC]/Disk 9/02 - Lose Yourself (Instrumental).flac,Eminem,Lose Yourself (Instrumental),FLAC,714,44100,2,327.18666666666667,,,True,True,
Eminem/2003 - Eminem - International Singles [Box Set] [FLAC]/Disk 9/03 - Renegade.flac,Eminem,Renegade,FLAC,765,44100,2,338.0933333333333,,,True,True,
Eminem/2003 - Eminem - International Singles [Box Set] [FLAC]/Disk 9/01 - Lose Yourself.flac,Eminem,Lose Yourself,FLAC,808,44100,2,327.64,,,True,True,
Eminem/2003 - Eminem - International Singles [Box Set] [FLAC]/Disk 10/02 - Bump Heads.flac,Eminem,Bump Heads,FLAC,701,44100,2,282.8,,,True,True,
Eminem/2003 - Eminem - International Singles [Box Set] [FLAC]/Disk 10/01 - Business.flac,Eminem,Business,FLAC,844,44100,2,253.72,,,True,True,
Eminem/2003 - Eminem - International Singles [Box Set] [FLAC]/Disk 10/03 - Business (Acappella).flac,Eminem,Business (Acappella),FLAC,598,44100,2,257.26666666666665,,,True,True,
Eminem/2003 - Eminem - International Singles [Box Set] [FLAC]/Disk 11/01 - Wanksta (Eminem's Version).flac,Eminem,Wanksta (Eminem's Version),FLAC,866,44100,2,171.48,,,True,True,
Eminem/2003 - Eminem - International Singles [Box Set] [FLAC]/Disk 2/03 - Guilty Conscience (Acappella).flac,Eminem,Guilty Conscience (Acappella),FLAC,765,44100,2,197.44,,,True,True,
Eminem/2003 - Eminem - International Singles [Box Set] [FLAC]/Disk 2/01 - Guilty Conscience (Radio Version With Gunshots).flac,Eminem,Guilty Conscience (Radio Version With Gunshots),FLAC,874,44100,2,201.69333333333333,,,True,True,
Eminem/2003 - Eminem - International Singles [Box Set] [FLAC]/Disk 2/02 - Guilty Conscience (Album Version).flac,Eminem,Guilty Conscience (Album Version),FLAC,873,44100,2,202.26666666666668,,,True,True,
Eminem/2003 - Eminem - International Singles [Box Set] [FLAC]/Disk 5/03 - Without Me (Acappella).flac,Eminem,Without Me (Acappella),FLAC,772,44100,2,251.37333333333333,,,True,True,
Eminem/2003 - Eminem - International Singles [Box Set] [FLAC]/Disk 5/04 - Without Me (Instrumental).flac,Eminem,Without Me (Instrumental),FLAC,761,44100,2,288.2266666666667,,,True,True,
Eminem/2003 - Eminem - International Singles [Box Set] [FLAC]/Disk 5/02 - The Way I Am (Danny Lohner Remix).flac,Eminem,The Way I Am (Danny Lohner Remix),FLAC,1130,44100,2,296.16,,,True,True,
Eminem/2003 - Eminem - International Singles [Box Set] [FLAC]/Disk 5/01 - Without Me (Album Version).flac,Eminem,Without Me (Album Version),FLAC,861,44100,2,294.93333333333334,,,True,True,
Eminem/2003 - Eminem - International Singles [Box Set] [FLAC]/Disk 4/03 - '97 Bonnie & Clyde.flac,Eminem,'97 Bonnie & Clyde,FLAC,877,44100,2,316.97333333333336,,,True,True,
Eminem/2003 - Eminem - International Singles [Box Set] [FLAC]/Disk 4/02 - Kids (Unedited Version).flac,Eminem,Kids (Unedited Version),FLAC,869,44100,2,306.61333333333334,,,True,True,
Eminem/2003 - Eminem - International Singles [Box Set] [FLAC]/Disk 4/01 - The Way I Am (Unedited Version).flac,Eminem,The Way I Am (Unedited Version),FLAC,906,44100,2,293.29333333333335,,,True,True,
Eminem/2003 - Eminem - International Singles [Box Set] [FLAC]/Disk 4/04 - Steve Berman.flac,Eminem,Steve Berman,FLAC,759,44100,2,55.86666666666667,,,True,True,
Eminem/2003 - Eminem - International Singles [Box Set] [FLAC]/Disk 3/03 - The Real Slim Shady (Instrumental).flac,Eminem,The Real Slim Shady (Instrumental),FLAC,837,44100,2,285.44,,,True,True,
Eminem/2003 - Eminem - International Singles [Box Set] [FLAC]/Disk 3/02 - Bad Influence.flac,Eminem,Bad Influence,FLAC,1031,44100,2,218.8,,,True,True,
Eminem/2003 - Eminem - International Singles [Box Set] [FLAC]/Disk 3/04 - My Fault (Pizza Mix).flac,Eminem,My Fault (Pizza Mix),FLAC,906,44100,2,239.69333333333333,,,True,True,
Eminem/2003 - Eminem - International Singles [Box Set] [FLAC]/Disk 3/01 - The Real Slim Shady.flac,Eminem,The Real Slim Shady,FLAC,879,44100,2,285.0933333333333,,,True,True,
Eminem/Eminem - Recovery [LP]/03. On Fire.flac,Eminem,On Fire,FLAC,5043,192000,2,213.49333333333334,,,True,True,
Eminem/Eminem - Recovery [LP]/08. Seduction.flac,Eminem,Seduction,FLAC,4914,192000,2,275.4,,,True,True,
Eminem/Eminem - Recovery [LP]/13. So Bad.flac,Eminem,So Bad,FLAC,5037,192000,2,325.82666666666665,,,True,True,
Eminem/Eminem - Recovery [LP]/01. Cold Wind Blows.flac,Eminem,Cold Wind Blows,FLAC,5097,192000,2,303.94666666666666,,,True,True,
Eminem/Eminem - Recovery [LP]/02. Talkin' 2 Myself (feat. Kobe).flac,Eminem,Talkin' 2 Myself (feat. Kobe),FLAC,5035,192000,2,300.68,,,True,True,
Eminem/Eminem - Recovery [LP]/17. Untitled.flac,Eminem,Untitled,FLAC,4977,192000,2,194.732078125,,,True,True,
Eminem/Eminem - Recovery [LP]/14. Almost Famous.flac,Eminem,Almost Famous,FLAC,5155,192000,2,292.50666666666666,,,True,True,
Eminem/Eminem - Recovery [LP]/09. No Love (feat. Lil Wayne).flac,Eminem,No Love (feat. Lil Wayne),FLAC,5129,192000,2,299.1736927083333,,,True,True,
Eminem/Eminem - Recovery [LP]/15. Love The Way You Lie (feat. Rihanna).flac,Eminem,Love The Way You Lie (feat. Rihanna),FLAC,4974,192000,2,264.0,,,True,True,
Eminem/Eminem - Recovery [LP]/05. W.T.P..flac,Eminem,W.T.P.,FLAC,5004,192000,2,239.44,,,True,True,
Eminem/Eminem - Recovery [LP]/06. Going Through Changes.flac,Eminem,Going Through Changes,FLAC,4940,192000,2,299.50666666666666,,,True,True,
Eminem/Eminem - Recovery [LP]/11. Cinderella Man.flac,Eminem,Cinderella Man,FLAC,5082,192000,2,278.53333333333336,,,True,True,
Eminem/Eminem - Recovery [LP]/04. Won't Back Down (feat. P!nk).flac,Eminem,Won't Back Down (feat. P!nk),FLAC,5105,192000,2,265.3066666666667,,,True,True,
Eminem/Eminem - Recovery [LP]/16. You're Never Over.flac,Eminem,You're Never Over,FLAC,5237,192000,2,305.6533333333333,,,True,True,
Eminem/Eminem - Recovery [LP]/12. 25 To Life.flac,Eminem,25 To Life,FLAC,5117,192000,2,241.96,,,True,True,
Eminem/Eminem - Recovery [LP]/07. Not Afraid.flac,Eminem,Not Afraid,FLAC,5081,192000,2,248.28,,,True,True,
Eminem/Eminem - Recovery [LP]/10. Space Bound.flac,Eminem,Space Bound,FLAC,5072,192000,2,279.64,,,True,True,
Eminem/[2022] The Eminem Show (Expanded 20th anniversary Edition)/15 Eminem - Steve Berman (Skit).flac,Eminem,Steve Berman (skit),FLAC,577,44100,2,33.10666666666667,,,True,True,
"Eminem/[2022] The Eminem Show (Expanded 20th anniversary Edition)/30 Eminem - The Real Slim Shady (Live From Fuji Rock Festival, Japan + 2001).flac",Eminem,"The Real Slim Shady (live from Fuji Rock Festival, Japan / 2001)",FLAC,1043,44100,2,285.3684126984127,,,True,True,
Eminem/[2022] The Eminem Show (Expanded 20th anniversary Edition)/32 Eminem - Cleanin' Out My Closet (Instrumental).flac,Eminem,Cleanin’ Out My Closet (instrumental),FLAC,671,44100,2,342.25333333333333,,,True,True,
Eminem/[2022] The Eminem Show (Expanded 20th anniversary Edition)/31 Eminem - Business (Instrumental).flac,Eminem,Business (instrumental),FLAC,670,44100,2,251.80791383219955,,,True,True,
"Eminem/[2022] The Eminem Show (Expanded 20th anniversary Edition)/24 Eminem - Jimmy, Brian And Mike.flac",Eminem,"Jimmy, Brian and Mike",FLAC,941,44100,2,201.5635827664399,,,True,True,
Eminem/[2022] The Eminem Show (Expanded 20th anniversary Edition)/03 Eminem - Business.flac,Eminem,Business,FLAC,848,44100,2,251.72,,,True,True,
Eminem/[2022] The Eminem Show (Expanded 20th anniversary Edition)/07 Eminem - Soldier.flac,Eminem,Soldier,FLAC,904,44100,2,226.21333333333334,,,True,True,
Eminem/[2022] The Eminem Show (Expanded 20th anniversary Edition)/10 Eminem - Without Me.flac,Eminem,Without Me,FLAC,878,44100,2,290.32,,,True,True,
"Eminem/[2022] The Eminem Show (Expanded 20th anniversary Edition)/25 Eminem - Freestyle #1 (Live From Tramps, New York + 1999).flac",Eminem,"Freestyle #1 (live from Tramps, New York / 1999)",FLAC,730,44100,2,77.7214058956916,,,True,True,
Eminem/[2022] The Eminem Show (Expanded 20th anniversary Edition)/18 Eminem - 'Till I Collapse.flac,Eminem,Till I Collapse,FLAC,939,44100,2,297.7866666666667,,,True,True,
Eminem/[2022] The Eminem Show (Expanded 20th anniversary Edition)/06 Eminem - The Kiss (Skit).flac,Eminem,The Kiss (skit),FLAC,754,44100,2,75.92,,,True,True,
"Eminem/[2022] The Eminem Show (Expanded 20th anniversary Edition)/27 Eminem - Freestyle #2 (Live From Tramps, New York + 1999).flac",Eminem,"Freestyle #2 (live from Tramps, New York / 1999)",FLAC,723,44100,2,52.503197278911564,,,True,True,
Eminem/[2022] The Eminem Show (Expanded 20th anniversary Edition)/22 Eminem - The Conspiracy Freestyle.flac,Eminem,The Conspiracy Freestyle,FLAC,825,44100,2,170.68766439909297,,,True,True,
Eminem/[2022] The Eminem Show (Expanded 20th anniversary Edition)/14 Eminem - Hailie's Song.flac,Eminem,Hailie’s Song,FLAC,865,44100,2,320.64,,,True,True,
"Eminem/[2022] The Eminem Show (Expanded 20th anniversary Edition)/29 Eminem - The Way I Am (Live From Fuji Rock Festival, Japan + 2001).flac",Eminem,"The Way I Am (live from Fuji Rock Festival, Japan / 2001)",FLAC,1027,44100,2,223.29154195011338,,,True,True,
Eminem/[2022] The Eminem Show (Expanded 20th anniversary Edition)/17 Eminem - Say What You Say.flac,Eminem,Say What You Say,FLAC,821,44100,2,309.8933333333333,,,True,True,
Eminem/[2022] The Eminem Show (Expanded 20th anniversary Edition)/35 Eminem - Sing For The Moment (Instrumental).flac,Eminem,Sing for the Moment (instrumental),FLAC,766,44100,2,383.85426303854877,,,True,True,
Eminem/[2022] The Eminem Show (Expanded 20th anniversary Edition)/20 Eminem - Curtains Close.flac,Eminem,Curtains Close,FLAC,628,44100,2,61.86666666666667,,,True,True,
Eminem/[2022] The Eminem Show (Expanded 20th anniversary Edition)/02 Eminem - White America.flac,Eminem,White America,FLAC,860,44100,2,324.5466666666667,,,True,True,
Eminem/[2022] The Eminem Show (Expanded 20th anniversary Edition)/16 Eminem - When The Music Stops.flac,Eminem,When the Music Stops,FLAC,889,44100,2,269.0133333333333,,,True,True,
Eminem/[2022] The Eminem Show (Expanded 20th anniversary Edition)/04 Eminem - Cleanin' Out My Closet.flac,Eminem,Cleanin’ Out My Closet,FLAC,783,44100,2,297.84,,,True,True,
Eminem/[2022] The Eminem Show (Expanded 20th anniversary Edition)/11 Eminem - Paul Rosenberg (Skit).flac,Eminem,Paul Rosenberg (skit),FLAC,598,44100,2,22.746666666666666,,,True,True,
Eminem/[2022] The Eminem Show (Expanded 20th anniversary Edition)/08 Eminem - Say Goodbye Hollywood.flac,Eminem,Say Goodbye Hollywood,FLAC,821,44100,2,272.84,,,True,True,
Eminem/[2022] The Eminem Show (Expanded 20th anniversary Edition)/13 Eminem - Superman.flac,Eminem,Superman,FLAC,952,44100,2,350.32,,,True,True,
Eminem/[2022] The Eminem Show (Expanded 20th anniversary Edition)/05 Eminem - Square Dance.flac,Eminem,Square Dance,FLAC,899,44100,2,323.72,,,True,True,
Eminem/[2022] The Eminem Show (Expanded 20th anniversary Edition)/23 Eminem - Bump Heads.flac,Eminem,Bump Heads,FLAC,904,44100,2,281.45707482993197,,,True,True,
Eminem/[2022] The Eminem Show (Expanded 20th anniversary Edition)/19 Eminem - My Dad's Gone Crazy.flac,Eminem,My Dad’s Gone Crazy,FLAC,881,44100,2,267.0133333333333,,,True,True,
Eminem/[2022] The Eminem Show (Expanded 20th anniversary Edition)/21 Eminem - Stimulate.flac,Eminem,Stimulate,FLAC,781,44100,2,303.7733333333333,,,True,True,
Eminem/[2022] The Eminem Show (Expanded 20th anniversary Edition)/37 Eminem - Say What You Say (Instrumental).flac,Eminem,Say What You Say (instrumental),FLAC,673,44100,2,306.2909750566893,,,True,True,
"Eminem/[2022] The Eminem Show (Expanded 20th anniversary Edition)/26 Eminem - Brain Damage (Live From Tramps, New York + 1999).flac",Eminem,"Brain Damage (live from Tramps, New York / 1999)",FLAC,840,44100,2,84.56174603174603,,,True,True,
Eminem/[2022] The Eminem Show (Expanded 20th anniversary Edition)/01 Eminem - Curtains Up (Skit).flac,Eminem,Curtains Up (skit),FLAC,619,44100,2,29.826666666666668,,,True,True,
Eminem/[2022] The Eminem Show (Expanded 20th anniversary Edition)/33 Eminem - Square Dance (Instrumental).flac,Eminem,Square Dance (instrumental),FLAC,803,44100,2,377.69666666666666,,,True,True,
"Eminem/[2022] The Eminem Show (Expanded 20th anniversary Edition)/28 Eminem - Just Don't Give A Fuck (Live From Tramps, New York + 1999).flac",Eminem,"Just Don’t Give a Fuck (live from Tramps, New York / 1999)",FLAC,773,44100,2,195.80873015873016,,,True,True,
Eminem/[2022] The Eminem Show (Expanded 20th anniversary Edition)/38 Eminem - 'Till I Collapse (Instrumental).flac,Eminem,Till I Collapse (instrumental),FLAC,831,44100,2,345.10224489795917,,,True,True,
Eminem/[2022] The Eminem Show (Expanded 20th anniversary Edition)/36 Eminem - Superman (Instrumental).flac,Eminem,Superman (instrumental),FLAC,891,44100,2,422.3791156462585,,,True,True,
Eminem/[2022] The Eminem Show (Expanded 20th anniversary Edition)/09 Eminem - Drips.flac,Eminem,Drips,FLAC,861,44100,2,285.64,,,True,True,
Eminem/[2022] The Eminem Show (Expanded 20th anniversary Edition)/12 Eminem - Sing For The Moment.flac,Eminem,Sing for the Moment,FLAC,841,44100,2,339.5466666666667,,,True,True,
Eminem/[2022] The Eminem Show (Expanded 20th anniversary Edition)/34 Eminem - Without Me (Instrumental).flac,Eminem,Without Me (instrumental),FLAC,769,44100,2,288.24086167800453,,,True,True,
Eminem/Eminem - Relapse (2009) {B0012863-02} [FLAC]/07 - Tonya (skit).flac,Eminem,Tonya (skit),FLAC,1004,44100,2,42.22666666666667,,,True,True,
Eminem/Eminem - Relapse (2009) {B0012863-02} [FLAC]/14 - Must Be the Ganja.flac,Eminem,Must Be the Ganja,FLAC,1036,44100,2,242.90666666666667,,,True,True,
Eminem/Eminem - Relapse (2009) {B0012863-02} [FLAC]/19 - Steve Berman (skit).flac,Eminem,Steve Berman (skit),FLAC,697,44100,2,89.18666666666667,,,True,True,
Eminem/Eminem - Relapse (2009) {B0012863-02} [FLAC]/05 - Bagpipes from Baghdad.flac,Eminem,Bagpipes from Baghdad,FLAC,949,44100,2,283.06666666666666,,,True,True,
Eminem/Eminem - Relapse (2009) {B0012863-02} [FLAC]/16 - Déjà vu.flac,Eminem,Déjà vu,FLAC,972,44100,2,283.52,,,True,True,
Eminem/Eminem - Relapse (2009) {B0012863-02} [FLAC]/10 - Medicine Ball.flac,Eminem,Medicine Ball,FLAC,932,44100,2,237.34666666666666,,,True,True,
Eminem/Eminem - Relapse (2009) {B0012863-02} [FLAC]/01 - Dr. West (skit).flac,Eminem,Dr. West (skit),FLAC,725,44100,2,89.54666666666667,,,True,True,
Eminem/Eminem - Relapse (2009) {B0012863-02} [FLAC]/08 - Same Song & Dance.flac,Eminem,Same Song & Dance,FLAC,924,44100,2,246.64,,,True,True,
Eminem/Eminem - Relapse (2009) {B0012863-02} [FLAC]/03 - My Mom.flac,Eminem,My Mom,FLAC,905,44100,2,319.8666666666667,,,True,True,
Eminem/Eminem - Relapse (2009) {B0012863-02} [FLAC]/17 - Beautiful.flac,Eminem,Beautiful,FLAC,876,44100,2,392.82666666666665,,,True,True,
Eminem/Eminem - Relapse (2009) {B0012863-02} [FLAC]/02 - 3 a.m..flac,Eminem,3 a.m.,FLAC,980,44100,2,319.85333333333335,,,True,True,
Eminem/Eminem - Relapse (2009) {B0012863-02} [FLAC]/13 - Old Time's Sake.flac,Eminem feat. Dr. Dre,Old Time's Sake,FLAC,965,44100,2,278.16,,,True,True,
Eminem/Eminem - Relapse (2009) {B0012863-02} [FLAC]/15 - Mr. Mathers (skit).flac,Eminem,Mr. Mathers (skit),FLAC,888,44100,2,42.38666666666666,,,True,True,
Eminem/Eminem - Relapse (2009) {B0012863-02} [FLAC]/09 - We Made You.flac,Eminem,We Made You,FLAC,933,44100,2,269.61333333333334,,,True,True,
Eminem/Eminem - Relapse (2009) {B0012863-02} [FLAC]/12 - Stay Wide Awake.flac,Eminem,Stay Wide Awake,FLAC,917,44100,2,319.97333333333336,,,True,True,
Eminem/Eminem - Relapse (2009) {B0012863-02} [FLAC]/20 - Underground.flac,Eminem,Underground,FLAC,929,44100,2,371.4533333333333,,,True,True,
Eminem/Eminem - Relapse (2009) {B0012863-02} [FLAC]/18 - Crack a Bottle.flac,Eminem feat. Dr. Dre & 50 Cent,Crack a Bottle,FLAC,960,44100,2,297.52,,,True,True,
Eminem/Eminem - Relapse (2009) {B0012863-02} [FLAC]/04 - Insane.flac,Eminem,Insane,FLAC,1029,44100,2,181.36,,,True,True,
Eminem/Eminem - Relapse (2009) {B0012863-02} [FLAC]/11 - Paul (skit).flac,Eminem,Paul (skit),FLAC,471,44100,2,19.4,,,True,True,
Eminem/Eminem - Relapse (2009) {B0012863-02} [FLAC]/06 - Hello.flac,Eminem,Hello,FLAC,918,44100,2,248.2,,,True,True,
Eminem/Eminem - Straight From The Lab [EME18] [2003]/B2. Eminem - Come On In 2003.flac,Eminem,Come On In 2003,FLAC,2867,96000,2,271.67030208333335,,,True,True,
Eminem/Eminem - Straight From The Lab [EME18] [2003]/B1. Eminem - Bully 2003.flac,Eminem,Bully 2003,FLAC,2837,96000,2,314.0,,,True,True,
Eminem/Eminem - Straight From The Lab [EME18] [2003]/B3. Eminem - Edoe Rae Me 2003.flac,Eminem,Edoe Rae Me 2003,FLAC,2906,96000,2,310.60778125,,,True,True,
Eminem/Eminem - Straight From The Lab [EME18] [2003]/A1. Eminem - Monkey See Monkey Do.flac,Eminem,Monkey See Monkey Do,FLAC,2808,96000,2,216.99902083333333,,,True,True,
Eminem/Eminem - Straight From The Lab [EME18] [2003]/A2. Eminem - We Are Americans.flac,Eminem,We Are Americans,FLAC,2703,96000,2,294.68646875,,,True,True,
Eminem/Eminem - Straight From The Lab [EME18] [2003]/A4. Eminem - Can I Bitch 2003.flac,Eminem,Can I Bitch 2003,FLAC,2787,96000,2,298.7066041666667,,,True,True,
Eminem/Eminem - Straight From The Lab [EME18] [2003]/A3. Eminem - I Love You More.flac,Eminem,I Love You More,FLAC,2815,96000,2,292.52930208333333,,,True,True,
Eminem/Eminem - The Marshall Mathers LP 2 (2xLP 180g Vinyl) [FLAC 24bit 96kHz]/B2 - Legacy.flac,Eminem,Legacy,FLAC,2973,96000,2,276.84,,,True,True,
Eminem/Eminem - The Marshall Mathers LP 2 (2xLP 180g Vinyl) [FLAC 24bit 96kHz]/C1 - Rap God.flac,Eminem,Rap God,FLAC,3014,96000,2,357.08,,,True,True,
Eminem/Eminem - The Marshall Mathers LP 2 (2xLP 180g Vinyl) [FLAC 24bit 96kHz]/A2 - Parking Lot (skit).flac,Eminem,Parking Lot (skit),FLAC,2726,96000,2,54.22666666666667,,,True,True,
Eminem/Eminem - The Marshall Mathers LP 2 (2xLP 180g Vinyl) [FLAC 24bit 96kHz]/B3 - Asshole.flac,Eminem feat. Skylar Grey,Asshole,FLAC,3030,96000,2,262.2266666666667,,,True,True,
Eminem/Eminem - The Marshall Mathers LP 2 (2xLP 180g Vinyl) [FLAC 24bit 96kHz]/A3 - Rhyme or Reason.flac,Eminem,Rhyme or Reason,FLAC,2933,96000,2,296.0933333333333,,,True,True,
Eminem/Eminem - The Marshall Mathers LP 2 (2xLP 180g Vinyl) [FLAC 24bit 96kHz]/A4 - So Much Better.flac,Eminem,So Much Better,FLAC,2924,96000,2,267.08,,,True,True,
Eminem/Eminem - The Marshall Mathers LP 2 (2xLP 180g Vinyl) [FLAC 24bit 96kHz]/B1 - Survival.flac,Eminem,Survival,FLAC,3042,96000,2,282.73333333333335,,,True,True,
Eminem/Eminem - The Marshall Mathers LP 2 (2xLP 180g Vinyl) [FLAC 24bit 96kHz]/D3 - Headlights.flac,Eminem feat. Nate Ruess,Headlights,FLAC,2939,96000,2,336.6666666666667,,,True,True,
Eminem/Eminem - The Marshall Mathers LP 2 (2xLP 180g Vinyl) [FLAC 24bit 96kHz]/B4 - Berzerk.flac,Eminem,Berzerk,FLAC,3020,96000,2,245.12,,,True,True,
Eminem/Eminem - The Marshall Mathers LP 2 (2xLP 180g Vinyl) [FLAC 24bit 96kHz]/D4 - Evil Twin.flac,Eminem,Evil Twin,FLAC,2919,96000,2,450.784125,,,True,True,
Eminem/Eminem - The Marshall Mathers LP 2 (2xLP 180g Vinyl) [FLAC 24bit 96kHz]/C2 - Brainless.flac,Eminem,Brainless,FLAC,3063,96000,2,280.4,,,True,True,
Eminem/Eminem - The Marshall Mathers LP 2 (2xLP 180g Vinyl) [FLAC 24bit 96kHz]/C4 - The Monster.flac,Eminem feat. Rihanna,The Monster,FLAC,2993,96000,2,257.05333333333334,,,True,True,
Eminem/Eminem - The Marshall Mathers LP 2 (2xLP 180g Vinyl) [FLAC 24bit 96kHz]/C3 - Stronger Than I Was.flac,Eminem,Stronger Than I Was,FLAC,2843,96000,2,330.96,,,True,True,
Eminem/Eminem - The Marshall Mathers LP 2 (2xLP 180g Vinyl) [FLAC 24bit 96kHz]/D1 - So Far....flac,Eminem,So Far...,FLAC,2923,96000,2,312.0,,,True,True,
Eminem/Eminem - The Marshall Mathers LP 2 (2xLP 180g Vinyl) [FLAC 24bit 96kHz]/D2 - Love Game.flac,Eminem feat. Kendrick Lamar,Love Game,FLAC,2932,96000,2,291.41333333333336,,,True,True,
Eminem/Eminem - The Marshall Mathers LP 2 (2xLP 180g Vinyl) [FLAC 24bit 96kHz]/A1 - Bad Guy.flac,Eminem,Bad Guy,FLAC,2971,96000,2,431.48,,,True,True,
Eminem/Eminem - 2004 - Encore (Vinyl) [FLAC 96kHz 24bit]/C2 Em Calls Paul (Skit).flac,Eminem,Em Calls Paul (Skit),FLAC,2468,96000,2,71.663,,,True,True,
Eminem/Eminem - 2004 - Encore (Vinyl) [FLAC 96kHz 24bit]/B5 Rain Man.flac,Eminem,Rain Man,FLAC,2781,96000,2,312.40215625,,,True,True,
Eminem/Eminem - 2004 - Encore (Vinyl) [FLAC 96kHz 24bit]/D5 Encore.flac,Eminem featuring Dr. Dre & 50 Cent,Encore,FLAC,2887,96000,2,310.85239583333333,,,True,True,
Eminem/Eminem - 2004 - Encore (Vinyl) [FLAC 96kHz 24bit]/C5 Spend Some Time.flac,"Eminem featuring Obie Trice, Stat Quo & 50 Cent",Spend Some Time,FLAC,2813,96000,2,310.70828125,,,True,True,
Eminem/Eminem - 2004 - Encore (Vinyl) [FLAC 96kHz 24bit]/D6 (Curtains).flac,Eminem,(Curtains),FLAC,2762,96000,2,37.02369791666667,,,True,True,
Eminem/Eminem - 2004 - Encore (Vinyl) [FLAC 96kHz 24bit]/A4 Yellow Brick Road.flac,Eminem,Yellow Brick Road,FLAC,2935,96000,2,345.8560625,,,True,True,
Eminem/Eminem - 2004 - Encore (Vinyl) [FLAC 96kHz 24bit]/B2 Puke.flac,Eminem,Puke,FLAC,2819,96000,2,247.49627083333334,,,True,True,
Eminem/Eminem - 2004 - Encore (Vinyl) [FLAC 96kHz 24bit]/A5 Like Toy Soldiers.flac,Eminem,Like Toy Soldiers,FLAC,2916,96000,2,293.3446875,,,True,True,
Eminem/Eminem - 2004 - Encore (Vinyl) [FLAC 96kHz 24bit]/A2 Evil Deeds.flac,Eminem,Evil Deeds,FLAC,2833,96000,2,259.52353125,,,True,True,
Eminem/Eminem - 2004 - Encore (Vinyl) [FLAC 96kHz 24bit]/A1 Curtains Up.flac,Eminem,Curtains Up,FLAC,2663,96000,2,46.00305208333333,,,True,True,
Eminem/Eminem - 2004 - Encore (Vinyl) [FLAC 96kHz 24bit]/C1 Big Weenie.flac,Eminem,Big Weenie,FLAC,2752,96000,2,267.09546875,,,True,True,
Eminem/Eminem - 2004 - Encore (Vinyl) [FLAC 96kHz 24bit]/B4 Paul (Skit).flac,Eminem,Paul (Skit),FLAC,2440,96000,2,31.938125,,,True,True,
Eminem/Eminem - 2004 - Encore (Vinyl) [FLAC 96kHz 24bit]/C3 Just Lose It.flac,Eminem,Just Lose It,FLAC,2883,96000,2,248.07994791666667,,,True,True,
Eminem/Eminem - 2004 - Encore (Vinyl) [FLAC 96kHz 24bit]/D1 Mockingbird.flac,Eminem,Mockingbird,FLAC,2838,96000,2,250.76626041666665,,,True,True,
Eminem/Eminem - 2004 - Encore (Vinyl) [FLAC 96kHz 24bit]/D3 One Shot 2 Shot.flac,Eminem featuring D-12,One Shot 2 Shot,FLAC,2839,96000,2,263.6046875,,,True,True,
Eminem/Eminem - 2004 - Encore (Vinyl) [FLAC 96kHz 24bit]/D2 Crazy in Love.flac,Eminem,Crazy in Love,FLAC,2873,96000,2,242.22780208333333,,,True,True,
Eminem/Eminem - 2004 - Encore (Vinyl) [FLAC 96kHz 24bit]/D4 Final Thought.flac,Eminem,Final Thought,FLAC,2540,96000,2,32.7104375,,,True,True,
Eminem/Eminem - 2004 - Encore (Vinyl) [FLAC 96kHz 24bit]/B1 Mosh.flac,Eminem,Mosh,FLAC,2923,96000,2,317.85872916666665,,,True,True,
Eminem/Eminem - 2004 - Encore (Vinyl) [FLAC 96kHz 24bit]/A3 Never Enough.flac,Eminem featuring 50 Cent & Nate Dogg,Never Enough,FLAC,2910,96000,2,159.494125,,,True,True,
Eminem/Eminem - 2004 - Encore (Vinyl) [FLAC 96kHz 24bit]/C4 Ass Like That.flac,Eminem,Ass Like That,FLAC,2730,96000,2,265.2784375,,,True,True,
Eminem/Eminem - 2004 - Encore (Vinyl) [FLAC 96kHz 24bit]/B3 My 1st Single.flac,Eminem,My 1st Single,FLAC,2987,96000,2,302.3745416666667,,,True,True,
Common feat. De La Soul/One Day It’ll All Make Sense/05 Gettin’ Down at the Amphitheater_1.flac,Common feat. De La Soul,Gettin’ Down at the Amphitheater,FLAC,9436,96000,2,318.6636875,96.0,Em,False,False,
Common feat. De La Soul/One Day It’ll All Make Sense/05 Gettin’ Down at the Amphitheater.flac,Common feat. De La Soul,Gettin’ Down at the Amphitheater,FLAC,9436,96000,2,318.6636875,96.0,Em,False,False,
Common feat. De La Soul/One Day It’ll All Make Sense/05 Gettin’ Down at the Amphitheater_2.flac,Common feat. De La Soul,Gettin’ Down at the Amphitheater,FLAC,9436,96000,2,318.6636875,96.0,Em,False,False,
More_Than_Lights_(Kanser)-The_Electric_Prescription_For_All_Your_Funky_Illz-2009-FTD/10-more_than_lights-pleasant_(band_version)-ftd.mp3,More Than Lights,Pleasant (Band Version),MP3,185,44100,2,282.6,,,True,True,
More_Than_Lights_(Kanser)-The_Electric_Prescription_For_All_Your_Funky_Illz-2009-FTD/03-more_than_lights-look_around-ftd.mp3,More Than Lights,Look Around,MP3,173,44100,2,312.70666666666665,,,True,True,
More_Than_Lights_(Kanser)-The_Electric_Prescription_For_All_Your_Funky_Illz-2009-FTD/09-more_than_lights-be_with_you-ftd.mp3,More Than Lights,Be With You,MP3,182,44100,2,249.0,,,True,True,
More_Than_Lights_(Kanser)-The_Electric_Prescription_For_All_Your_Funky_Illz-2009-FTD/11-more_than_lights-legacy_(band_version)-ftd.mp3,More Than Lights,Legacy (Band Version),MP3,189,44100,2,247.2,,,True,True,
More_Than_Lights_(Kanser)-The_Electric_Prescription_For_All_Your_Funky_Illz-2009-FTD/07-more_than_lights-think_summer-ftd.mp3,More Than Lights,Think Summer,MP3,205,44100,2,99.66666666666667,,,True,True,
More_Than_Lights_(Kanser)-The_Electric_Prescription_For_All_Your_Funky_Illz-2009-FTD/06-more_than_lights-everywhere_we_go-ftd.mp3,More Than Lights,Everywhere We Go,MP3,202,44100,2,294.62666666666667,,,True,True,
More_Than_Lights_(Kanser)-The_Electric_Prescription_For_All_Your_Funky_Illz-2009-FTD/04-more_than_lights-without_a_home_feat._parallax-ftd.mp3,More Than Lights,Without A Home Feat. Parallax,MP3,159,44100,2,202.94666666666666,,,True,True,
More_Than_Lights_(Kanser)-The_Electric_Prescription_For_All_Your_Funky_Illz-2009-FTD/08-more_than_lights-bring_the_heat-ftd.mp3,More Than Lights,Bring The Heat,MP3,204,44100,2,219.17333333333335,,,True,True,
More_Than_Lights_(Kanser)-The_Electric_Prescription_For_All_Your_Funky_Illz-2009-FTD/02-more_than_lights-fireflies-ftd.mp3,More Than Lights,Fireflies,MP3,173,44100,2,285.25333333333333,,,True,True,
More_Than_Lights_(Kanser)-The_Electric_Prescription_For_All_Your_Funky_Illz-2009-FTD/05-more_than_lights-eyes_of_a_lady_feat._lucas_dix-ftd.mp3,More Than Lights,Eyes Of A Lady Feat. Lucas Dix,MP3,175,44100,2,442.48,,,True,True,
More_Than_Lights_(Kanser)-The_Electric_Prescription_For_All_Your_Funky_Illz-2009-FTD/01-more_than_lights-the_electric_prescription___-ftd.mp3,More Than Lights,The Electric Prescription...,MP3,173,44100,2,175.89333333333335,,,True,True,
Donny Hathaway/70s Collection/40 Jealous Guy.flac,Donny Hathaway,Jealous Guy,FLAC,4261,44100,2,188.14666666666668,,,True,True,
Donny Hathaway/70s Collection/40 Jealous Guy_3.flac,Donny Hathaway,Jealous Guy,FLAC,4261,44100,2,188.14666666666668,,,True,True,
Donny Hathaway/70s Collection/40 Jealous Guy_2.flac,Donny Hathaway,Jealous Guy,FLAC,4261,44100,2,188.14666666666668,,,True,True,
Donny Hathaway/70s Collection/40 Jealous Guy_1.flac,Donny Hathaway,Jealous Guy,FLAC,4261,44100,2,188.14666666666668,,,True,True,
"Common & Pete Rock/The Auditorium, Vol. 1/02 Chi‐Town Do It_2.flac",Common & Pete Rock,Chi‐Town Do It,FLAC,29912,48000,2,266.06166666666667,106.0,Ab,False,False,
"Common & Pete Rock/The Auditorium, Vol. 1/05 Fortunate_2.flac",Common & Pete Rock,Fortunate,FLAC,1806,48000,2,254.22191666666666,96.0,B,False,False,
"Common & Pete Rock/The Auditorium, Vol. 1/02 Chi‐Town Do It.flac",Common & Pete Rock,Chi‐Town Do It,FLAC,29912,48000,2,266.06166666666667,106.0,Ab,False,False,
"Common & Pete Rock/The Auditorium, Vol. 1/05 Fortunate_1.flac",Common & Pete Rock,Fortunate,FLAC,1806,48000,2,254.22191666666666,96.0,B,False,False,
"Common & Pete Rock/The Auditorium, Vol. 1/05 Fortunate.flac",Common & Pete Rock,Fortunate,FLAC,1806,48000,2,254.22191666666666,96.0,B,False,False,
"Common & Pete Rock/The Auditorium, Vol. 1/02 Chi‐Town Do It_1.flac",Common & Pete Rock,Chi‐Town Do It,FLAC,29912,48000,2,266.06166666666667,106.0,Ab,False,False,
/Volumes/Music_Studio/DJ Music/DJ Quik/Rhythm‐al‐ism/10 Whateva U Do.flac,,,,,,,,,,True,True,"file said 15306138 bytes, read 3577768 bytes"
/Volumes/Music_Studio/DJ Music/DJ Quik/Rhythm‐al‐ism/10 Whateva U Do_1.flac,,,,,,,,,,True,True,"file said 15306138 bytes, read 3577768 bytes"
Sly Johnson - Mister Johnson (2026 Soul Funk RnB) [Flac 24-44]/03. Sly Johnson - Na Lingi Yo.flac,Sly Johnson,Na Lingi Yo,FLAC,1555,44100,2,222.33333333333334,,,True,True,
Sly Johnson - Mister Johnson (2026 Soul Funk RnB) [Flac 24-44]/05. Sly Johnson - Thinkaboutit.flac,Sly Johnson,Thinkaboutit,FLAC,1565,44100,2,204.90666666666667,,,True,True,
Sly Johnson - Mister Johnson (2026 Soul Funk RnB) [Flac 24-44]/09. Sly Johnson - Born To Love.flac,Sly Johnson,Born To Love,FLAC,1428,44100,2,212.4,,,True,True,
Sly Johnson - Mister Johnson (2026 Soul Funk RnB) [Flac 24-44]/04. Sly Johnson - Dancewithme.flac,Sly Johnson,Dancewithme,FLAC,1656,44100,2,198.94666666666666,,,True,True,
Sly Johnson - Mister Johnson (2026 Soul Funk RnB) [Flac 24-44]/10. Sly Johnson - One Wave.flac,Sly Johnson,One Wave,FLAC,1469,44100,2,227.62666666666667,,,True,True,
Sly Johnson - Mister Johnson (2026 Soul Funk RnB) [Flac 24-44]/01. Sly Johnson - Mister Johnson.flac,Sly Johnson,Mister Johnson,FLAC,1476,44100,2,154.90666666666667,,,True,True,
Sly Johnson - Mister Johnson (2026 Soul Funk RnB) [Flac 24-44]/07. Sly Johnson - Into My Life.flac,Sly Johnson,Into My Life,FLAC,1590,44100,2,245.84,,,True,True,
Sly Johnson - Mister Johnson (2026 Soul Funk RnB) [Flac 24-44]/06. Sly Johnson - I Love You.flac,Sly Johnson,I Love You,FLAC,1536,44100,2,212.14666666666668,,,True,True,
Sly Johnson - Mister Johnson (2026 Soul Funk RnB) [Flac 24-44]/02. Sly Johnson - Pli FО́.flac,Sly Johnson,Pli FО́,FLAC,1633,44100,2,168.57333333333332,,,True,True,
Sly Johnson - Mister Johnson (2026 Soul Funk RnB) [Flac 24-44]/08. Sly Johnson - Bun Dem.flac,Sly Johnson,Bun Dem,FLAC,1586,44100,2,206.34666666666666,,,True,True,
Common feat. Snoh Aalegra & Dreezy/Nobody’s Smiling/06 Hustle Harder_2.flac,Common feat. Snoh Aalegra & Dreezy,Hustle Harder,FLAC,10528,44100,2,238.3078231292517,164.0,Em,False,False,
Common feat. Snoh Aalegra & Dreezy/Nobody’s Smiling/06 Hustle Harder.flac,Common feat. Snoh Aalegra & Dreezy,Hustle Harder,FLAC,10528,44100,2,238.3078231292517,164.0,Em,False,False,
Common feat. Snoh Aalegra & Dreezy/Nobody’s Smiling/06 Hustle Harder_1.flac,Common feat. Snoh Aalegra & Dreezy,Hustle Harder,FLAC,10528,44100,2,238.3078231292517,164.0,Em,False,False,
A$AP Rocky - Don't Be Dumb (FLAC)   16Bit 44.1kHz Rap  Hip-Hop  (2026)  Beats⭐/A$AP Rocky - Don't Be Dumb (FLAC)   16Bit 44.1kHz Rap  Hip-Hop  (2026)  Beats⭐/08. Stop Snitching.flac,A$AP Rocky,Stop Snitching,FLAC,958,44100,2,200.17031746031745,,,True,True,
A$AP Rocky - Don't Be Dumb (FLAC)   16Bit 44.1kHz Rap  Hip-Hop  (2026)  Beats⭐/A$AP Rocky - Don't Be Dumb (FLAC)   16Bit 44.1kHz Rap  Hip-Hop  (2026)  Beats⭐/15. The End.flac,A$AP Rocky,The End,FLAC,810,44100,2,214.7771882086168,,,True,True,
A$AP Rocky - Don't Be Dumb (FLAC)   16Bit 44.1kHz Rap  Hip-Hop  (2026)  Beats⭐/A$AP Rocky - Don't Be Dumb (FLAC)   16Bit 44.1kHz Rap  Hip-Hop  (2026)  Beats⭐/14. Don't Be Dumb _ Trip Baby.flac,A$AP Rocky,Don't Be Dumb / Trip Baby,FLAC,862,44100,2,285.63367346938776,,,True,True,
A$AP Rocky - Don't Be Dumb (FLAC)   16Bit 44.1kHz Rap  Hip-Hop  (2026)  Beats⭐/A$AP Rocky - Don't Be Dumb (FLAC)   16Bit 44.1kHz Rap  Hip-Hop  (2026)  Beats⭐/07. No Trespassing.flac,A$AP Rocky,No Trespassing,FLAC,1021,44100,2,195.12947845804987,,,True,True,
A$AP Rocky - Don't Be Dumb (FLAC)   16Bit 44.1kHz Rap  Hip-Hop  (2026)  Beats⭐/A$AP Rocky - Don't Be Dumb (FLAC)   16Bit 44.1kHz Rap  Hip-Hop  (2026)  Beats⭐/04. Stole Ya Flow.flac,A$AP Rocky,Stole Ya Flow,FLAC,975,44100,2,199.01532879818595,,,True,True,
A$AP Rocky - Don't Be Dumb (FLAC)   16Bit 44.1kHz Rap  Hip-Hop  (2026)  Beats⭐/A$AP Rocky - Don't Be Dumb (FLAC)   16Bit 44.1kHz Rap  Hip-Hop  (2026)  Beats⭐/09. STFU.flac,A$AP Rocky,STFU,FLAC,966,44100,2,178.67310657596371,,,True,True,
A$AP Rocky - Don't Be Dumb (FLAC)   16Bit 44.1kHz Rap  Hip-Hop  (2026)  Beats⭐/A$AP Rocky - Don't Be Dumb (FLAC)   16Bit 44.1kHz Rap  Hip-Hop  (2026)  Beats⭐/11. Air Force (Black Demarco).flac,A$AP Rocky,Air Force (Black Demarco),FLAC,952,44100,2,224.27945578231294,,,True,True,
A$AP Rocky - Don't Be Dumb (FLAC)   16Bit 44.1kHz Rap  Hip-Hop  (2026)  Beats⭐/A$AP Rocky - Don't Be Dumb (FLAC)   16Bit 44.1kHz Rap  Hip-Hop  (2026)  Beats⭐/13. Robbery feat. Doechii.flac,A$AP Rocky,Robbery feat. Doechii,FLAC,868,44100,2,235.20569160997732,,,True,True,
A$AP Rocky - Don't Be Dumb (FLAC)   16Bit 44.1kHz Rap  Hip-Hop  (2026)  Beats⭐/A$AP Rocky - Don't Be Dumb (FLAC)   16Bit 44.1kHz Rap  Hip-Hop  (2026)  Beats⭐/16. Swat Team.flac,A$AP Rocky,Swat Team,FLAC,936,44100,2,192.33281179138322,,,True,True,
A$AP Rocky - Don't Be Dumb (FLAC)   16Bit 44.1kHz Rap  Hip-Hop  (2026)  Beats⭐/A$AP Rocky - Don't Be Dumb (FLAC)   16Bit 44.1kHz Rap  Hip-Hop  (2026)  Beats⭐/05. Stay Here 4 Life.flac,A$AP Rocky,Stay Here 4 Life,FLAC,830,44100,2,346.09331065759636,75.0,Abm,False,False,
A$AP Rocky - Don't Be Dumb (FLAC)   16Bit 44.1kHz Rap  Hip-Hop  (2026)  Beats⭐/A$AP Rocky - Don't Be Dumb (FLAC)   16Bit 44.1kHz Rap  Hip-Hop  (2026)  Beats⭐/12. Whiskey (Release Me) feat. Damon Albarn & Westside Gunn.flac,A$AP Rocky,Whiskey (Release Me) feat. Damon Albarn & Westside Gunn,FLAC,853,44100,2,245.98780045351475,,,True,True,
"A$AP Rocky - Don't Be Dumb (FLAC)   16Bit 44.1kHz Rap  Hip-Hop  (2026)  Beats⭐/A$AP Rocky - Don't Be Dumb (FLAC)   16Bit 44.1kHz Rap  Hip-Hop  (2026)  Beats⭐/17. Fish N Steak (What It Is) feat. Tyler, the Creator.flac",A$AP Rocky,"Fish N Steak (What It Is) feat. Tyler, the Creator",FLAC,866,44100,2,229.1015419501134,,,True,True,
A$AP Rocky - Don't Be Dumb (FLAC)   16Bit 44.1kHz Rap  Hip-Hop  (2026)  Beats⭐/A$AP Rocky - Don't Be Dumb (FLAC)   16Bit 44.1kHz Rap  Hip-Hop  (2026)  Beats⭐/03. Interrogation (Skit).flac,A$AP Rocky,Interrogation (Skit),FLAC,669,44100,2,49.04657596371882,,,True,True,
A$AP Rocky - Don't Be Dumb (FLAC)   16Bit 44.1kHz Rap  Hip-Hop  (2026)  Beats⭐/A$AP Rocky - Don't Be Dumb (FLAC)   16Bit 44.1kHz Rap  Hip-Hop  (2026)  Beats⭐/02. Helicopter.flac,A$AP Rocky,Helicopter,FLAC,1063,44100,2,160.96625850340135,,,True,True,
A$AP Rocky - Don't Be Dumb (FLAC)   16Bit 44.1kHz Rap  Hip-Hop  (2026)  Beats⭐/A$AP Rocky - Don't Be Dumb (FLAC)   16Bit 44.1kHz Rap  Hip-Hop  (2026)  Beats⭐/10. Punk Rocky.flac,A$AP Rocky,Punk Rocky,FLAC,1034,44100,2,234.15063492063493,,,True,True,
A$AP Rocky - Don't Be Dumb (FLAC)   16Bit 44.1kHz Rap  Hip-Hop  (2026)  Beats⭐/A$AP Rocky - Don't Be Dumb (FLAC)   16Bit 44.1kHz Rap  Hip-Hop  (2026)  Beats⭐/01. Order of Protection.flac,A$AP Rocky,Order of Protection,FLAC,977,44100,2,171.8445804988662,,,True,True,
A$AP Rocky - Don't Be Dumb (FLAC)   16Bit 44.1kHz Rap  Hip-Hop  (2026)  Beats⭐/A$AP Rocky - Don't Be Dumb (FLAC)   16Bit 44.1kHz Rap  Hip-Hop  (2026)  Beats⭐/06. Playa.flac,A$AP Rocky,Playa,FLAC,949,44100,2,227.42308390022677,,,True,True,
Nymano j’san/Chillhop Essentials Fall 2018/14 autumn breeze.mp3,Nymano j’san,autumn breeze,MP3,192,44100,2,140.0,,,True,True,
Subtronics/Subtronics - ANTIFRACTALS (2022) [FLAC]/04 - Take Flight (Kai Wachi Remix).flac,Sullivan King & Subtronics,Take Flight (Kai Wachi Remix),FLAC,1091,44100,2,190.37054421768707,,,True,True,
Subtronics/Subtronics - ANTIFRACTALS (2022) [FLAC]/19 - Spacetime VIP (feat. NEVVE).flac,Subtronics feat. Nevve,Spacetime VIP (feat. NEVVE),FLAC,1075,44100,2,168.0,,,True,True,
Subtronics/Subtronics - ANTIFRACTALS (2022) [FLAC]/07 - Morning Coffee (feat. Sony) (Mr. Bill Remix).flac,Subtronics feat. Sony,Morning Coffee (feat. Sony) (Mr. Bill Remix),FLAC,985,44100,2,180.0,,,True,True,
Subtronics/Subtronics - ANTIFRACTALS (2022) [FLAC]/08 - Cyclops Rocks (LEVEL UP Remix).flac,Subtronics,Cyclops Rocks (LEVEL UP Remix),FLAC,1122,44100,2,120.82759637188208,,,True,True,
Subtronics/Subtronics - ANTIFRACTALS (2022) [FLAC]/13 - FUNcKED (HE$H x Versa Remix).flac,Subtronics,FUNcKED (HE$H x Versa Remix),FLAC,1007,44100,2,196.1379365079365,,,True,True,
Subtronics/Subtronics - ANTIFRACTALS (2022) [FLAC]/14 - Gassed Up (feat. Flowdan) (IMANU Remix).flac,Zeds Dead & Subtronics feat. Flowdan,Gassed Up (feat. Flowdan) (IMANU Remix),FLAC,915,44100,2,178.5,,,True,True,
Subtronics/Subtronics - ANTIFRACTALS (2022) [FLAC]/24 - Bunker Buster VIP.flac,Excision & Subtronics,Bunker Buster VIP,FLAC,1133,44100,2,291.3103628117914,,,True,True,
Subtronics/Subtronics - ANTIFRACTALS (2022) [FLAC]/15 - Gassed Up VIP (feat. Flowdan).flac,Zeds Dead & Subtronics feat. Flowdan,Gassed Up VIP (feat. Flowdan),FLAC,1071,44100,2,226.28573696145125,,,True,True,
Subtronics/Subtronics - ANTIFRACTALS (2022) [FLAC]/09 - Hieroglyph (Of The Trees Remix).flac,Subtronics,Hieroglyph (Of The Trees Remix),FLAC,944,44100,2,197.14285714285714,,,True,True,
Subtronics/Subtronics - ANTIFRACTALS (2022) [FLAC]/10 - Cabin Fever (Kompany Remix).flac,Subtronics,Cabin Fever (Kompany Remix),FLAC,1049,44100,2,182.06897959183672,,,True,True,
Subtronics/Subtronics - ANTIFRACTALS (2022) [FLAC]/17 - MetaFractal VIP.flac,Subtronics,MetaFractal VIP,FLAC,1030,44100,2,170.71303854875285,,,True,True,
Subtronics/Subtronics - ANTIFRACTALS (2022) [FLAC]/11 - Flute Dub (A Hundred Drums Remix).flac,Subtronics,Flute Dub (A Hundred Drums Remix),FLAC,1039,44100,2,253.26319727891158,,,True,True,
Subtronics/Subtronics - ANTIFRACTALS (2022) [FLAC]/01 - Into Pieces (Wooli x Grabbitz Remix).flac,Subtronics,Into Pieces (Wooli x Grabbitz Remix),FLAC,1042,44100,2,204.38709750566895,,,True,True,
Subtronics/Subtronics - ANTIFRACTALS (2022) [FLAC]/05 - O.P.U.S. (PEEKABOO Remix).flac,Subtronics,O.P.U.S. (PEEKABOO Remix),FLAC,1110,44100,2,246.85714285714286,,,True,True,
Subtronics/Subtronics - ANTIFRACTALS (2022) [FLAC]/23 - Into Pieces VIP (feat. Grabbitz).flac,Subtronics feat. Grabbitz,Into Pieces VIP (feat. Grabbitz),FLAC,1050,44100,2,217.411768707483,,,True,True,
Subtronics/Subtronics - ANTIFRACTALS (2022) [FLAC]/06 - Gummy Worm (feat. Boogie T) (Dirt Monkey x Jantsen Remix).flac,Subtronics feat. Boogie T,Gummy Worm (feat. Boogie T) (Dirt Monkey x Jantsen Remix),FLAC,1068,44100,2,211.2,,,True,True,
Subtronics/Subtronics - ANTIFRACTALS (2022) [FLAC]/22 - Take Flight Tech House VIP.flac,Sullivan King & Subtronics,Take Flight Tech House VIP,FLAC,888,44100,2,210.0,,,True,True,
Subtronics/Subtronics - ANTIFRACTALS (2022) [FLAC]/02 - Spacetime (feat. NEVVE) (Virtual Riot Remix).flac,Subtronics feat. Nevve,Spacetime (feat. NEVVE) (Virtual Riot Remix),FLAC,1070,44100,2,210.20691609977325,,,True,True,
Subtronics/Subtronics - ANTIFRACTALS (2022) [FLAC]/16 - Cyclops Rocks VIP.flac,Subtronics,Cyclops Rocks VIP,FLAC,1045,44100,2,148.7448299319728,,,True,True,
Subtronics/Subtronics - ANTIFRACTALS (2022) [FLAC]/18 - Hieroglyph VIP.flac,Subtronics,Hieroglyph VIP,FLAC,859,44100,2,169.6421768707483,,,True,True,
Subtronics/Subtronics - ANTIFRACTALS (2022) [FLAC]/20 - Flute Dub VIP.flac,Subtronics,Flute Dub VIP,FLAC,849,44100,2,154.28573696145125,,,True,True,
Subtronics/Subtronics - ANTIFRACTALS (2022) [FLAC]/03 - Tuba Demon (HOL! Remix).flac,Subtronics,Tuba Demon (HOL! Remix),FLAC,1089,44100,2,178.47845804988663,,,True,True,
Subtronics/Subtronics - ANTIFRACTALS (2022) [FLAC]/21 - GRiZTRONICS II (Another Level) VIP.flac,Griz & Subtronics,GRiZTRONICS II (Another Level) VIP,FLAC,1081,44100,2,145.65519274376416,,,True,True,
Subtronics/Subtronics - ANTIFRACTALS (2022) [FLAC]/12 - MetaFractal (MUST DIE! Remix).flac,Subtronics,MetaFractal (MUST DIE! Remix),FLAC,1017,44100,2,164.8,,,True,True,
Subtronics/NSDBL Black Friday Vol. 06/2. XaeboR - Don't Stop.flac,XaeboR,Don't Stop,FLAC,1030,44100,2,288.0134013605442,140.0,,False,True,
Subtronics/NSDBL Black Friday Vol. 06/4. Trampa & TrollPhace - Headbang Gang.flac,Trampa & TrollPhace,Headbang Gang,FLAC,1001,44100,2,208.77430839002267,145.0,,False,True,
Subtronics/NSDBL Black Friday Vol. 06/1. Tokez - Act'n Up.flac,Tokez,Act'n Up,FLAC,1077,44100,2,231.72845804988663,145.0,,False,True,
Subtronics/NSDBL Black Friday Vol. 06/3. Midnight Tyrannosaurus & Subtronics - Revenge Of The Goldfish.flac,Midnight Tyrannosaurus & Subtronics,Revenge Of The Goldfish,FLAC,1175,44100,2,233.37931972789116,145.0,,False,True,
Subtronics/Subtronics - Scream Saver EP/1. Subtronics - Scream Saver.flac,Subtronics,Scream Saver,FLAC,1035,44100,2,236.8,150.0,,False,True,
Subtronics/Subtronics - Scream Saver EP/4. Subtronics - Blow Stuff Up.flac,Subtronics,Blow Stuff Up,FLAC,1036,44100,2,179.2,150.0,,False,True,
Subtronics/Subtronics - Scream Saver EP/2. Subtronics - Lullaby (feat. Virus Syndicate).flac,Subtronics,Lullaby (feat. Virus Syndicate),FLAC,1121,44100,2,219.42857142857142,140.0,,False,True,
Subtronics/Subtronics - Scream Saver EP/3. Subtronics x Akeos - Discotek.flac,Subtronics x Akeos,Discotek,FLAC,1046,44100,2,192.0,150.0,,False,True,
Subtronics/Subtronics - Cyclops Army (2019) (WEB - FLAC - Lossless)/03 - Loopholes.flac,Subtronics,Loopholes,FLAC,1084,44100,2,208.0,,,True,True,
Subtronics/Subtronics - Cyclops Army (2019) (WEB - FLAC - Lossless)/02 - Glitch Fight.flac,Subtronics,Glitch Fight,FLAC,1135,44100,2,224.57142857142858,140.148,,False,True,
Subtronics/Subtronics - Cyclops Army (2019) (WEB - FLAC - Lossless)/01 - Cyclops Army.flac,Subtronics,Cyclops Army,FLAC,954,44100,2,211.86208616780044,,,True,True,
Subtronics/Subtronics - Cyclops Army (2019) (WEB - FLAC - Lossless)/04 - They Call Me.flac,Subtronics,They Call Me,FLAC,1041,44100,2,187.0034693877551,,,True,True,
Subtronics/Subtronics - Wook Laser EP (2018) [FLAC WEB] [NSDBL047]/02_Critical_Strength_Original_Mix.flac,Subtronics,Critical Strength (Original Mix),FLAC,1078,44100,2,208.55174603174603,145.0,,False,True,
Subtronics/Subtronics - Wook Laser EP (2018) [FLAC WEB] [NSDBL047]/01_Wook_Laser_Original_Mix.flac,Subtronics,Wook Laser (Original Mix),FLAC,1131,44100,2,307.2,76.0,,False,True,
Subtronics/Subtronics - Wook Laser EP (2018) [FLAC WEB] [NSDBL047]/03_Blastin_Original_Mix.flac,Subtronics,Blastin (Original Mix),FLAC,1036,44100,2,244.9655328798186,72.0,,False,True,
Subtronics/Subtronics - Wook Laser EP (2018) [FLAC WEB] [NSDBL047]/04_God_Of_Destruction_Original_Mix.flac,"Murda, Subtronics",God Of Destruction (Original Mix),FLAC,989,44100,2,238.34482993197278,144.0,,False,True,
Subtronics/CR023 - Subtronics - Fractals LP/01. Subtronics - O.P.U.S..flac,Subtronics,O.P.U.S.,FLAC,954,44100,2,201.07795918367347,110.0,,False,True,
Subtronics/CR023 - Subtronics - Fractals LP/09. Subtronics & Sullivan King - Take Flight VIP.flac,Subtronics & Sullivan King,Take Flight VIP,FLAC,1147,44100,2,290.6249886621315,128.0,,False,True,
Subtronics/CR023 - Subtronics - Fractals LP/05. Subtronics & Zeds Dead - Gassed Up (feat. Flowdan).flac,Subtronics & Zeds Dead,Gassed Up (feat. Flowdan),FLAC,1126,44100,2,238.17857142857142,140.0,,False,True,
Subtronics/CR023 - Subtronics - Fractals LP/06. Subtronics - Flute Dub.flac,Subtronics,Flute Dub,FLAC,867,44100,2,185.14290249433105,140.0,,False,True,
Subtronics/CR023 - Subtronics - Fractals LP/15. Subtronics - Hieroglyph.flac,Subtronics,Hieroglyph,FLAC,875,44100,2,204.1379365079365,174.0,,False,True,
Subtronics/CR023 - Subtronics - Fractals LP/04. Subtronics - Open Your Mind (Anthology 999) (feat. Cristina Soto).flac,Subtronics,Open Your Mind (Anthology 999) (feat. Cristina Soto),FLAC,1056,44100,2,217.05884353741496,136.0,,False,True,
Subtronics/CR023 - Subtronics - Fractals LP/02. Subtronics - Spacetime (feat. NEVVE).flac,Subtronics,Spacetime (feat. NEVVE),FLAC,1073,44100,2,168.0,140.0,,False,True,
Subtronics/CR023 - Subtronics - Fractals LP/10. Subtronics - Morning Coffee (feat. Sony).flac,Subtronics,Morning Coffee (feat. Sony),FLAC,904,44100,2,152.46913832199547,180.0,,False,True,
Subtronics/CR023 - Subtronics - Fractals LP/13. Subtronics & GRiZ - Griztronics II (Another Level).flac,Subtronics & GRiZ,Griztronics II (Another Level),FLAC,1149,44100,2,165.51725623582766,145.0,,False,True,
Subtronics/CR023 - Subtronics - Fractals LP/14. Subtronics - Tuba Demon.flac,Subtronics,Tuba Demon,FLAC,1100,44100,2,154.75861678004534,145.0,,False,True,
Subtronics/CR023 - Subtronics - Fractals LP/12. Subtronics - FUNcKED.flac,Subtronics,FUNcKED,FLAC,1057,44100,2,179.58848072562358,120.0,,False,True,
Subtronics/CR023 - Subtronics - Fractals LP/08. Subtronics - Cyclops Rocks.flac,Subtronics,Cyclops Rocks,FLAC,1085,44100,2,130.4,150.0,,False,True,
Subtronics/CR023 - Subtronics - Fractals LP/03. Subtronics - Cabin Fever.flac,Subtronics,Cabin Fever,FLAC,1055,44100,2,204.0,140.0,,False,True,
Subtronics/CR023 - Subtronics - Fractals LP/07. Subtronics - Gummy Worm (feat. Boogie T).flac,Subtronics,Gummy Worm (feat. Boogie T),FLAC,1048,44100,2,243.42857142857142,140.0,,False,True,
Subtronics/CR023 - Subtronics - Fractals LP/16. Subtronics - Metafractal.flac,Subtronics,Metafractal,FLAC,1067,44100,2,163.8291836734694,124.0,,False,True,
Subtronics/CR023 - Subtronics - Fractals LP/11. Subtronics - Into Pieces (feat. Grabbitz).flac,Subtronics,Into Pieces (feat. Grabbitz),FLAC,1033,44100,2,211.76471655328797,170.0,,False,True,
Subtronics/Subtronics - Depth Perception (2018) - WEB FLAC [SubCarbon] - album/1-03 - Depth Perception.flac,Subtronics,Depth Perception,FLAC,965,44100,2,228.70589569160998,0.0,,False,True,
Subtronics/Subtronics - Depth Perception (2018) - WEB FLAC [SubCarbon] - album/1-02 - Warp Drive.flac,Subtronics & Dirt Monkey,Warp Drive,FLAC,1103,44100,2,260.2142857142857,0.0,,False,True,
Subtronics/Subtronics - Depth Perception (2018) - WEB FLAC [SubCarbon] - album/1-04 - Hit Em.flac,Subtronics & Boogie T,Hit Em,FLAC,1082,44100,2,236.561768707483,0.0,,False,True,
Subtronics/Subtronics - Depth Perception (2018) - WEB FLAC [SubCarbon] - album/1-01 - Bubble Flex.flac,Subtronics,Bubble Flex,FLAC,1016,44100,2,205.24886621315193,0.0,,False,True,
Subtronics/Subtronics - Wooked On Tronics (2019) [FLAC]/2 - Gyroscope.flac,Subtronics,Gyroscope,FLAC,1007,44100,2,186.1818367346939,,,True,True,
Subtronics/Subtronics - Wooked On Tronics (2019) [FLAC]/5 - MAD.flac,Subtronics;Moody Good,MAD,FLAC,1141,44100,2,253.24138321995466,,,True,True,
Subtronics/Subtronics - Wooked On Tronics (2019) [FLAC]/3 - Face Off.flac,Subtronics,Face Off,FLAC,1013,44100,2,188.68965986394556,,,True,True,
Subtronics/Subtronics - Wooked On Tronics (2019) [FLAC]/1 - Death Wish.flac,Subtronics,Death Wish,FLAC,974,44100,2,183.77469387755102,,,True,True,
Subtronics/Subtronics - Wooked On Tronics (2019) [FLAC]/4 - Failure Rate.flac,Subtronics,Failure Rate,FLAC,1035,44100,2,244.9655328798186,,,True,True,
Subtronics/DRT009 - Subtronics - Thermal Expansion EP/3. Subtronics - Damage Report.flac,Subtronics,Damage Report,FLAC,1059,44100,2,244.9655328798186,145.0,,False,True,
Subtronics/DRT009 - Subtronics - Thermal Expansion EP/4. Subtronics - Thermal Expansion.flac,Subtronics,Thermal Expansion,FLAC,1081,44100,2,212.275873015873,145.0,,False,True,
Subtronics/DRT009 - Subtronics - Thermal Expansion EP/2. Subtronics - Ocean Lab.flac,Subtronics,Ocean Lab,FLAC,1026,44100,2,204.80625850340135,150.0,,False,True,
Subtronics/DRT009 - Subtronics - Thermal Expansion EP/1. Subtronics - Shurikan.flac,Subtronics,Shurikan,FLAC,1148,44100,2,218.48276643990928,145.0,,False,True,
Subtronics/Subtronics - String Theory EP/07. Subtronics - Professor Chaos.flac,Subtronics,Professor Chaos,FLAC,626,44100,2,128.0,150.0,,False,True,
Subtronics/Subtronics - String Theory EP/06. Subtronics - String Theory.flac,Subtronics,String Theory,FLAC,1061,44100,2,229.71428571428572,140.0,,False,True,
Subtronics/Subtronics - String Theory EP/01. Subtronics - Nitrous Mafia.flac,Subtronics,Nitrous Mafia,FLAC,1081,44100,2,182.57142857142858,140.0,,False,True,
Subtronics/Subtronics - String Theory EP/02. Subtronics - Clockwork.flac,Subtronics,Clockwork,FLAC,1020,44100,2,231.72414965986394,145.0,,False,True,
Subtronics/Subtronics - String Theory EP/05. Subtronics & Kompany - Wicked Witch.flac,Subtronics & Kompany,Wicked Witch,FLAC,1099,44100,2,192.0,150.0,,False,True,
Subtronics/Subtronics - String Theory EP/03. Subtronics & Wooli - Melt Ur Brain.flac,Subtronics & Wooli,Melt Ur Brain,FLAC,929,44100,2,185.37931972789116,145.0,,False,True,
Subtronics/Subtronics - String Theory EP/04. Subtronics - bRoKeN cOdE.flac,Subtronics,bRoKeN cOdE,FLAC,1157,44100,2,144.0,135.0,,False,True,
Subtronics/BLA011 - Subtronics - Impact EP/03. Subtronics - Paranoid.flac,Subtronics,Paranoid,FLAC,1166,44100,2,250.40113378684808,140.0,,False,True,
Subtronics/BLA011 - Subtronics - Impact EP/01. Subtronics - Impact.flac,Subtronics,Impact,FLAC,1151,44100,2,239.66961451247167,140.0,,False,True,
Subtronics/BLA011 - Subtronics - Impact EP/04. Subtronics & MVRDA - Brain Damage.flac,Subtronics & MVRDA,Brain Damage,FLAC,1113,44100,2,252.57142857142858,140.0,,False,True,
Subtronics/BLA011 - Subtronics - Impact EP/02. Subtronics - Warp Drive.flac,Subtronics,Warp Drive,FLAC,1131,44100,2,259.9103628117914,140.0,,False,True,
Subtronics/BLA011 - Subtronics - Impact EP/05. Subtronics - Impact.flac,Subtronics,Impact,FLAC,1167,44100,2,234.85714285714286,140.0,,False,True,
Danny Brown/A4 - 3 Tearz.flac,Danny Brown,3 Tearz,FLAC,5894,192000,2,234.2,,,True,True,
Danny Brown/A1 - Change Up.flac,Danny Brown,Change Up,FLAC,5801,192000,2,158.3,,,True,True,
Danny Brown/B2 - uknowhatimsayin.flac,Danny Brown,uknowhatimsayin¿,FLAC,5848,192000,2,173.5,,,True,True,
Danny Brown/B1 - Best Life.flac,Danny Brown,Best Life,FLAC,5814,192000,2,149.7,,,True,True,
Danny Brown/A2 - Theme Song.flac,Danny Brown,Theme Song,FLAC,5805,192000,2,162.9,,,True,True,
Danny Brown/A3 - Dirty Laundry.flac,Danny Brown,Dirty Laundry,FLAC,5726,192000,2,179.8,,,True,True,
Danny Brown/A6 - Savage Nomad.flac,Danny Brown,Savage Nomad,FLAC,5794,192000,2,203.0,,,True,True,
Danny Brown/B3 - Negro Spiritual.flac,Danny Brown,Negro Spiritual,FLAC,5793,192000,2,160.7,,,True,True,
Danny Brown/A5 - Belly Of The Beast.flac,Danny Brown,Belly Of The Beast,FLAC,5726,192000,2,151.4,,,True,True,
The Doppelgangaz/chillhop beat tapes- The Doppelgangaz [side B]/06 Fall Out.mp3,The Doppelgangaz,Fall Out,MP3,192,44100,2,110.81877551020408,,,True,True,
Eminem - Discography 1996-2020 [FLAC] vtwin88cube/2020 - Music To Be Murdered By/02 - Unaccommodating.flac,Eminem,Unaccommodating,FLAC,846,44100,2,216.6,,,True,True,
Eminem - Discography 1996-2020 [FLAC] vtwin88cube/2020 - Music To Be Murdered By/01 - Premonition (Intro).flac,Eminem,Premonition (Intro),FLAC,855,44100,2,173.89333333333335,,,True,True,
Eminem - Discography 1996-2020 [FLAC] vtwin88cube/2020 - Music To Be Murdered By/17 - Farewell.flac,Eminem,Farewell,FLAC,929,44100,2,247.73333333333332,,,True,True,
Eminem - Discography 1996-2020 [FLAC] vtwin88cube/2020 - Music To Be Murdered By/10 - Yah Yah.flac,Eminem,Yah Yah,FLAC,1135,44100,2,286.96,,,True,True,
Eminem - Discography 1996-2020 [FLAC] vtwin88cube/2020 - Music To Be Murdered By/18 - No Regrets.flac,Eminem,No Regrets,FLAC,901,44100,2,200.94666666666666,,,True,True,
Eminem - Discography 1996-2020 [FLAC] vtwin88cube/2020 - Music To Be Murdered By/07 - Godzilla.flac,Eminem,Godzilla,FLAC,890,44100,2,210.8,,,True,True,
Eminem - Discography 1996-2020 [FLAC] vtwin88cube/2020 - Music To Be Murdered By/11 - Stepdad (Intro).flac,Eminem,Stepdad (Intro),FLAC,718,44100,2,15.16,,,True,True,
Eminem - Discography 1996-2020 [FLAC] vtwin88cube/2020 - Music To Be Murdered By/19 - I Will.flac,Eminem,I Will,FLAC,836,44100,2,303.0,,,True,True,
Eminem - Discography 1996-2020 [FLAC] vtwin88cube/2020 - Music To Be Murdered By/15 - Little Engine.flac,Eminem,Little Engine,FLAC,917,44100,2,177.29333333333332,,,True,True,
Eminem - Discography 1996-2020 [FLAC] vtwin88cube/2020 - Music To Be Murdered By/20 - Alfred (Outro).flac,Eminem,Alfred (Outro),FLAC,637,44100,2,39.2,,,True,True,
Eminem - Discography 1996-2020 [FLAC] vtwin88cube/2020 - Music To Be Murdered By/06 - In Too Deep.flac,Eminem,In Too Deep,FLAC,922,44100,2,194.70666666666668,,,True,True,
Eminem - Discography 1996-2020 [FLAC] vtwin88cube/2020 - Music To Be Murdered By/14 - Never Love Again.flac,Eminem,Never Love Again,FLAC,894,44100,2,177.54666666666665,,,True,True,
Eminem - Discography 1996-2020 [FLAC] vtwin88cube/2020 - Music To Be Murdered By/04 - Alfred (Interlude).flac,Eminem,Alfred (Interlude),FLAC,716,44100,2,30.133333333333333,,,True,True,
Eminem - Discography 1996-2020 [FLAC] vtwin88cube/2020 - Music To Be Murdered By/16 - Lock It Up.flac,Eminem,Lock It Up,FLAC,947,44100,2,170.22666666666666,,,True,True,
Eminem - Discography 1996-2020 [FLAC] vtwin88cube/2020 - Music To Be Murdered By/12 - Stepdad.flac,Eminem,Stepdad,FLAC,909,44100,2,213.41333333333333,,,True,True,
Eminem - Discography 1996-2020 [FLAC] vtwin88cube/2020 - Music To Be Murdered By/03 - You Gon' Learn.flac,Eminem,You Gon’ Learn,FLAC,950,44100,2,234.65333333333334,,,True,True,
Eminem - Discography 1996-2020 [FLAC] vtwin88cube/2020 - Music To Be Murdered By/09 - Leaving Heaven.flac,Eminem,Leaving Heaven,FLAC,932,44100,2,265.94666666666666,,,True,True,
Eminem - Discography 1996-2020 [FLAC] vtwin88cube/2020 - Music To Be Murdered By/08 - Darkness.flac,Eminem,Darkness,FLAC,812,44100,2,337.14666666666665,,,True,True,
Eminem - Discography 1996-2020 [FLAC] vtwin88cube/2020 - Music To Be Murdered By/13 - Marsh.flac,Eminem,Marsh,FLAC,856,44100,2,200.57333333333332,,,True,True,
Eminem - Discography 1996-2020 [FLAC] vtwin88cube/2020 - Music To Be Murdered By/05 - Those Kinda Nights.flac,Eminem,Those Kinda Nights,FLAC,914,44100,2,177.69333333333333,,,True,True,
Eminem - Discography 1996-2020 [FLAC] vtwin88cube/2013 - The Marshall Mathers LP2/11 - Stronger Than I Was.flac,Eminem,Stronger Than I Was,FLAC,851,44100,2,336.52,,,True,True,
Eminem - Discography 1996-2020 [FLAC] vtwin88cube/2013 - The Marshall Mathers LP2/16 - Evil Twin.flac,Eminem,Evil Twin,FLAC,1045,44100,2,357.02666666666664,,,True,True,
Eminem - Discography 1996-2020 [FLAC] vtwin88cube/2013 - The Marshall Mathers LP2/08 - Berzerk.flac,Eminem,Berzerk,FLAC,1011,44100,2,238.82666666666665,,,True,True,
Eminem - Discography 1996-2020 [FLAC] vtwin88cube/2013 - The Marshall Mathers LP2/12 - The Monster.flac,Eminem,The Monster,FLAC,1021,44100,2,250.18666666666667,,,True,True,
Eminem - Discography 1996-2020 [FLAC] vtwin88cube/2013 - The Marshall Mathers LP2/09 - Rap God.flac,Eminem,Rap God,FLAC,982,44100,2,363.53333333333336,,,True,True,
Eminem - Discography 1996-2020 [FLAC] vtwin88cube/2013 - The Marshall Mathers LP2/01 - Bad Guy.flac,Eminem,Bad Guy,FLAC,989,44100,2,434.0933333333333,,,True,True,
Eminem - Discography 1996-2020 [FLAC] vtwin88cube/2013 - The Marshall Mathers LP2/04 - So Much Better.flac,Eminem,So Much Better,FLAC,947,44100,2,261.38666666666666,,,True,True,
Eminem - Discography 1996-2020 [FLAC] vtwin88cube/2013 - The Marshall Mathers LP2/07 - Asshole.flac,Eminem,Asshole,FLAC,1044,44100,2,267.1333333333333,,,True,True,
Eminem - Discography 1996-2020 [FLAC] vtwin88cube/2013 - The Marshall Mathers LP2/10 - Brainless.flac,Eminem,Brainless,FLAC,993,44100,2,286.52,,,True,True,
Eminem - Discography 1996-2020 [FLAC] vtwin88cube/2013 - The Marshall Mathers LP2/14 - Love Game.flac,Eminem,Love Game,FLAC,892,44100,2,296.94666666666666,,,True,True,
Eminem - Discography 1996-2020 [FLAC] vtwin88cube/2013 - The Marshall Mathers LP2/13 - So Far....flac,Eminem,So Far…,FLAC,923,44100,2,317.58666666666664,,,True,True,
Eminem - Discography 1996-2020 [FLAC] vtwin88cube/2013 - The Marshall Mathers LP2/02 - Parking Lot (Skit).flac,Eminem,Parking Lot (Skit),FLAC,808,44100,2,55.333333333333336,,,True,True,
Eminem - Discography 1996-2020 [FLAC] vtwin88cube/2013 - The Marshall Mathers LP2/03 - Rhyme Or Reason.flac,Eminem,Rhyme Or Reason,FLAC,944,44100,2,301.72,,,True,True,
Eminem - Discography 1996-2020 [FLAC] vtwin88cube/2013 - The Marshall Mathers LP2/05 - Survival.flac,Eminem,Survival,FLAC,1033,44100,2,273.8933333333333,,,True,True,
Eminem - Discography 1996-2020 [FLAC] vtwin88cube/2013 - The Marshall Mathers LP2/15 - Headlights.flac,Eminem,Headlights,FLAC,946,44100,2,343.04,,,True,True,
Eminem - Discography 1996-2020 [FLAC] vtwin88cube/2013 - The Marshall Mathers LP2/06 - Legacy.flac,Eminem,Legacy,FLAC,979,44100,2,296.29333333333335,,,True,True,
Eminem - Discography 1996-2020 [FLAC] vtwin88cube/2009 - Relapse/CD1/07 - Tonya (Skit).flac,Eminem,Tonya (Skit),FLAC,1007,44100,2,42.22666666666667,,,True,True,
Eminem - Discography 1996-2020 [FLAC] vtwin88cube/2009 - Relapse/CD1/14 - Must Be The Ganja.flac,Eminem,Must Be The Ganja,FLAC,1039,44100,2,242.90666666666667,,,True,True,
Eminem - Discography 1996-2020 [FLAC] vtwin88cube/2009 - Relapse/CD1/19 - Steve Bergman (Skit).flac,Eminem,Steve Bergman (Skit),FLAC,701,44100,2,89.18666666666667,,,True,True,
Eminem - Discography 1996-2020 [FLAC] vtwin88cube/2009 - Relapse/CD1/05 - Bagpipes From Baghdad.flac,Eminem,Bagpipes From Baghdad,FLAC,953,44100,2,283.06666666666666,,,True,True,
Eminem - Discography 1996-2020 [FLAC] vtwin88cube/2009 - Relapse/CD1/10 - Medicine Ball.flac,Eminem,Medicine Ball,FLAC,938,44100,2,237.34666666666666,,,True,True,
Eminem - Discography 1996-2020 [FLAC] vtwin88cube/2009 - Relapse/CD1/01 - Dr. West (Skit).flac,Eminem,Dr. West (Skit),FLAC,730,44100,2,89.54666666666667,,,True,True,
Eminem - Discography 1996-2020 [FLAC] vtwin88cube/2009 - Relapse/CD1/08 - Same Song & Dance.flac,Eminem,Same Song & Dance,FLAC,930,44100,2,246.64,,,True,True,
Eminem - Discography 1996-2020 [FLAC] vtwin88cube/2009 - Relapse/CD1/03 - My Mom.flac,Eminem,My Mom,FLAC,909,44100,2,319.8666666666667,,,True,True,
Eminem - Discography 1996-2020 [FLAC] vtwin88cube/2009 - Relapse/CD1/17 - Beautiful.flac,Eminem,Beautiful,FLAC,883,44100,2,392.82666666666665,,,True,True,
Eminem - Discography 1996-2020 [FLAC] vtwin88cube/2009 - Relapse/CD1/13 - Old Time's Sake (Feat. Dr. Dre).flac,Eminem,Old Time's Sake (Feat. Dr. Dre),FLAC,969,44100,2,278.16,,,True,True,
Eminem - Discography 1996-2020 [FLAC] vtwin88cube/2009 - Relapse/CD1/02 - 3 A.M..flac,Eminem,3 A.M.,FLAC,984,44100,2,319.85333333333335,,,True,True,
Eminem - Discography 1996-2020 [FLAC] vtwin88cube/2009 - Relapse/CD1/16 - Deja Vu.flac,Eminem,Deja Vu,FLAC,977,44100,2,283.52,,,True,True,
Eminem - Discography 1996-2020 [FLAC] vtwin88cube/2009 - Relapse/CD1/15 - Mr. Mathers (Skit).flac,Eminem,Mr. Mathers (Skit),FLAC,894,44100,2,42.38666666666666,,,True,True,
Eminem - Discography 1996-2020 [FLAC] vtwin88cube/2009 - Relapse/CD1/09 - We Made You.flac,Eminem,We Made You,FLAC,938,44100,2,269.61333333333334,,,True,True,
Eminem - Discography 1996-2020 [FLAC] vtwin88cube/2009 - Relapse/CD1/12 - Stay Wide Awake.flac,Eminem,Stay Wide Awake,FLAC,926,44100,2,319.97333333333336,,,True,True,
Eminem - Discography 1996-2020 [FLAC] vtwin88cube/2009 - Relapse/CD1/20 - Underground.flac,Eminem,Underground,FLAC,932,44100,2,371.4533333333333,,,True,True,
Eminem - Discography 1996-2020 [FLAC] vtwin88cube/2009 - Relapse/CD1/18 - Crack A Bottle.flac,Eminem,Crack A Bottle,FLAC,962,44100,2,297.52,,,True,True,
Eminem - Discography 1996-2020 [FLAC] vtwin88cube/2009 - Relapse/CD1/04 - Insane.flac,Eminem,Insane,FLAC,1032,44100,2,181.36,,,True,True,
Eminem - Discography 1996-2020 [FLAC] vtwin88cube/2009 - Relapse/CD1/11 - Paul (Skit).flac,Eminem,Paul (Skit),FLAC,474,44100,2,19.4,,,True,True,
Eminem - Discography 1996-2020 [FLAC] vtwin88cube/2009 - Relapse/CD1/06 - Hello.flac,Eminem,Hello,FLAC,925,44100,2,248.2,,,True,True,
Eminem - Discography 1996-2020 [FLAC] vtwin88cube/2009 - Relapse/CD2 - Relapse Refill/07 - Drop The Bomb On 'em.flac,Eminem,Drop The Bomb On 'em,FLAC,855,44100,2,288.28,,,True,True,
Eminem - Discography 1996-2020 [FLAC] vtwin88cube/2009 - Relapse/CD2 - Relapse Refill/06 - Music Box.flac,Eminem,Music Box,FLAC,944,44100,2,304.9066666666667,,,True,True,
Eminem - Discography 1996-2020 [FLAC] vtwin88cube/2009 - Relapse/CD2 - Relapse Refill/01 - Forever.flac,Eminem,Forever,FLAC,973,44100,2,357.70666666666665,,,True,True,
Eminem - Discography 1996-2020 [FLAC] vtwin88cube/2009 - Relapse/CD2 - Relapse Refill/02 - Hell Breaks Loose.flac,Eminem,Hell Breaks Loose,FLAC,998,44100,2,244.16,,,True,True,
Eminem - Discography 1996-2020 [FLAC] vtwin88cube/2009 - Relapse/CD2 - Relapse Refill/04 - Elevator.flac,Eminem,Elevator,FLAC,902,44100,2,292.93333333333334,,,True,True,
Eminem - Discography 1996-2020 [FLAC] vtwin88cube/2009 - Relapse/CD2 - Relapse Refill/03 - Buffalo Bill.flac,Eminem,Buffalo Bill,FLAC,922,44100,2,236.84,,,True,True,
Eminem - Discography 1996-2020 [FLAC] vtwin88cube/2009 - Relapse/CD2 - Relapse Refill/05 - Taking My Ball.flac,Eminem,Taking My Ball,FLAC,941,44100,2,302.58666666666664,,,True,True,
Eminem - Discography 1996-2020 [FLAC] vtwin88cube/2002 - 8 Mile/CD2 - The Shady Aftermath Sampler/05 - The Weekend.flac,Brooklyn,The Weekend,FLAC,1007,44100,2,185.46666666666667,,,True,True,
Eminem - Discography 1996-2020 [FLAC] vtwin88cube/2002 - 8 Mile/CD2 - The Shady Aftermath Sampler/04 - Gangsta.flac,Joe Beast,Gangsta,FLAC,863,44100,2,215.62666666666667,,,True,True,
Eminem - Discography 1996-2020 [FLAC] vtwin88cube/2002 - 8 Mile/CD2 - The Shady Aftermath Sampler/06 - California.flac,Shaunta,California,FLAC,962,44100,2,209.54666666666665,,,True,True,
Eminem - Discography 1996-2020 [FLAC] vtwin88cube/2002 - 8 Mile/CD2 - The Shady Aftermath Sampler/03 - 'Til I Collapse Freestyle.flac,50 Cent,'Til I Collapse Freestyle,FLAC,657,44100,2,86.0,,,True,True,
Eminem - Discography 1996-2020 [FLAC] vtwin88cube/2002 - 8 Mile/CD2 - The Shady Aftermath Sampler/02 - Stimulate.flac,Eminem,Stimulate,FLAC,807,44100,2,303.1066666666667,,,True,True,
Eminem - Discography 1996-2020 [FLAC] vtwin88cube/2002 - 8 Mile/CD2 - The Shady Aftermath Sampler/01 - Rap Name.flac,Obie Trice,Rap Name,FLAC,921,44100,2,301.8666666666667,,,True,True,
Eminem - Discography 1996-2020 [FLAC] vtwin88cube/2002 - 8 Mile/CD1/11 - Wanksta.flac,50 Cent,Wanksta,FLAC,893,44100,2,218.70666666666668,,,True,True,
Eminem - Discography 1996-2020 [FLAC] vtwin88cube/2002 - 8 Mile/CD1/04 - Adrenaline Rush.flac,Obie Trice,Adrenaline Rush,FLAC,792,44100,2,228.89333333333335,,,True,True,
Eminem - Discography 1996-2020 [FLAC] vtwin88cube/2002 - 8 Mile/CD1/07 - 8 Miles And Runnin'.flac,Jay-Z Featuring Freeway,8 Miles And Runnin',FLAC,795,44100,2,248.17333333333335,,,True,True,
Eminem - Discography 1996-2020 [FLAC] vtwin88cube/2002 - 8 Mile/CD1/12 - Wasting My Time.flac,Boomkat (Taryn Manning),Wasting My Time,FLAC,821,44100,2,217.93333333333334,,,True,True,
Eminem - Discography 1996-2020 [FLAC] vtwin88cube/2002 - 8 Mile/CD1/13 - R.A.K.I.M..flac,Rakim,R.A.K.I.M.,FLAC,951,44100,2,263.49333333333334,,,True,True,
Eminem - Discography 1996-2020 [FLAC] vtwin88cube/2002 - 8 Mile/CD1/03 - 8 Mile.flac,Eminem,8 Mile,FLAC,843,44100,2,360.6,,,True,True,
Eminem - Discography 1996-2020 [FLAC] vtwin88cube/2002 - 8 Mile/CD1/02 - Love Me.flac,Eminem / Obie Trice / 50 Cent,Love Me,FLAC,824,44100,2,270.74666666666667,,,True,True,
Eminem - Discography 1996-2020 [FLAC] vtwin88cube/2002 - 8 Mile/CD1/08 - Spit Shine.flac,Xzibit,Spit Shine,FLAC,879,44100,2,219.13333333333333,,,True,True,
Eminem - Discography 1996-2020 [FLAC] vtwin88cube/2002 - 8 Mile/CD1/09 - Time Of My Life.flac,Macy Gray,Time Of My Life,FLAC,970,44100,2,261.46666666666664,,,True,True,
Eminem - Discography 1996-2020 [FLAC] vtwin88cube/2002 - 8 Mile/CD1/14 - That's My Nigga Fo' Real.flac,Young Zee,That's My Nigga Fo' Real,FLAC,875,44100,2,285.6,,,True,True,
Eminem - Discography 1996-2020 [FLAC] vtwin88cube/2002 - 8 Mile/CD1/05 - Places To Go.flac,50 Cent,Places To Go,FLAC,882,44100,2,255.04,,,True,True,
Eminem - Discography 1996-2020 [FLAC] vtwin88cube/2002 - 8 Mile/CD1/16 - Rabbit Run.flac,Eminem,Rabbit Run,FLAC,895,44100,2,190.06666666666666,,,True,True,
Eminem - Discography 1996-2020 [FLAC] vtwin88cube/2002 - 8 Mile/CD1/06 - Rap Game.flac,D12,Rap Game,FLAC,817,44100,2,353.76,,,True,True,
Eminem - Discography 1996-2020 [FLAC] vtwin88cube/2002 - 8 Mile/CD1/15 - Battle.flac,Gangstarr,Battle,FLAC,759,44100,2,176.46666666666667,,,True,True,
Eminem - Discography 1996-2020 [FLAC] vtwin88cube/2002 - 8 Mile/CD1/01 - Lose Yourself.flac,Eminem,Lose Yourself,FLAC,808,44100,2,320.29333333333335,,,True,True,
Eminem - Discography 1996-2020 [FLAC] vtwin88cube/2002 - 8 Mile/CD1/10 - U Wanna Be Me.flac,Nas,U Wanna Be Me,FLAC,871,44100,2,230.42666666666668,,,True,True,
Eminem - Discography 1996-2020 [FLAC] vtwin88cube/2010 - Recovery/01 - Cold Wind Blows.flac,Eminem,Cold Wind Blows,FLAC,1027,44100,2,303.73333333333335,,,True,True,
Eminem - Discography 1996-2020 [FLAC] vtwin88cube/2010 - Recovery/15 - Love The Way You Lie.flac,Eminem,Love The Way You Lie,FLAC,946,44100,2,263.37333333333333,,,True,True,
Eminem - Discography 1996-2020 [FLAC] vtwin88cube/2010 - Recovery/11 - Cinderella Man.flac,Eminem,Cinderella Man,FLAC,1008,44100,2,279.0133333333333,,,True,True,
Eminem - Discography 1996-2020 [FLAC] vtwin88cube/2010 - Recovery/13 - So Bad.flac,Eminem,So Bad,FLAC,954,44100,2,325.3466666666667,,,True,True,
Eminem - Discography 1996-2020 [FLAC] vtwin88cube/2010 - Recovery/08 - Seduction.flac,Eminem,Seduction,FLAC,923,44100,2,275.4,,,True,True,
Eminem - Discography 1996-2020 [FLAC] vtwin88cube/2010 - Recovery/12 - 25 To Life.flac,Eminem,25 To Life,FLAC,979,44100,2,241.58666666666667,,,True,True,
Eminem - Discography 1996-2020 [FLAC] vtwin88cube/2010 - Recovery/02 - Talkin' 2 Myself.flac,Eminem,Talkin' 2 Myself,FLAC,1006,44100,2,300.4266666666667,,,True,True,
Eminem - Discography 1996-2020 [FLAC] vtwin88cube/2010 - Recovery/06 - Going Through Changes.flac,Eminem,Going Through Changes,FLAC,945,44100,2,298.8933333333333,,,True,True,
Eminem - Discography 1996-2020 [FLAC] vtwin88cube/2010 - Recovery/09 - No Love.flac,Eminem,No Love,FLAC,1027,44100,2,299.50666666666666,,,True,True,
Eminem - Discography 1996-2020 [FLAC] vtwin88cube/2010 - Recovery/10 - Space Bound.flac,Eminem,Space Bound,FLAC,985,44100,2,278.64,,,True,True,
Eminem - Discography 1996-2020 [FLAC] vtwin88cube/2010 - Recovery/05 - W.T.P..flac,Eminem,W.T.P.,FLAC,995,44100,2,238.17333333333335,,,True,True,
Eminem - Discography 1996-2020 [FLAC] vtwin88cube/2010 - Recovery/14 - Almost Famous.flac,Eminem,Almost Famous,FLAC,1034,44100,2,292.48,,,True,True,
Eminem - Discography 1996-2020 [FLAC] vtwin88cube/2010 - Recovery/17 - [Untitled].flac,Eminem,[Untitled],FLAC,950,44100,2,194.44,,,True,True,
Eminem - Discography 1996-2020 [FLAC] vtwin88cube/2010 - Recovery/04 - Won't Back Down.flac,Eminem,Won't Back Down,FLAC,1057,44100,2,265.9066666666667,,,True,True,
Eminem - Discography 1996-2020 [FLAC] vtwin88cube/2010 - Recovery/16 - You're Never Over.flac,Eminem,You're Never Over,FLAC,1104,44100,2,305.68,,,True,True,
Eminem - Discography 1996-2020 [FLAC] vtwin88cube/2010 - Recovery/07 - Not Afraid.flac,Eminem,Not Afraid,FLAC,973,44100,2,248.13333333333333,,,True,True,
Eminem - Discography 1996-2020 [FLAC] vtwin88cube/2010 - Recovery/03 - On Fire.flac,Eminem,On Fire,FLAC,1042,44100,2,213.49333333333334,,,True,True,
Eminem - Discography 1996-2020 [FLAC] vtwin88cube/2006 - Eminem Presents The Re-Up/05 - Everything Is Shady [Cashis].flac,Ca$his,Everything Is Shady,FLAC,930,44100,2,269.46666666666664,,,True,True,
Eminem - Discography 1996-2020 [FLAC] vtwin88cube/2006 - Eminem Presents The Re-Up/04 - Murder [Bizarre & Kuniva Of D-12].flac,Bizarre & Kuniva,Murder,FLAC,941,44100,2,130.61333333333334,,,True,True,
Eminem - Discography 1996-2020 [FLAC] vtwin88cube/2006 - Eminem Presents The Re-Up/13 - We Ride For Shady [Obie Trice & Cashis].flac,Obie Trice & Ca$his,We Ride For Shady,FLAC,908,44100,2,188.18666666666667,,,True,True,
Eminem - Discography 1996-2020 [FLAC] vtwin88cube/2006 - Eminem Presents The Re-Up/15 - Tryin' Ta Win [Stat Quo].flac,Stat Quo,Tryin' Ta Win,FLAC,809,44100,2,232.92,,,True,True,
Eminem - Discography 1996-2020 [FLAC] vtwin88cube/2006 - Eminem Presents The Re-Up/09 - Trapped [Proof Of D-12].flac,Proof,Trapped,FLAC,879,44100,2,58.28,,,True,True,
"Eminem - Discography 1996-2020 [FLAC] vtwin88cube/2006 - Eminem Presents The Re-Up/07 - You Don't Know [50 Cent, Eminem, Cashis & Lloyd Banks].flac","50 Cent, Eminem, Ca$his & Lloyd Banks",You Don't Know,FLAC,1014,44100,2,257.9066666666667,,,True,True,
Eminem - Discography 1996-2020 [FLAC] vtwin88cube/2006 - Eminem Presents The Re-Up/22 - No Apologies [Eminem].flac,Eminem,No Apologies,FLAC,788,44100,2,258.64,,,True,True,
Eminem - Discography 1996-2020 [FLAC] vtwin88cube/2006 - Eminem Presents The Re-Up/19 - Ski Mask Way [Eminem Remix-50 Cent].flac,50 Cent,Ski Mask Way (Eminem Remix),FLAC,900,44100,2,184.04,,,True,True,
Eminem - Discography 1996-2020 [FLAC] vtwin88cube/2006 - Eminem Presents The Re-Up/14 - There He Is [Bobby Creekwater].flac,Bobby Creekwater,There He Is,FLAC,866,44100,2,265.0133333333333,,,True,True,
Eminem - Discography 1996-2020 [FLAC] vtwin88cube/2006 - Eminem Presents The Re-Up/18 - Get Low [Stat Quo].flac,Stat Quo,Get Low,FLAC,952,44100,2,199.8,,,True,True,
Eminem - Discography 1996-2020 [FLAC] vtwin88cube/2006 - Eminem Presents The Re-Up/12 - By My Side [Stat Quo].flac,Stat Quo,By My Side,FLAC,908,44100,2,246.76,,,True,True,
"Eminem - Discography 1996-2020 [FLAC] vtwin88cube/2006 - Eminem Presents The Re-Up/21 - Cry Now [Shady Remix-Obie Trice, Kuniva, Bobby Creekwater, Cashis & Stat Quo].flac","Obie Trice, Kuniva, Bobby Creekwater, Ca$his & Stat Quo",Cry Now (Shady Remix),FLAC,1038,44100,2,309.70666666666665,,,True,True,
Eminem - Discography 1996-2020 [FLAC] vtwin88cube/2006 - Eminem Presents The Re-Up/06 - The Re-Up [Eminem & 50 Cent].flac,50 Cent & Eminem,The Re-Up,FLAC,860,44100,2,177.90666666666667,,,True,True,
Eminem - Discography 1996-2020 [FLAC] vtwin88cube/2006 - Eminem Presents The Re-Up/10 - Whatever You Want [Swifty Mc Vay & Mr. Porter Of D-12].flac,Mr. Porter & Swifty Mcvay,Whatever You Want,FLAC,993,44100,2,168.97333333333333,,,True,True,
Eminem - Discography 1996-2020 [FLAC] vtwin88cube/2006 - Eminem Presents The Re-Up/08 - Jimmy Crack Corn [Eminem & 50 Cent].flac,50 Cent & Eminem,Jimmy Crack Corn,FLAC,918,44100,2,234.45333333333335,,,True,True,
Eminem - Discography 1996-2020 [FLAC] vtwin88cube/2006 - Eminem Presents The Re-Up/01 - Shady Narcotics [Eminem Intro].flac,Eminem,Shady Narcotics,FLAC,961,44100,2,56.45333333333333,,,True,True,
"Eminem - Discography 1996-2020 [FLAC] vtwin88cube/2006 - Eminem Presents The Re-Up/02 - We're Back [Eminem, Obie Trice, Stat Quo, Bobby Creekwater & Cashis].flac","Eminem, Obie Trice, Stat Quo, Bobby Creekwater & Ca$his",We're Back,FLAC,905,44100,2,239.64,,,True,True,
Eminem - Discography 1996-2020 [FLAC] vtwin88cube/2006 - Eminem Presents The Re-Up/17 - Public Enemy #1 [Eminem].flac,Eminem,Public Enemy #1,FLAC,893,44100,2,114.52,,,True,True,
Eminem - Discography 1996-2020 [FLAC] vtwin88cube/2006 - Eminem Presents The Re-Up/16 - Smack That [Remix-Akon feat. Stat Quo & Bobby Creekwater].flac,Stat Quo & Bobby Creekwater,Smack That (Remix),FLAC,946,44100,2,311.92,,,True,True,
Eminem - Discography 1996-2020 [FLAC] vtwin88cube/2006 - Eminem Presents The Re-Up/11 - Talkin' All That [Cashis].flac,Ca$his,Talkin' All That,FLAC,946,44100,2,245.42666666666668,,,True,True,
"Eminem - Discography 1996-2020 [FLAC] vtwin88cube/2006 - Eminem Presents The Re-Up/20 - Shake That [Remix-Nate Dogg, Eminem, Obie Trice & Bobby Creekwater].flac","Nate Dogg, Eminem, Obie Trice & Bobby Creekwater",Shake That (Remix),FLAC,853,44100,2,179.56,,,True,True,
Eminem - Discography 1996-2020 [FLAC] vtwin88cube/2006 - Eminem Presents The Re-Up/03 - Pistol Pistol [Remix-Obie Trice].flac,Obie Trice,Pistol Pistol (Remix),FLAC,884,44100,2,145.81333333333333,,,True,True,
Eminem - Discography 1996-2020 [FLAC] vtwin88cube/1996 - Infinite/01 - Infinite.flac,Eminem,Infinite,FLAC,892,48000,2,241.51072916666666,,,True,True,
Eminem - Discography 1996-2020 [FLAC] vtwin88cube/1996 - Infinite/04 - Tonite.flac,Eminem,Tonite,FLAC,853,48000,2,225.20102083333333,,,True,True,
Eminem - Discography 1996-2020 [FLAC] vtwin88cube/1996 - Infinite/11 - Jealousy Woes II.flac,Eminem,Jealousy Woes II,FLAC,850,48000,2,204.59770833333334,,,True,True,
Eminem - Discography 1996-2020 [FLAC] vtwin88cube/1996 - Infinite/06 - Maxine.flac,Eminem,Maxine,FLAC,787,48000,2,236.02220833333334,,,True,True,
Eminem - Discography 1996-2020 [FLAC] vtwin88cube/1996 - Infinite/08 - Never 2 Far.flac,Eminem,Never 2 Far,FLAC,800,48000,2,220.61241666666666,,,True,True,
Eminem - Discography 1996-2020 [FLAC] vtwin88cube/1996 - Infinite/05 - 313.flac,Eminem,313,FLAC,867,48000,2,251.89958333333334,,,True,True,
Eminem - Discography 1996-2020 [FLAC] vtwin88cube/1996 - Infinite/10 - Backstabber.flac,Eminem,Backstabber,FLAC,750,48000,2,203.87760416666666,,,True,True,
Eminem - Discography 1996-2020 [FLAC] vtwin88cube/1996 - Infinite/07 - Open Mic.flac,Eminem,Open Mic,FLAC,809,48000,2,241.178875,,,True,True,
Eminem - Discography 1996-2020 [FLAC] vtwin88cube/1999 - The Slim Shady LP/15 - Just Don't Give A Fuck.flac,Eminem,Just Don’t Give A Fuck,FLAC,1048,44100,2,242.57333333333332,,,True,True,
Eminem - Discography 1996-2020 [FLAC] vtwin88cube/1999 - The Slim Shady LP/01 - Public Service Announcement.flac,Eminem,Public Service Announcement,FLAC,625,44100,2,33.22666666666667,,,True,True,
Eminem - Discography 1996-2020 [FLAC] vtwin88cube/1999 - The Slim Shady LP/03 - Guilty Conscience.flac,Eminem,Guilty Conscience,FLAC,848,44100,2,199.33333333333334,,,True,True,
Eminem - Discography 1996-2020 [FLAC] vtwin88cube/1999 - The Slim Shady LP/07 - 97' Bonnie & Clyde.flac,Eminem,97’ Bonnie & Clyde,FLAC,868,44100,2,316.4,,,True,True,
Eminem - Discography 1996-2020 [FLAC] vtwin88cube/1999 - The Slim Shady LP/11 - My Fault.flac,Eminem,My Fault,FLAC,852,44100,2,241.6,,,True,True,
Eminem - Discography 1996-2020 [FLAC] vtwin88cube/1999 - The Slim Shady LP/14 - Rock Bottom.flac,Eminem,Rock Bottom,FLAC,821,44100,2,214.09333333333333,,,True,True,
Eminem - Discography 1996-2020 [FLAC] vtwin88cube/1999 - The Slim Shady LP/16 - Soap.flac,Eminem,Soap,FLAC,814,44100,2,34.6,,,True,True,
Eminem - Discography 1996-2020 [FLAC] vtwin88cube/1999 - The Slim Shady LP/18 - I'm Shady.flac,Eminem,I’m Shady,FLAC,991,44100,2,211.96,,,True,True,
Eminem - Discography 1996-2020 [FLAC] vtwin88cube/1999 - The Slim Shady LP/04 - Brain Damage.flac,Eminem,Brain Damage,FLAC,885,44100,2,226.73333333333332,,,True,True,
Eminem - Discography 1996-2020 [FLAC] vtwin88cube/1999 - The Slim Shady LP/08 - Bitch.flac,Eminem,Bitch,FLAC,699,44100,2,19.706666666666667,,,True,True,
Eminem - Discography 1996-2020 [FLAC] vtwin88cube/1999 - The Slim Shady LP/05 - Paul.flac,Eminem,Paul,FLAC,664,44100,2,15.84,,,True,True,
Eminem - Discography 1996-2020 [FLAC] vtwin88cube/1999 - The Slim Shady LP/19 - Bad Meets Evil.flac,Eminem,Bad Meets Evil,FLAC,897,44100,2,253.06666666666666,,,True,True,
Eminem - Discography 1996-2020 [FLAC] vtwin88cube/1999 - The Slim Shady LP/13 - Cum On Everybody.flac,Eminem,Cum On Everybody,FLAC,932,44100,2,219.24,,,True,True,
Eminem - Discography 1996-2020 [FLAC] vtwin88cube/1999 - The Slim Shady LP/10 - Lounge.flac,Eminem,Lounge,FLAC,810,44100,2,46.53333333333333,,,True,True,
Eminem - Discography 1996-2020 [FLAC] vtwin88cube/1999 - The Slim Shady LP/09 - Role Model.flac,Eminem,Role Model,FLAC,799,44100,2,205.4,,,True,True,
Eminem - Discography 1996-2020 [FLAC] vtwin88cube/1999 - The Slim Shady LP/20 - Still Don't Give A Fuck.flac,Eminem,Still Don’t Give A Fuck,FLAC,865,44100,2,252.70666666666668,,,True,True,
Eminem - Discography 1996-2020 [FLAC] vtwin88cube/1999 - The Slim Shady LP/06 - If I Had.flac,Eminem,If I Had,FLAC,886,44100,2,245.49333333333334,,,True,True,
Eminem - Discography 1996-2020 [FLAC] vtwin88cube/1999 - The Slim Shady LP/12 - Ken Kaniff.flac,Eminem,Ken Kaniff,FLAC,715,44100,2,76.29333333333334,,,True,True,
Eminem - Discography 1996-2020 [FLAC] vtwin88cube/1999 - The Slim Shady LP/17 - As The World Turns.flac,Eminem,As The World Turns,FLAC,878,44100,2,265.3333333333333,,,True,True,
Eminem - Discography 1996-2020 [FLAC] vtwin88cube/1999 - The Slim Shady LP/02 - My Name Is.flac,Eminem,My Name Is,FLAC,814,44100,2,268.4,,,True,True,
Eminem - Discography 1996-2020 [FLAC] vtwin88cube/2000 - The Marshall Mathers LP/16 - Kim.flac,Eminem,Kim,FLAC,964,44100,2,377.8666666666667,,,True,True,
Eminem - Discography 1996-2020 [FLAC] vtwin88cube/2000 - The Marshall Mathers LP/08 - The Real Slim Shady.flac,Eminem,The Real Slim Shady,FLAC,873,44100,2,284.50666666666666,,,True,True,
Eminem - Discography 1996-2020 [FLAC] vtwin88cube/2000 - The Marshall Mathers LP/09 - Remember Me.flac,Eminem,Remember Me?,FLAC,916,44100,2,218.49333333333334,,,True,True,
Eminem - Discography 1996-2020 [FLAC] vtwin88cube/2000 - The Marshall Mathers LP/14 - Amityville.flac,Eminem,Amityville,FLAC,919,44100,2,254.77333333333334,,,True,True,
Eminem - Discography 1996-2020 [FLAC] vtwin88cube/2000 - The Marshall Mathers LP/13 - Drug Ballad.flac,Eminem,Drug Ballad,FLAC,879,44100,2,300.29333333333335,,,True,True,
Eminem - Discography 1996-2020 [FLAC] vtwin88cube/2000 - The Marshall Mathers LP/02 - Kill You.flac,Eminem,Kill You,FLAC,697,44100,2,264.4,,,True,True,
Eminem - Discography 1996-2020 [FLAC] vtwin88cube/2000 - The Marshall Mathers LP/18 - Criminal.flac,Eminem,Criminal,FLAC,812,44100,2,319.02666666666664,,,True,True,
Eminem - Discography 1996-2020 [FLAC] vtwin88cube/2000 - The Marshall Mathers LP/01 - Public Service Announcement 2000.flac,Eminem,Public Service Announcement 2000,FLAC,586,44100,2,25.226666666666667,,,True,True,
Eminem - Discography 1996-2020 [FLAC] vtwin88cube/2000 - The Marshall Mathers LP/05 - Who Knew.flac,Eminem,Who Knew,FLAC,781,44100,2,227.76,,,True,True,
Eminem - Discography 1996-2020 [FLAC] vtwin88cube/2000 - The Marshall Mathers LP/15 - Bitch Please II.flac,Eminem,Bitch Please II,FLAC,847,44100,2,288.2266666666667,,,True,True,
Eminem - Discography 1996-2020 [FLAC] vtwin88cube/2000 - The Marshall Mathers LP/03 - Stan.flac,Eminem,Stan,FLAC,933,44100,2,403.97333333333336,,,True,True,
Eminem - Discography 1996-2020 [FLAC] vtwin88cube/2000 - The Marshall Mathers LP/10 - I'm Back.flac,Eminem,I’m Back,FLAC,770,44100,2,310.1333333333333,,,True,True,
Eminem - Discography 1996-2020 [FLAC] vtwin88cube/2000 - The Marshall Mathers LP/11 - Marshall Mathers.flac,Eminem,Marshall Mathers,FLAC,827,44100,2,320.9066666666667,,,True,True,
Eminem - Discography 1996-2020 [FLAC] vtwin88cube/2000 - The Marshall Mathers LP/04 - Paul (Skit).flac,Eminem,Paul (Skit),FLAC,471,44100,2,10.733333333333333,,,True,True,
Eminem - Discography 1996-2020 [FLAC] vtwin88cube/2000 - The Marshall Mathers LP/06 - Steve Berman.flac,Eminem,Steve Berman,FLAC,776,44100,2,53.53333333333333,,,True,True,
Eminem - Discography 1996-2020 [FLAC] vtwin88cube/2000 - The Marshall Mathers LP/12 - Ken Kaniff (Skit).flac,Eminem,Ken Kaniff (Skit),FLAC,902,44100,2,61.8,,,True,True,
Eminem - Discography 1996-2020 [FLAC] vtwin88cube/2000 - The Marshall Mathers LP/07 - The Way I Am.flac,Eminem,The Way I Am,FLAC,906,44100,2,290.46666666666664,,,True,True,
Eminem - Discography 1996-2020 [FLAC] vtwin88cube/2000 - The Marshall Mathers LP/17 - Under The Influence.flac,Eminem,Under The Influence,FLAC,817,44100,2,322.24,,,True,True,
Eminem - Discography 1996-2020 [FLAC] vtwin88cube/2018 - Kamikaze/02 - Greatest.flac,Eminem,Greatest,FLAC,1045,44100,2,226.93755102040816,,,True,True,
Eminem - Discography 1996-2020 [FLAC] vtwin88cube/2018 - Kamikaze/10 - Fall.flac,Eminem,Fall,FLAC,993,44100,2,262.493537414966,,,True,True,
Eminem - Discography 1996-2020 [FLAC] vtwin88cube/2018 - Kamikaze/07 - Stepping Stone.flac,Eminem,Stepping Stone,FLAC,1051,44100,2,309.63791383219956,,,True,True,
Eminem - Discography 1996-2020 [FLAC] vtwin88cube/2018 - Kamikaze/01 - The Ringer.flac,Eminem,The Ringer,FLAC,954,44100,2,337.94120181405896,,,True,True,
Eminem - Discography 1996-2020 [FLAC] vtwin88cube/2018 - Kamikaze/05 - Normal.flac,Eminem,Normal,FLAC,1017,44100,2,222.47714285714287,,,True,True,
Eminem - Discography 1996-2020 [FLAC] vtwin88cube/2018 - Kamikaze/06 - Em Calls Paul (Skit).flac,Eminem,Em Calls Paul (Skit),FLAC,599,44100,2,49.023990929705214,,,True,True,
Eminem - Discography 1996-2020 [FLAC] vtwin88cube/2018 - Kamikaze/04 - Paul (Skit).flac,Eminem,Paul (Skit),FLAC,599,44100,2,35.24,,,True,True,
Eminem - Discography 1996-2020 [FLAC] vtwin88cube/2018 - Kamikaze/08 - Not Alike.flac,Eminem,Not Alike,FLAC,1065,44100,2,288.08653061224487,,,True,True,
Eminem - Discography 1996-2020 [FLAC] vtwin88cube/2018 - Kamikaze/03 - Lucky You.flac,Eminem,Lucky You,FLAC,1061,44100,2,244.67904761904762,,,True,True,
Eminem - Discography 1996-2020 [FLAC] vtwin88cube/2018 - Kamikaze/09 - Kamikaze.flac,Eminem,Kamikaze,FLAC,1101,44100,2,216.02909297052153,,,True,True,
Eminem - Discography 1996-2020 [FLAC] vtwin88cube/2018 - Kamikaze/11 - Nice Guy.flac,Eminem,Nice Guy,FLAC,992,44100,2,150.8015873015873,,,True,True,
Eminem - Discography 1996-2020 [FLAC] vtwin88cube/2018 - Kamikaze/12 - Good Guy.flac,Eminem,Good Guy,FLAC,1062,44100,2,142.19201814058957,,,True,True,
Eminem - Discography 1996-2020 [FLAC] vtwin88cube/2005 - Curtain Call The Hits/CD1/17 - Stan (Live).flac,Eminem,Stan (Live),FLAC,851,44100,2,380.28,,,True,True,
Eminem - Discography 1996-2020 [FLAC] vtwin88cube/2005 - Curtain Call The Hits/CD1/02 - Fack.flac,Eminem,Fack,FLAC,810,44100,2,205.76,,,True,True,
Eminem - Discography 1996-2020 [FLAC] vtwin88cube/2005 - Curtain Call The Hits/CD1/09 - Without Me.flac,Eminem,Without Me,FLAC,865,44100,2,291.2133333333333,,,True,True,
Eminem - Discography 1996-2020 [FLAC] vtwin88cube/2005 - Curtain Call The Hits/CD1/01 - Intro (Curtain Call).flac,Eminem,Intro (Curtain Call),FLAC,834,44100,2,33.986666666666665,,,True,True,
Eminem - Discography 1996-2020 [FLAC] vtwin88cube/2005 - Curtain Call The Hits/CD1/07 - Shake That.flac,Eminem,Shake That,FLAC,786,44100,2,274.44,,,True,True,
Eminem - Discography 1996-2020 [FLAC] vtwin88cube/2005 - Curtain Call The Hits/CD1/06 - Lose Yourself.flac,Eminem,Lose Yourself,FLAC,802,44100,2,326.46666666666664,,,True,True,
Eminem - Discography 1996-2020 [FLAC] vtwin88cube/2005 - Curtain Call The Hits/CD1/16 - When I'm Gone.flac,Eminem,When I'm Gone,FLAC,899,44100,2,281.1333333333333,,,True,True,
Eminem - Discography 1996-2020 [FLAC] vtwin88cube/2005 - Curtain Call The Hits/CD1/08 - Sing For The Moment.flac,Eminem,Sing For The Moment,FLAC,841,44100,2,340.26666666666665,,,True,True,
Eminem - Discography 1996-2020 [FLAC] vtwin88cube/2005 - Curtain Call The Hits/CD1/14 - Cleanin' Out My Closet.flac,Eminem,Cleanin' Out My Closet,FLAC,776,44100,2,298.96,,,True,True,
Eminem - Discography 1996-2020 [FLAC] vtwin88cube/2005 - Curtain Call The Hits/CD1/10 - Like Toy Soldiers.flac,Eminem,Like Toy Soldiers,FLAC,910,44100,2,295.6666666666667,,,True,True,
Eminem - Discography 1996-2020 [FLAC] vtwin88cube/2005 - Curtain Call The Hits/CD1/04 - My Name Is.flac,Eminem,My Name Is,FLAC,814,44100,2,268.85333333333335,,,True,True,
Eminem - Discography 1996-2020 [FLAC] vtwin88cube/2005 - Curtain Call The Hits/CD1/11 - The Real Slim Shady.flac,Eminem,The Real Slim Shady,FLAC,871,44100,2,284.8,,,True,True,
Eminem - Discography 1996-2020 [FLAC] vtwin88cube/2005 - Curtain Call The Hits/CD1/15 - Just Lose It.flac,Eminem,Just Lose It,FLAC,800,44100,2,248.6,,,True,True,
Eminem - Discography 1996-2020 [FLAC] vtwin88cube/2005 - Curtain Call The Hits/CD1/12 - Mockingbird.flac,Eminem,Mockingbird,FLAC,819,44100,2,251.26666666666668,,,True,True,
Eminem - Discography 1996-2020 [FLAC] vtwin88cube/2005 - Curtain Call The Hits/CD1/05 - Stan.flac,Eminem,Stan,FLAC,921,44100,2,404.4266666666667,,,True,True,
Eminem - Discography 1996-2020 [FLAC] vtwin88cube/2005 - Curtain Call The Hits/CD1/03 - The Way I Am.flac,Eminem,The Way I Am,FLAC,894,44100,2,291.12,,,True,True,
Eminem - Discography 1996-2020 [FLAC] vtwin88cube/2005 - Curtain Call The Hits/CD1/13 - Guilty Conscience.flac,Eminem,Guilty Conscience,FLAC,839,44100,2,200.21333333333334,,,True,True,
Eminem - Discography 1996-2020 [FLAC] vtwin88cube/2005 - Curtain Call The Hits/CD2 - Stan's Mixtape/06 - Renegade.flac,Eminem,Renegade,FLAC,736,44100,2,337.5733333333333,,,True,True,
Eminem - Discography 1996-2020 [FLAC] vtwin88cube/2005 - Curtain Call The Hits/CD2 - Stan's Mixtape/02 - Role Model.flac,Eminem,Role Model,FLAC,793,44100,2,206.73333333333332,,,True,True,
Eminem - Discography 1996-2020 [FLAC] vtwin88cube/2005 - Curtain Call The Hits/CD2 - Stan's Mixtape/03 - Kill You.flac,Eminem,Kill You,FLAC,750,44100,2,266.50666666666666,,,True,True,
Eminem - Discography 1996-2020 [FLAC] vtwin88cube/2005 - Curtain Call The Hits/CD2 - Stan's Mixtape/04 - Shit On You.flac,Eminem,Shit On You,FLAC,804,44100,2,329.76,,,True,True,
Eminem - Discography 1996-2020 [FLAC] vtwin88cube/2005 - Curtain Call The Hits/CD2 - Stan's Mixtape/05 - Criminal.flac,Eminem,Criminal,FLAC,821,44100,2,314.8933333333333,,,True,True,
Eminem - Discography 1996-2020 [FLAC] vtwin88cube/2005 - Curtain Call The Hits/CD2 - Stan's Mixtape/07 - Just Don't Give A Fuck.flac,Eminem,Just Don't Give A Fuck,FLAC,1023,44100,2,241.96,,,True,True,
Eminem - Discography 1996-2020 [FLAC] vtwin88cube/2005 - Curtain Call The Hits/CD2 - Stan's Mixtape/01 - Dead Wrong (Remix).flac,Eminem,Dead Wrong (Remix),FLAC,888,44100,2,299.44,,,True,True,
Eminem - Discography 1996-2020 [FLAC] vtwin88cube/2017 - Revival/12 - Framed.flac,Eminem,Framed,FLAC,933,44100,2,253.16,,,True,True,
Eminem - Discography 1996-2020 [FLAC] vtwin88cube/2017 - Revival/13 - Nowhere Fast.flac,Eminem,Nowhere Fast,FLAC,999,44100,2,264.17333333333335,,,True,True,
Eminem - Discography 1996-2020 [FLAC] vtwin88cube/2017 - Revival/10 - Bad Husband.flac,Eminem,Bad Husband,FLAC,994,44100,2,287.8933333333333,,,True,True,
Eminem - Discography 1996-2020 [FLAC] vtwin88cube/2017 - Revival/05 - River.flac,Eminem,River,FLAC,875,44100,2,221.01333333333332,,,True,True,
Eminem - Discography 1996-2020 [FLAC] vtwin88cube/2017 - Revival/02 - Believe.flac,Eminem,Believe,FLAC,774,44100,2,315.3466666666667,,,True,True,
Eminem - Discography 1996-2020 [FLAC] vtwin88cube/2017 - Revival/07 - Remind Me.flac,Eminem,Remind Me,FLAC,959,44100,2,225.17333333333335,,,True,True,
Eminem - Discography 1996-2020 [FLAC] vtwin88cube/2017 - Revival/09 - Like Home.flac,Eminem,Like Home,FLAC,957,44100,2,245.46666666666667,,,True,True,
Eminem - Discography 1996-2020 [FLAC] vtwin88cube/2017 - Revival/03 - Chloraseptic.flac,Eminem,Chloraseptic,FLAC,881,44100,2,301.14666666666665,,,True,True,
Eminem - Discography 1996-2020 [FLAC] vtwin88cube/2017 - Revival/11 - Tragic Endings.flac,Eminem,Tragic Endings,FLAC,851,44100,2,252.02666666666667,,,True,True,
Eminem - Discography 1996-2020 [FLAC] vtwin88cube/2017 - Revival/06 - Remind Me (Intro).flac,Eminem,Remind Me (Intro),FLAC,663,44100,2,26.333333333333332,,,True,True,
Eminem - Discography 1996-2020 [FLAC] vtwin88cube/2017 - Revival/17 - In Your Head.flac,Eminem,In Your Head,FLAC,1006,44100,2,182.64,,,True,True,
Eminem - Discography 1996-2020 [FLAC] vtwin88cube/2017 - Revival/16 - Need Me.flac,Eminem,Need Me,FLAC,1002,44100,2,265.46666666666664,,,True,True,
Eminem - Discography 1996-2020 [FLAC] vtwin88cube/2017 - Revival/01 - Walk On Water.flac,Eminem,Walk On Water,FLAC,729,44100,2,303.64,,,True,True,
Eminem - Discography 1996-2020 [FLAC] vtwin88cube/2017 - Revival/18 - Castle.flac,Eminem,Castle,FLAC,900,44100,2,254.76,,,True,True,
Eminem - Discography 1996-2020 [FLAC] vtwin88cube/2017 - Revival/08 - Revival (Interlude).flac,Eminem,Revival (Interlude),FLAC,747,44100,2,51.82666666666667,,,True,True,
Eminem - Discography 1996-2020 [FLAC] vtwin88cube/2017 - Revival/19 - Arose.flac,Eminem,Arose,FLAC,905,44100,2,274.62666666666667,,,True,True,
Eminem - Discography 1996-2020 [FLAC] vtwin88cube/2017 - Revival/15 - Offended.flac,Eminem,Offended,FLAC,829,44100,2,320.92,,,True,True,
Eminem - Discography 1996-2020 [FLAC] vtwin88cube/2017 - Revival/04 - Untouchable.flac,Eminem,Untouchable,FLAC,1005,44100,2,370.1333333333333,,,True,True,
Eminem - Discography 1996-2020 [FLAC] vtwin88cube/2017 - Revival/14 - Heat.flac,Eminem,Heat,FLAC,896,44100,2,250.0,,,True,True,
Eminem - Discography 1996-2020 [FLAC] vtwin88cube/2002 - The Eminem Show/10 - Without Me.flac,Eminem,Without Me,FLAC,878,44100,2,290.32,,,True,True,
Eminem - Discography 1996-2020 [FLAC] vtwin88cube/2002 - The Eminem Show/15 - Steve Berman (Skit).flac,Eminem,Steve Berman (Skit),FLAC,577,44100,2,33.10666666666667,,,True,True,
Eminem - Discography 1996-2020 [FLAC] vtwin88cube/2002 - The Eminem Show/05 - Square Dance.flac,Eminem,Square Dance,FLAC,900,44100,2,323.72,,,True,True,
Eminem - Discography 1996-2020 [FLAC] vtwin88cube/2002 - The Eminem Show/20 - Curtains Close (Skit).flac,Eminem,Curtains Close (Skit),FLAC,632,44100,2,61.86666666666667,,,True,True,
Eminem - Discography 1996-2020 [FLAC] vtwin88cube/2002 - The Eminem Show/08 - Say Goodbye Hollywood.flac,Eminem,Say Goodbye Hollywood,FLAC,840,44100,2,272.84,,,True,True,
Eminem - Discography 1996-2020 [FLAC] vtwin88cube/2002 - The Eminem Show/09 - Drips.flac,Eminem,Drips,FLAC,861,44100,2,285.64,,,True,True,
Eminem - Discography 1996-2020 [FLAC] vtwin88cube/2002 - The Eminem Show/18 - 'Till I Collapse.flac,Eminem,’Till I Collapse,FLAC,942,44100,2,297.7866666666667,,,True,True,
Eminem - Discography 1996-2020 [FLAC] vtwin88cube/2002 - The Eminem Show/01 - Curtains Up (Skit).flac,Eminem,Curtains Up (Skit),FLAC,622,44100,2,29.826666666666668,,,True,True,
Eminem - Discography 1996-2020 [FLAC] vtwin88cube/2002 - The Eminem Show/12 - Sing For The Moment.flac,Eminem,Sing For The Moment,FLAC,847,44100,2,339.5466666666667,,,True,True,
Eminem - Discography 1996-2020 [FLAC] vtwin88cube/2002 - The Eminem Show/03 - Business.flac,Eminem,Business,FLAC,849,44100,2,251.72,,,True,True,
Eminem - Discography 1996-2020 [FLAC] vtwin88cube/2002 - The Eminem Show/14 - Hailie's Song.flac,Eminem,Hailie’s Song,FLAC,866,44100,2,320.64,,,True,True,
Eminem - Discography 1996-2020 [FLAC] vtwin88cube/2002 - The Eminem Show/11 - Paul Rosenberg (Skit).flac,Eminem,Paul Rosenberg (Skit),FLAC,600,44100,2,22.746666666666666,,,True,True,
Eminem - Discography 1996-2020 [FLAC] vtwin88cube/2002 - The Eminem Show/19 - My Dad's Gone Crazy.flac,Eminem,My Dad’s Gone Crazy,FLAC,881,44100,2,267.0133333333333,,,True,True,
Eminem - Discography 1996-2020 [FLAC] vtwin88cube/2002 - The Eminem Show/06 - The Kiss (Skit).flac,Eminem,The Kiss (Skit),FLAC,754,44100,2,75.92,,,True,True,
Eminem - Discography 1996-2020 [FLAC] vtwin88cube/2002 - The Eminem Show/07 - Soldier.flac,Eminem,Soldier,FLAC,903,44100,2,226.21333333333334,,,True,True,
Eminem - Discography 1996-2020 [FLAC] vtwin88cube/2002 - The Eminem Show/17 - Say What You Say.flac,Eminem,Say What You Say,FLAC,823,44100,2,309.8933333333333,,,True,True,
Eminem - Discography 1996-2020 [FLAC] vtwin88cube/2002 - The Eminem Show/04 - Cleanin Out My Closet.flac,Eminem,Cleanin Out My Closet,FLAC,788,44100,2,297.84,,,True,True,
Eminem - Discography 1996-2020 [FLAC] vtwin88cube/2002 - The Eminem Show/16 - When The Music Stops.flac,Eminem,When The Music Stops,FLAC,891,44100,2,269.0133333333333,,,True,True,
Eminem - Discography 1996-2020 [FLAC] vtwin88cube/2002 - The Eminem Show/02 - White America.flac,Eminem,White America,FLAC,862,44100,2,324.5466666666667,,,True,True,
Eminem - Discography 1996-2020 [FLAC] vtwin88cube/2002 - The Eminem Show/13 - Superman.flac,Eminem,Superman,FLAC,954,44100,2,350.32,,,True,True,
Eminem - Discography 1996-2020 [FLAC] vtwin88cube/2004 - Encore/CD2/03 - Ricky Ticky Toc.flac,Eminem,Ricky Ticky Toc,FLAC,807,44100,2,169.58666666666667,,,True,True,
Eminem - Discography 1996-2020 [FLAC] vtwin88cube/2004 - Encore/CD2/01 - We As Americans.flac,Eminem,We As Americans,FLAC,835,44100,2,279.32,,,True,True,
Eminem - Discography 1996-2020 [FLAC] vtwin88cube/2004 - Encore/CD2/02 - Love You More.flac,Eminem,Love You More,FLAC,751,44100,2,287.12,,,True,True,
Eminem - Discography 1996-2020 [FLAC] vtwin88cube/2004 - Encore/CD1/14 - Ass Like That.flac,Eminem,Ass Like That,FLAC,754,44100,2,265.48,,,True,True,
Eminem - Discography 1996-2020 [FLAC] vtwin88cube/2004 - Encore/CD1/05 - Like Toy Soldiers.flac,Eminem,Like Toy Soldiers,FLAC,907,44100,2,296.88,,,True,True,
Eminem - Discography 1996-2020 [FLAC] vtwin88cube/2004 - Encore/CD1/02 - Evil Deeds.flac,Eminem,Evil Deeds,FLAC,852,44100,2,259.5733333333333,,,True,True,
Eminem - Discography 1996-2020 [FLAC] vtwin88cube/2004 - Encore/CD1/01 - Curtains Up.flac,Eminem,Curtains Up,FLAC,747,44100,2,46.86666666666667,,,True,True,
Eminem - Discography 1996-2020 [FLAC] vtwin88cube/2004 - Encore/CD1/18 - One Shot 2 Shot.flac,Eminem,One Shot 2 Shot,FLAC,817,44100,2,266.5733333333333,,,True,True,
Eminem - Discography 1996-2020 [FLAC] vtwin88cube/2004 - Encore/CD1/12 - Em Calls Paul (Skit).flac,Eminem,Em Calls Paul (Skit),FLAC,370,44100,2,71.74666666666667,,,True,True,
Eminem - Discography 1996-2020 [FLAC] vtwin88cube/2004 - Encore/CD1/04 - Yellow Brick Road.flac,Eminem,Yellow Brick Road,FLAC,884,44100,2,346.25333333333333,,,True,True,
Eminem - Discography 1996-2020 [FLAC] vtwin88cube/2004 - Encore/CD1/03 - Never Enough.flac,Eminem,Never Enough,FLAC,877,44100,2,159.78666666666666,,,True,True,
Eminem - Discography 1996-2020 [FLAC] vtwin88cube/2004 - Encore/CD1/11 - Big Weenie.flac,Eminem,Big Weenie,FLAC,797,44100,2,266.93333333333334,,,True,True,
Eminem - Discography 1996-2020 [FLAC] vtwin88cube/2004 - Encore/CD1/16 - Mockingbird.flac,Eminem,Mockingbird,FLAC,820,44100,2,250.76,,,True,True,
Eminem - Discography 1996-2020 [FLAC] vtwin88cube/2004 - Encore/CD1/07 - Puke.flac,Eminem,Puke,FLAC,826,44100,2,247.82666666666665,,,True,True,
Eminem - Discography 1996-2020 [FLAC] vtwin88cube/2004 - Encore/CD1/20 - Encore  (Curtains).flac,Eminem,Encore / (Curtains),FLAC,863,44100,2,348.4,,,True,True,
Eminem - Discography 1996-2020 [FLAC] vtwin88cube/2004 - Encore/CD1/13 - Just Lose It.flac,Eminem,Just Lose It,FLAC,798,44100,2,248.68,,,True,True,
Eminem - Discography 1996-2020 [FLAC] vtwin88cube/2004 - Encore/CD1/17 - Crazy In Love.flac,Eminem,Crazy In Love,FLAC,885,44100,2,242.30666666666667,,,True,True,
Eminem - Discography 1996-2020 [FLAC] vtwin88cube/2004 - Encore/CD1/10 - Rain Man.flac,Eminem,Rain Man,FLAC,763,44100,2,313.94666666666666,,,True,True,
Eminem - Discography 1996-2020 [FLAC] vtwin88cube/2004 - Encore/CD1/06 - Mosh.flac,Eminem,Mosh,FLAC,940,44100,2,317.81333333333333,,,True,True,
Eminem - Discography 1996-2020 [FLAC] vtwin88cube/2004 - Encore/CD1/09 - Paul (Skit).flac,Eminem,Paul (Skit),FLAC,338,44100,2,32.026666666666664,,,True,True,
Eminem - Discography 1996-2020 [FLAC] vtwin88cube/2004 - Encore/CD1/15 - Spend Some Time.flac,Eminem,Spend Some Time,FLAC,799,44100,2,310.72,,,True,True,
Eminem - Discography 1996-2020 [FLAC] vtwin88cube/2004 - Encore/CD1/08 - My 1St Single.flac,Eminem,My 1St Single,FLAC,890,44100,2,302.84,,,True,True,
Eminem - Discography 1996-2020 [FLAC] vtwin88cube/2004 - Encore/CD1/19 - Final Thought (Skit).flac,Eminem,Final Thought (Skit),FLAC,651,44100,2,30.2,,,True,True,
DMX/09 What These Bitches Want.flac,DMX,What These Bitches Want,FLAC,951,44100,2,253.02666666666667,,,True,True,
DMX/DMX - Year of the Dog… Again - 09 - Give ’Em What They Want.flac,DMX,Give 'Em What They Want,FLAC,948,44100,2,166.70666666666668,,,True,True,
DMX/DMX - Year of the Dog… Again - 12 - Goodbye.flac,DMX,Goodbye,FLAC,1030,44100,2,290.06666666666666,,,True,True,
DMX/DMX - Year of the Dog… Again - 01 - Intro.flac,DMX,Intro,FLAC,884,44100,2,92.85333333333334,,,True,True,
DMX/10 What’s My Name .flac,DMX,What’s My Name?,FLAC,1051,44100,2,232.33333333333334,,,True,True,
DMX/DMX - Year of the Dog… Again - 13 - Life Be My Song.flac,DMX,Life Be My Song,FLAC,965,44100,2,242.44,,,True,True,
DMX/02 One More Road to Cross.flac,DMX,One More Road to Cross,FLAC,960,44100,2,260.44,,,True,True,
DMX/06 Here We Go Again.flac,DMX,Here We Go Again,FLAC,903,44100,2,232.93333333333334,,,True,True,
DMX/DMX - Year of the Dog… Again - 14 - The Prayer VI.flac,DMX,The Prayer VI,FLAC,684,44100,2,90.93333333333334,,,True,True,
DMX/DMX - Year of the Dog… Again - 11 - Blown Away.flac,DMX,Blown Away (Feat. Jinx & Janyce),FLAC,967,44100,2,242.94666666666666,,,True,True,
DMX/17 Angel.flac,DMX,Angel,FLAC,922,44100,2,307.06666666666666,,,True,True,
DMX/11 More 2 a Song.flac,DMX,More 2 a Song,FLAC,980,44100,2,222.24,,,True,True,
DMX/DMX - Year of the Dog… Again - 06 - Baby Motha.flac,DMX,Baby Motha,FLAC,991,44100,2,281.37333333333333,,,True,True,
DMX/01 The Kennel (skit).flac,DMX,The Kennel (skit),FLAC,630,44100,2,36.16,,,True,True,
DMX/15 Comin’ for Ya.flac,DMX,Comin’ for Ya,FLAC,966,44100,2,242.2,,,True,True,
DMX/DMX - Year of the Dog… Again - 08 - Wrong or Right (I’m Tired).flac,DMX,Wrong Or Right (I'm Tired) (Feat. BZR Royale),FLAC,807,44100,2,324.44,,,True,True,
DMX/08 Make a Move.flac,DMX,Make a Move,FLAC,983,44100,2,213.64,,,True,True,
DMX/13 The Shakedown (skit).flac,DMX,The Shakedown (skit),FLAC,599,44100,2,35.2,,,True,True,
DMX/DMX - Year of the Dog… Again - 17 - Pump Ya Fist.flac,DMX,Pump Ya Fist,FLAC,972,44100,2,271.4533333333333,,,True,True,
DMX/DMX - Year of the Dog… Again - 16 - Who Dat.flac,DMX,Who Dat,FLAC,860,44100,2,285.4,,,True,True,
DMX/16 Prayer III.flac,DMX,Prayer III,FLAC,552,44100,2,119.8,,,True,True,
"DMX/18 Good Girls, Bad Guys.flac",DMX,"Good Girls, Bad Guys",FLAC,993,44100,2,235.37333333333333,,,True,True,
DMX/14 D-X-L (Hard White).flac,DMX,D-X-L (Hard White),FLAC,1024,44100,2,261.8933333333333,,,True,True,
DMX/12 Don’t You Ever.flac,DMX,Don’t You Ever,FLAC,1026,44100,2,228.33333333333334,,,True,True,
DMX/07 Party Up (Up in Here).flac,DMX,Party Up (Up in Here),FLAC,1008,44100,2,268.8666666666667,,,True,True,
DMX/04 Fame.flac,DMX,Fame,FLAC,994,44100,2,217.44,,,True,True,
DMX/03 The Professional.flac,DMX,The Professional,FLAC,978,44100,2,215.29333333333332,,,True,True,
DMX/DMX - Year of the Dog… Again - 15 - Lord Give Me a Sign.flac,DMX,Lord Give Me A Sign,FLAC,951,44100,2,208.76,,,True,True,
DMX/05 Alot to Learn (skit).flac,DMX,Alot to Learn (skit),FLAC,845,44100,2,39.56,,,True,True,
DMX/DMX - Year of the Dog… Again - 05 - It’s Personal.flac,DMX,It's Personal (Feat. Jadakiss & Styles P),FLAC,906,44100,2,224.25333333333333,,,True,True,
DMX/DMX - Year of the Dog… Again - 03 - I Run Shit.flac,DMX,I Run S*** (Feat. Big Stan),FLAC,968,44100,2,236.76,,,True,True,
DMX/DMX - Year of the Dog… Again - 07 - Dog Love.flac,DMX,Dog Love (Feat. Janyce & Amerie),FLAC,949,44100,2,222.96,,,True,True,
DMX/DMX - Year of the Dog… Again - 10 - Walk These Dogs.flac,DMX,Walk These Dogs (Feat. Kashmir),FLAC,1053,44100,2,176.53333333333333,,,True,True,
DMX/DMX - Year of the Dog… Again - 04 - Come Thru (Move).flac,DMX,Come Thru (Move) (Feat. Busta Rhymes),FLAC,924,44100,2,221.94666666666666,,,True,True,
DMX/DMX - Year of the Dog… Again - 02 - We in Here.flac,DMX,We In Here (Feat. Swizz Beatz),FLAC,950,44100,2,234.81333333333333,,,True,True,
DMX/It's Dark And Hell Is Hot/03 Fuckin' Wit' D_1.flac,DMX,Fuckin' Wit' D,FLAC,6813,44100,2,138.02666666666667,,,True,True,
DMX/It's Dark And Hell Is Hot/19 Niggaz Done Started Something_2.flac,DMX,Niggaz Done Started Something,FLAC,40690,44100,2,309.2266666666667,,,True,True,
DMX/It's Dark And Hell Is Hot/19 Niggaz Done Started Something_3.flac,DMX,Niggaz Done Started Something,FLAC,40690,44100,2,309.2266666666667,,,True,True,
DMX/It's Dark And Hell Is Hot/03 Fuckin' Wit' D.flac,DMX,Fuckin' Wit' D,FLAC,6813,44100,2,138.02666666666667,,,True,True,
DMX/It's Dark And Hell Is Hot/03 Fuckin' Wit' D_3.flac,DMX,Fuckin' Wit' D,FLAC,6813,44100,2,138.02666666666667,,,True,True,
DMX/It's Dark And Hell Is Hot/19 Niggaz Done Started Something.flac,DMX,Niggaz Done Started Something,FLAC,40690,44100,2,309.2266666666667,,,True,True,
DMX/It's Dark And Hell Is Hot/19 Niggaz Done Started Something_1.flac,DMX,Niggaz Done Started Something,FLAC,40690,44100,2,309.2266666666667,,,True,True,
DMX/It's Dark And Hell Is Hot/03 Fuckin' Wit' D_2.flac,DMX,Fuckin' Wit' D,FLAC,6813,44100,2,138.02666666666667,,,True,True,
DMX/Redemption of The Beast/03 On and On_1.flac,DMX,On and On,FLAC,35379,44100,2,215.25292517006804,,,True,True,
DMX/Redemption of The Beast/03 On and On.flac,DMX,On and On,FLAC,35379,44100,2,215.25292517006804,,,True,True,
DMX/Redemption of The Beast/01 Spit That Shit.flac,DMX,Spit That Shit,FLAC,20,44100,2,238.74625850340135,,,True,True,
DMX/Redemption of The Beast/01 Spit That Shit_1.flac,DMX,Spit That Shit,FLAC,20,44100,2,238.74625850340135,,,True,True,
DMX/Redemption of The Beast/03 On and On_2.flac,DMX,On and On,FLAC,35379,44100,2,215.25292517006804,,,True,True,
DMX/Redemption of The Beast/03 On and On_3.flac,DMX,On and On,FLAC,35379,44100,2,215.25292517006804,,,True,True,
"Lil Wayne, Wiz Khalifa & Imagine Dragons Feat. Logic, Ty Dolla $ign & X Ambassadors/Certified Throwbacks/21 Sucker for Pain (feat. Logic, Ty Dolla $ign & X Ambassadors)_1.flac","Lil Wayne, Wiz Khalifa & Imagine Dragons Feat. Logic, Ty Dolla $ign & X Ambassadors","Sucker for Pain (feat. Logic, Ty Dolla $ign & X Ambassadors)",FLAC,51673,44100,2,243.49097505668934,,,True,True,
"Lil Wayne, Wiz Khalifa & Imagine Dragons Feat. Logic, Ty Dolla $ign & X Ambassadors/Certified Throwbacks/21 Sucker for Pain (feat. Logic, Ty Dolla $ign & X Ambassadors).flac","Lil Wayne, Wiz Khalifa & Imagine Dragons Feat. Logic, Ty Dolla $ign & X Ambassadors","Sucker for Pain (feat. Logic, Ty Dolla $ign & X Ambassadors)",FLAC,51673,44100,2,243.49097505668934,,,True,True,
The Notorious B.I.G. Feat. T.I/Duets- The Final Chapter (20th Deluxe)/30 Breakin' Old Habits (Instrumental).flac,The Notorious B.I.G. Feat. T.I.,Breakin' Old Habits (Instrumental),FLAC,9160,44100,2,283.8666666666667,,,True,True,
The Notorious B.I.G. Feat. T.I/Duets- The Final Chapter (20th Deluxe)/30 Breakin' Old Habits (Instrumental)_1.flac,The Notorious B.I.G. Feat. T.I.,Breakin' Old Habits (Instrumental),FLAC,9160,44100,2,283.8666666666667,,,True,True,
Common feat. Syd & Elena/Black America Again/07 Red Wine_2.flac,Common feat. Syd & Elena,Red Wine,FLAC,7867,44100,2,275.8281179138322,91.0,Dm,False,False,
Common feat. Syd & Elena/Black America Again/07 Red Wine.flac,Common feat. Syd & Elena,Red Wine,FLAC,7867,44100,2,275.8281179138322,91.0,Dm,False,False,
Common feat. Syd & Elena/Black America Again/07 Red Wine_1.flac,Common feat. Syd & Elena,Red Wine,FLAC,7867,44100,2,275.8281179138322,91.0,Dm,False,False,
Immortal Technique - The 3rd World/07 The 3rd World.mp3,Immortal Technique,The 3rd World,MP3,195,44100,2,284.84,,,True,True,
Immortal Technique - The 3rd World/16 Crimes Of The Heart (feat. Maya A.mp3,Immortal Technique,Crimes Of The Heart (feat. Maya Azucena),MP3,175,44100,2,513.1866666666666,,,True,True,
Immortal Technique - The 3rd World/01 Death March.mp3,Immortal Technique,Death March,MP3,163,44100,2,177.05333333333334,,,True,True,
Immortal Technique - The 3rd World/05 Lick Shot (feat. Crooked I & Chin.mp3,Immortal Technique,Lick Shot (feat. Crooked I & Chino XL),MP3,176,44100,2,284.88,,,True,True,
Immortal Technique - The 3rd World/11 Payback (feat. Diabolic & Ras Kas.mp3,Immortal Technique,Payback (feat. Diabolic & Ras Kass),MP3,148,44100,2,266.4533333333333,,,True,True,
Immortal Technique - The 3rd World/04 Harlem Renaissance.mp3,Immortal Technique,Harlem Renaissance,MP3,171,44100,2,243.57333333333332,,,True,True,
Immortal Technique - The 3rd World/10 Open Your Eyes.mp3,Immortal Technique,Open Your Eyes,MP3,199,44100,2,315.05333333333334,,,True,True,
Immortal Technique - The 3rd World/02 That's What It Is.mp3,Immortal Technique,That's What It Is,MP3,187,44100,2,274.24,,,True,True,
Immortal Technique - The 3rd World/08 Hollywood Driveby (feat. PsycoRea.mp3,Immortal Technique,Hollywood Driveby (feat. PsycoRealm & Sick Symphonies),MP3,178,44100,2,404.97333333333336,,,True,True,
Immortal Technique - The 3rd World/15 Parole (Evil Genius Mix).mp3,Immortal Technique,Parole (Evil Genius Mix),MP3,165,44100,2,239.45333333333335,,,True,True,
Immortal Technique - The 3rd World/09 Reverse Pimpology (feat. Mojo).mp3,Immortal Technique,Reverse Pimpology (feat. Mojo),MP3,186,44100,2,270.2,,,True,True,
Immortal Technique - The 3rd World/12 Adios Uncle Tom (Skit).mp3,Immortal Technique,Adios Uncle Tom (Skit),MP3,152,44100,2,40.026666666666664,,,True,True,
Immortal Technique - The 3rd World/14 Mistakes.mp3,Immortal Technique,Mistakes,MP3,155,44100,2,204.50666666666666,,,True,True,
Immortal Technique - The 3rd World/13 Stronghold Grip (feat. Poison Pen.mp3,Immortal Technique,Stronghold Grip (feat. Poison Pen & Swave Sevah),MP3,191,44100,2,243.45333333333335,,,True,True,
Immortal Technique - The 3rd World/03 Golpe De Estado (feat. Temperamen.mp3,Immortal Technique,Golpe De Estado (feat. Temperamento y Veneno),MP3,204,44100,2,276.1066666666667,,,True,True,
Immortal Technique - The 3rd World/06 Apocrypha.mp3,Immortal Technique,Apocrypha,MP3,177,44100,2,42.93333333333333,,,True,True,
Disclosure Feat. AlunaGeorge/Deep House 2026/01 White Noise.flac,Disclosure Feat. AlunaGeorge,White Noise,FLAC,383,44100,2,277.6879365079365,,,True,True,
Disclosure Feat. AlunaGeorge/Deep House 2026/01 White Noise_1.flac,Disclosure Feat. AlunaGeorge,White Noise,FLAC,383,44100,2,277.6879365079365,,,True,True,
Fun Lovin' Criminals - Come Find Yourself (1996)/03 - The Grave And The Constant.flac,Fun Lovin' Criminals,The Grave And The Constant,FLAC,797,44100,2,286.53333333333336,,,True,True,
Fun Lovin' Criminals - Come Find Yourself (1996)/05 - Smoke 'Em.flac,Fun Lovin' Criminals,Smoke 'Em,FLAC,889,44100,2,285.97333333333336,,,True,True,
Fun Lovin' Criminals - Come Find Yourself (1996)/12 - Crime And Punishment.flac,Fun Lovin' Criminals,Crime And Punishment,FLAC,872,44100,2,199.50666666666666,,,True,True,
Fun Lovin' Criminals - Come Find Yourself (1996)/09 - We Have All The Time In The World.flac,Fun Lovin' Criminals,We Have All The Time In The World,FLAC,853,44100,2,221.29333333333332,,,True,True,
Fun Lovin' Criminals - Come Find Yourself (1996)/06 - Bombin' The L.flac,Fun Lovin' Criminals,Bombin' The L,FLAC,860,44100,2,231.6,,,True,True,
Fun Lovin' Criminals - Come Find Yourself (1996)/11 - Come Find Yourself.flac,Fun Lovin' Criminals,Come Find Yourself,FLAC,864,44100,2,259.62666666666667,,,True,True,
Fun Lovin' Criminals - Come Find Yourself (1996)/04 - Scooby Snacks.flac,Fun Lovin' Criminals,Scooby Snacks,FLAC,893,44100,2,184.73333333333332,,,True,True,
Fun Lovin' Criminals - Come Find Yourself (1996)/14 - I Can't Get With That (Schmoove Version).flac,Fun Lovin' Criminals,I Can't Get With That (Schmoove Version),FLAC,820,44100,2,334.5733333333333,,,True,True,
Fun Lovin' Criminals - Come Find Yourself (1996)/08 - King Of New York.flac,Fun Lovin' Criminals,King Of New York,FLAC,892,44100,2,226.84,,,True,True,
Fun Lovin' Criminals - Come Find Yourself (1996)/01 - The Fun Lovin’ Criminal.flac,Fun Lovin' Criminals,The Fun Lovin’ Criminal,FLAC,941,44100,2,191.97333333333333,,,True,True,
Fun Lovin' Criminals - Come Find Yourself (1996)/13 - Methadonia.flac,Fun Lovin' Criminals,Methadonia,FLAC,830,44100,2,244.76,,,True,True,
Fun Lovin' Criminals - Come Find Yourself (1996)/07 - I Can't Get With That.flac,Fun Lovin' Criminals,I Can't Get With That,FLAC,842,44100,2,264.8933333333333,,,True,True,
Fun Lovin' Criminals - Come Find Yourself (1996)/15 - Coney Island Girl.flac,Fun Lovin' Criminals,Coney Island Girl,FLAC,884,44100,2,88.66666666666667,,,True,True,
Fun Lovin' Criminals - Come Find Yourself (1996)/10 - Bear Hug.flac,Fun Lovin' Criminals,Bear Hug,FLAC,926,44100,2,207.77333333333334,,,True,True,
Fun Lovin' Criminals - Come Find Yourself (1996)/02 - Passive-Aggressive.flac,Fun Lovin' Criminals,Passive-Aggressive,FLAC,953,44100,2,213.02666666666667,,,True,True,
"Vulfpeck/The Joy of Music, the Job of Real Estate/08 Something.flac",Vulfpeck,Something,FLAC,24623,44100,2,236.14947845804988,,,True,True,
"Vulfpeck/The Joy of Music, the Job of Real Estate/08 Something_1.flac",Vulfpeck,Something,FLAC,24623,44100,2,236.14947845804988,,,True,True,
/Volumes/Music_Studio/DJ Music/The Flight/Horizon Forbidden West- Burning Shores (Original Soundtrack)/04 Written in the Heavens_2.m4a,,,,,,,,,,True,True,deprecated
/Volumes/Music_Studio/DJ Music/The Flight/Horizon Forbidden West- Burning Shores (Original Soundtrack)/04 Written in the Heavens_1.m4a,,,,,,,,,,True,True,deprecated
/Volumes/Music_Studio/DJ Music/The Flight/Horizon Forbidden West- Burning Shores (Original Soundtrack)/04 Written in the Heavens.m4a,,,,,,,,,,True,True,deprecated
Dr.Alban - Collection ( 1990-2023)/59.Mountains.mp3,Dr. Alban,Mountains,MP3,320,44100,2,201.16,,,True,True,
Dr.Alban - Collection ( 1990-2023)/25.Roll Down Di Rubber Man.mp3,Dr. Alban,Roll Down Di Rubber Man,MP3,320,44100,2,342.17333333333335,,,True,True,
Dr.Alban - Collection ( 1990-2023)/42.Loverboy (Radio Edit).mp3,Dr. Alban,Loverboy (Radio Edit),MP3,320,44100,2,209.66666666666666,,,True,True,
Dr.Alban - Collection ( 1990-2023)/22.Feel The Rhythm.mp3,Dr. Alban,Feel The Rhythm,MP3,320,44100,2,260.2266666666667,,,True,True,
Dr.Alban - Collection ( 1990-2023)/55.Hard Pan Di Drums.mp3,Dr. Alban,Hard Pan Di Drums,MP3,320,44100,2,384.1333333333333,,,True,True,
Dr.Alban - Collection ( 1990-2023)/33.One Love.mp3,Dr. Alban,One Love,MP3,320,44100,2,330.44,,,True,True,
Dr.Alban - Collection ( 1990-2023)/51.Fly Eagles (Champion Mix).mp3,Dr. Alban,Fly Eagles (Champion Mix),MP3,320,44100,2,188.06666666666666,,,True,True,
Dr.Alban - Collection ( 1990-2023)/10.Hurricane (Radio Mix).mp3,Dr. Alban,Hurricane (Radio Mix),MP3,320,44100,2,193.93625,,,True,True,
Dr.Alban - Collection ( 1990-2023)/16.Mr. DJ.mp3,Dr. Alban,Mr. DJ,MP3,320,44100,2,220.16,,,True,True,
Dr.Alban - Collection ( 1990-2023)/15.This Time I'm Free.mp3,Dr. Alban,This Time I'm Free,MP3,320,44100,2,230.86666666666667,,,True,True,
Dr.Alban - Collection ( 1990-2023)/12.Give Me Lovin.mp3,Dr.Alban,Give Me Lovin,MP3,320,44100,2,186.8,,,True,True,
Dr.Alban - Collection ( 1990-2023)/49.Hello South Africa (Original Alternative).mp3,Dr. Alban,Hello South Africa (Original Alternative),MP3,320,44100,2,183.78666666666666,,,True,True,
Dr.Alban - Collection ( 1990-2023)/48.Hard To Choose.mp3,Dr. Alban,Hard To Choose,MP3,320,44100,2,235.02666666666667,,,True,True,
Dr.Alban - Collection ( 1990-2023)/58.Sweet Dreams (feat. Swing).mp3,Dr. Alban,Sweet dreams (feat. Swing),MP3,320,44100,2,210.24,,,True,True,
Dr.Alban - Collection ( 1990-2023)/23.I Love the 90's (feat. Haddaway).mp3,Dr. Alban,I Love the 90's (feat. Haddaway),MP3,320,44100,2,206.39446712018142,,,True,True,
Dr.Alban - Collection ( 1990-2023)/37.Om We  Rembwe Ike.mp3,Dr. Alban,Om We  Rembwe Ike,MP3,320,44100,2,290.3333333333333,,,True,True,
Dr.Alban - Collection ( 1990-2023)/34.Colour The World [Sash! Remix].mp3,Dr. Alban,Colour The World [Sash! Remix],MP3,320,44100,2,217.62666666666667,,,True,True,
Dr.Alban - Collection ( 1990-2023)/43.Mata Oh A Eh.mp3,Dr. Alban,Mata Oh A Eh,MP3,320,44100,2,272.46666666666664,,,True,True,
Dr.Alban - Collection ( 1990-2023)/35.Gimme Dat Lovin.mp3,Dr. Alban,Gimme Dat Lovin,MP3,320,44100,2,249.69333333333333,,,True,True,
Dr.Alban - Collection ( 1990-2023)/14.Reggae Gone Ragga.mp3,Dr. Alban,Reggae Gone Ragga,MP3,320,44100,2,244.2,,,True,True,
Dr.Alban - Collection ( 1990-2023)/45.Home Sweet Home.mp3,Dr. Alban,Home Sweet Home,MP3,320,44100,2,195.73333333333332,,,True,True,
Dr.Alban - Collection ( 1990-2023)/47.Street Vibes (feat. Eeka Mouse).mp3,Dr. Alban,Street Vibes (feat. Eeka Mouse),MP3,320,44100,2,126.044025,,,True,True,
Dr.Alban - Collection ( 1990-2023)/06.Enemies.mp3,Dr. Alban,Enemies,MP3,320,44100,2,215.06666666666666,,,True,True,
Dr.Alban - Collection ( 1990-2023)/03.Long Time Ago.mp3,Dr. Alban,Long Time Ago,MP3,320,44100,2,209.26666666666668,,,True,True,
Dr.Alban - Collection ( 1990-2023)/24.What Do I Do.mp3,Dr. Alban,What Do I Do,MP3,320,44100,2,205.02666666666667,,,True,True,
Dr.Alban - Collection ( 1990-2023)/09.Work Work.mp3,Dr. Alban,Work Work,MP3,320,44100,2,183.42666666666668,,,True,True,
Dr.Alban - Collection ( 1990-2023)/32.Let The Beat Go On.mp3,Dr. Alban,Let The Beat Go On,MP3,320,44100,2,237.90666666666667,,,True,True,
Dr.Alban - Collection ( 1990-2023)/18.100x Hívtalak (feat. Tissy).mp3,Dr Alban,100x Hivtalak (feat. Tissy),MP3,320,44100,2,215.0432,,,True,True,
Dr.Alban - Collection ( 1990-2023)/20.I Feel The Music.mp3,Dr. Alban,I Feel The Music,MP3,320,44100,2,197.33333333333334,,,True,True,
Dr.Alban - Collection ( 1990-2023)/36.Carolina (feat. Charly Boy).mp3,Dr Alban,Carolina (feat. Charly Boy),MP3,320,44100,2,210.31201814058957,,,True,True,
Dr.Alban - Collection ( 1990-2023)/57.Fire.mp3,Dr. Alban,Fire,MP3,320,44100,2,225.66666666666666,,,True,True,
Dr.Alban - Collection ( 1990-2023)/39.Go See The Dentist.mp3,Dr. Alban,Go See The Dentist,MP3,320,44100,2,280.6933333333333,,,True,True,
Dr.Alban - Collection ( 1990-2023)/29.Looking For Something.mp3,Dr. Alban,Looking For Something,MP3,320,44100,2,211.52,,,True,True,
Dr.Alban - Collection ( 1990-2023)/26.Look Who's Talking.mp3,Dr. Alban,Look Who's Talking,MP3,320,44100,2,196.37333333333333,,,True,True,
Dr.Alban - Collection ( 1990-2023)/13.Habibi (feat. Melissa).mp3,Dr. Alban,Habibi (feat. Melissa),MP3,320,44100,2,210.34666666666666,,,True,True,
Dr.Alban - Collection ( 1990-2023)/31.I Believe.mp3,Dr. Alban,I Believe,MP3,320,44100,2,229.77333333333334,,,True,True,
Dr.Alban - Collection ( 1990-2023)/07.I Wanna Know (feat. Efti).mp3,Dr. Alban,I Wanna Know (feat. Efti),MP3,320,44100,2,186.09333333333333,,,True,True,
Dr.Alban - Collection ( 1990-2023)/28.No Coke.mp3,Dr. Alban,No Coke,MP3,320,44100,2,421.1333333333333,,,True,True,
Dr.Alban - Collection ( 1990-2023)/60.Alla Vi (feat. Friends In Need).mp3,Dr. Alban,Alla Vi (feat. Friends In Need),MP3,320,44100,2,199.13333333333333,,,True,True,
Dr.Alban - Collection ( 1990-2023)/19.Cash Money.mp3,Dr. Alban,Cash Money,MP3,320,44100,2,219.13333333333333,,,True,True,
Dr.Alban - Collection ( 1990-2023)/63.Beautiful People (EuroDJ Remix) [Italodance Version] (feat. Paradox Factory).mp3,Dr. Alban,Beautiful People (feat. Paradox Factory),MP3,320,44100,2,239.20645,,,True,True,
Dr.Alban - Collection ( 1990-2023)/27.Papaya Coconut (feat. Kikki Danielsson).mp3,Dr. Alban,Papaya Coconut (feat. Kikki Danielsson),MP3,320,44100,2,188.33333333333334,,,True,True,
Dr.Alban - Collection ( 1990-2023)/21.Dr. Alban -  My Cool (feat. Al Azif & Adam Tensta).mp3,Dr. Alban,My Cool (feat. Al Azif & Adam Tensta),MP3,320,44100,2,207.519925,,,True,True,
Dr.Alban - Collection ( 1990-2023)/50.Reggae Music Gonna Move Ya (No Coke '94).mp3,Dr. Alban,Reggae Music Gonna Move Ya (No Coke '94),MP3,320,44100,2,250.4,,,True,True,
Dr.Alban - Collection ( 1990-2023)/62.Proud! (To Be Afrikan).mp3,Dr. Alban,Proud! (To Be Afrikan),MP3,320,44100,2,260.8,,,True,True,
Dr.Alban - Collection ( 1990-2023)/30.Chiki Chiki (feat. Starclub).mp3,Dr. Alban,Chiki Chiki (feat. Starclub),MP3,320,44100,2,207.90666666666667,,,True,True,
Dr.Alban - Collection ( 1990-2023)/01.It's My Life.mp3,Dr. Alban,It's My Life,MP3,320,44100,2,243.13333333333333,,,True,True,
Dr.Alban - Collection ( 1990-2023)/38.Summerday (feat. M Ret Zon).mp3,Dr. Alban,Summerday (feat. M Ret Zon),MP3,320,44100,2,200.41333333333333,,,True,True,
Dr.Alban - Collection ( 1990-2023)/46.U & Mi.mp3,Dr. Alban,U & Mi,MP3,320,44100,2,227.02666666666667,,,True,True,
Dr.Alban - Collection ( 1990-2023)/08.Riddle Of Live.mp3,Dr. Alban,Riddle Of Live,MP3,320,44100,2,163.62666666666667,,,True,True,
Dr.Alban - Collection ( 1990-2023)/11.Hello Afrika.mp3,Dr. Alban,Hello Afrika,MP3,320,44100,2,346.46666666666664,,,True,True,
Dr.Alban - Collection ( 1990-2023)/53.Away From Home.mp3,Dr. Alban,Away From Home,MP3,320,44100,2,229.77333333333334,,,True,True,
Dr.Alban - Collection ( 1990-2023)/04.Plastic Smile.mp3,Dr. Alban,Plastic Smile,MP3,320,44100,2,226.66666666666666,,,True,True,
Dr.Alban - Collection ( 1990-2023)/40.It's My Life (feat. Chawki).mp3,Dr. Alban,It's My Life (feat. Chawki),MP3,320,48000,2,211.404,,,True,True,
Dr.Alban - Collection ( 1990-2023)/52.Push It.mp3,Dr. Alban,Push It,MP3,320,44100,2,188.62666666666667,,,True,True,
Dr.Alban - Collection ( 1990-2023)/17.I Said It Once.mp3,Dr. Alban,I Said It Once,MP3,320,44100,2,247.06666666666666,,,True,True,
Dr.Alban - Collection ( 1990-2023)/02.Born In Africa (Original Radio Version).mp3,Dr. Alban,Born In Africa [Original Radio Version],MP3,320,44100,2,211.30666666666667,,,True,True,
Dr.Alban - Collection ( 1990-2023)/56.Hallelujah Day.mp3,Dr. Alban,Hallelujah Day,MP3,320,44100,2,221.36,,,True,True,
Dr.Alban - Collection ( 1990-2023)/54.Alabalaba [Woman's Sexy].mp3,Dr. Alban,Alabalaba [Woman's Sexy],MP3,320,44100,2,201.24,,,True,True,
Dr.Alban - Collection ( 1990-2023)/61.It's My Life (Remix).mp3,Dr. Alban,It's My Life (Remix),MP3,320,44100,2,275.46666666666664,,,True,True,
Dr.Alban - Collection ( 1990-2023)/41.Free Up Soweto.mp3,Dr. Alban,Free Up Soweto,MP3,320,44100,2,206.69333333333333,,,True,True,
Dr.Alban - Collection ( 1990-2023)/05.Around the World (feat. Jessica Folcker).mp3,Dr.Alban,Around the World (feat. Jessica Folcker),MP3,320,48000,2,180.124325,,,True,True,
Dr.Alban - Collection ( 1990-2023)/44.Rock Steady [Pupulala].mp3,Dr. Alban,Rock Steady [Pupulala],MP3,320,44100,2,258.04,,,True,True,
Common Sense/Can I Borrow a Dollar-/04 Heidi Hoe_1.flac,Common Sense,Heidi Hoe,FLAC,31789,44100,2,270.16,88.0,F,False,False,
Common Sense/Can I Borrow a Dollar-/04 Heidi Hoe.flac,Common Sense,Heidi Hoe,FLAC,31789,44100,2,270.16,88.0,F,False,False,
Common Sense/Can I Borrow a Dollar-/04 Heidi Hoe_2.flac,Common Sense,Heidi Hoe,FLAC,31789,44100,2,270.16,88.0,F,False,False,
Kanser - Self Titled/09) Amor Arrows.mp3,Kanser,Amor Arrows,MP3,204,44100,2,169.90666666666667,,,True,True,
Kanser - Self Titled/05) No D in Erogenous.mp3,Kanser,No D in Erogenous,MP3,194,44100,2,263.3466666666667,,,True,True,
Kanser - Self Titled/10) Look Love.mp3,Kanser,Look Love,MP3,156,44100,2,243.62666666666667,,,True,True,
Kanser - Self Titled/07) Peaces of the Puzzle.mp3,Kanser,Peaces of the Puzzle,MP3,184,44100,2,213.29333333333332,,,True,True,
Kanser - Self Titled/02) I am Recognizin.mp3,Kanser,I Am Recognizin,MP3,193,44100,2,156.01333333333332,,,True,True,
Kanser - Self Titled/12) New Breath.mp3,Kanser,New Breath,MP3,158,44100,2,206.6,,,True,True,
Kanser - Self Titled/11) Average Rap Music.mp3,Kanser,Average Rap Music?,MP3,206,44100,2,229.73333333333332,,,True,True,
Kanser - Self Titled/03) Silent Treatment.mp3,Kanser,Silent Treatment,MP3,193,44100,2,303.81333333333333,,,True,True,
Kanser - Self Titled/15) People.mp3,Kanser,People,MP3,154,44100,2,228.18666666666667,,,True,True,
Kanser - Self Titled/01) Endetwa.mp3,Kanser,Endetwa,MP3,193,44100,2,227.50666666666666,,,True,True,
Kanser - Self Titled/04) Travlin.mp3,Kanser,Travlin,MP3,204,44100,2,245.33333333333334,,,True,True,
Kanser - Self Titled/08) Under the Sun.mp3,Kanser,Under the Sun,MP3,214,44100,2,155.13333333333333,,,True,True,
Kanser - Self Titled/14) Music.mp3,Kanser,Music,MP3,186,44100,2,220.44,,,True,True,
Kanser - Self Titled/13) Poukisa.mp3,Kanser,Poukisa,MP3,193,44100,2,250.48,,,True,True,
Kanser - Self Titled/06) Back Up.mp3,Kanser,Back Up,MP3,194,44100,2,251.37333333333333,,,True,True,
Kanser - Self Titled/16) Walk with the Sun.mp3,Kanser,Walk With the Sun,MP3,173,44100,2,481.48,,,True,True,
The Commission Feat. Jay-Z & The Notorious B.I.G/Duets- The Final Chapter (20th Deluxe)/04 Whatchu Want_2.flac,The Commission Feat. Jay-Z & The Notorious B.I.G.,Whatchu Want ,FLAC,151,44100,2,234.38666666666666,,,True,True,
The Commission Feat. Jay-Z & The Notorious B.I.G/Duets- The Final Chapter (20th Deluxe)/04 Whatchu Want.flac,The Commission Feat. Jay-Z & The Notorious B.I.G.,Whatchu Want ,FLAC,151,44100,2,234.38666666666666,,,True,True,
The Commission Feat. Jay-Z & The Notorious B.I.G/Duets- The Final Chapter (20th Deluxe)/04 Whatchu Want_1.flac,The Commission Feat. Jay-Z & The Notorious B.I.G.,Whatchu Want ,FLAC,151,44100,2,234.38666666666666,,,True,True,
Philanthrope/03 - Neighboring Villages (instrumental).flac,Philanthrope,Neighboring Villages (instrumental),FLAC,578,44100,2,80.0,,,True,True,
Philanthrope/06 - Seven Swords (instrumental).flac,Philanthrope,Seven Swords (instrumental),FLAC,601,44100,2,141.68675736961453,,,True,True,
Philanthrope/09 - Thousand Sunny (instrumental).flac,Philanthrope,Thousand Sunny (instrumental),FLAC,560,44100,2,112.0,,,True,True,
Philanthrope/05 - Blood Mist (instrumental).flac,Philanthrope,Blood Mist (instrumental),FLAC,280,44100,2,147.0,,,True,True,
Philanthrope/02 - Dojutsu (instrumental).flac,Philanthrope,Dojutsu (instrumental),FLAC,557,44100,2,117.0731746031746,,,True,True,
Philanthrope/11 - Konquest (instrumental).flac,Philanthrope,Konquest (instrumental),FLAC,567,44100,2,123.24324263038548,,,True,True,
Philanthrope/07 - Uzumaki (instrumental).flac,Philanthrope,Uzumaki (instrumental),FLAC,641,44100,2,154.28571428571428,,,True,True,
Philanthrope/08 - Rare Collections (instrumental).flac,Philanthrope,Rare Collections (instrumental),FLAC,611,44100,2,108.29269841269841,,,True,True,
Philanthrope/10 - Kishimoto (instrumental).flac,Philanthrope,Kishimoto (instrumental),FLAC,610,44100,2,121.6,,,True,True,
Philanthrope/04 - Reanimation (instrumental).flac,Philanthrope,Reanimation (instrumental),FLAC,599,44100,2,102.65061224489796,,,True,True,
Philanthrope/01 - Soul Blue (instrumental).flac,Philanthrope,Soul Blue (instrumental),FLAC,589,44100,2,145.82278911564626,,,True,True,
Philanthrope/Clockwork/12 Leavin’.mp3,Philanthrope,Leavin’,MP3,192,44100,2,133.04167800453516,149.0,,False,True,
Jeru the Damaja/Blessed the Evolution/06 Transmission.mp3,Jeru the Damaja,Transmission,MP3,320,44100,2,76.38204081632654,,,True,True,
Mac Lethal/02-mac_lethal_-_pumpkin_pie.mp3,Mac Lethal,Pumpkin Pie,MP3,128,44100,2,251.28,,,True,True,
Mac Lethal/01-mac_lethal_-_the_sage_diss.mp3,Mac Lethal,The Sage Diss,MP3,128,44100,2,255.56,,,True,True,
Mac Lethal/118-Mac_Lethal-One_Day-jEDi.mp3,Mac Lethal,One Day,MP3,192,44100,2,220.36,,,True,True,
Mac Lethal/Mac Lethal &amp; Esoteric - Random Love (produced by Tone Spliff).mp3,,,MP3,128,44100,2,214.6742857142857,,,True,True,
Mac Lethal/maclethal_02_eminem.mp3,,maclethal_02_eminem,MP3,192,44100,2,150.0735,,,True,True,
Mac Lethal/maclethal_06_school.mp3,,maclethal_06_school,MP3,192,44100,2,329.7959583333333,,,True,True,
Mac Lethal/Mac Lethal - Spy vs. Spy.mp3,Datload II,5) Mac Lethal - Spy vs. Spy,MP3,128,44100,2,211.939375,,,True,True,
Mac Lethal/Deep Thinkers - We Live In Kansas City (feat. Mac Lethal).mp3,Deep Thinkers,We Live In Kansas City And...(Feat Mac Lethal),MP3,207,44100,2,245.45333333333335,,,True,True,
Mac Lethal/Mac Lethal - A Cool Breeze.mp3,Mac Lethal,A Cool Breeze,MP3,128,44100,2,243.5475625,,,True,True,
Mac Lethal/02-nobs_ft_mac_lethal_and_lodeck-bleach-ftd.mp3,Nobs Ft Mac Lethal And Lodeck,Bleach,MP3,143,44100,2,256.82666666666665,,,True,True,
Mac Lethal/08-deep_thinkers-we_live_in_kansas_city_and___(feat_mac_lethal).mp3,Deep Thinkers,We Live In Kansas City And...(Feat Mac Lethal),MP3,207,44100,2,245.45333333333335,,,True,True,
"Mac Lethal/Mac Lethal & Sage Francis - In Like A Lamb, Out Like Gandhi.wav",,,WAV,1411,44100,2,85.6758276643991,,,True,True,
Mac Lethal/maclethal_01_freestyling.mp3,,maclethal_01_freestyling,MP3,192,44100,2,434.49470833333334,,,True,True,
Mac Lethal/anti-crew-keep_talkin_ft_mac_lethal-ftd.mp3,Anti-Crew,Keep Talkin Ft Mac Lethal,MP3,167,44100,2,268.26666666666665,,,True,True,
Mac Lethal/Mac Lethal & Sage Francis - Bleeding Gandhi Club.wav,,,WAV,1411,44100,2,79.17424036281179,,,True,True,
Mac Lethal/Mac Lethal - Pale Kid Raps Faster!.mp3,,,MP3,128,44100,2,94.35425,,,True,True,
Mac Lethal/mac lethal - baby powder.mp3,Mac Lethal Myspace,Baby Powder,MP3,192,44100,2,212.3025,,,True,True,
Mac Lethal/Mac Lethal - Candle Wax (feat Approach).mp3,,Track 2,MP3,128,44100,2,220.3508125,,,True,True,
Mac Lethal/Mac Lethal - A Tribute to Thundercats.mp3,Mac Lethal,A Tribute to Thundercats,MP3,192,44100,2,164.707375,,,True,True,
Mac Lethal/maclethal_04_race.mp3,,maclethal_04_race,MP3,192,44100,2,235.46779166666667,,,True,True,
Mac Lethal/maclethal_03_emorap.mp3,,maclethal_03_emorap,MP3,192,44100,2,218.61879166666668,,,True,True,
Mac Lethal/Mac Lethal - Love Potion Collection #5/01. ignorant design.mp3,Mac Lethal,Ignorant Design,MP3,209,44100,2,233.29333333333332,,,True,True,
Mac Lethal/Mac Lethal - Love Potion Collection #5/07. at least there's twitter.mp3,Mac Lethal,At Least There's Twitter,MP3,159,44100,2,144.53333333333333,,,True,True,
Mac Lethal/Mac Lethal - Love Potion Collection #5/14. cherry soda pop demo.mp3,Mac Lethal,Cherry Soda Pop Demo,MP3,197,44100,2,257.56,,,True,True,
Mac Lethal/Mac Lethal - Love Potion Collection #5/11. speak low.mp3,Mac Lethal,Speak Low,MP3,195,44100,2,238.16,,,True,True,
Mac Lethal/Mac Lethal - Love Potion Collection #5/17-mac_lethal-prove_it_to_me_ft._devin_the_dude_and_grieves-ftd.mp3,Mac Lethal,Prove It To Me Ft. Devin The Dude & Grieves,MP3,118,44100,2,257.46666666666664,,,True,True,
Mac Lethal/Mac Lethal - Love Potion Collection #5/21-mac_lethal-woodchip_grinder_remix_ft._aesop_rock_and_soulcrate_music-ftd.mp3,Mac Lethal,Woodchip Grinder Remix Ft. Aesop Rock & Soulcrate Music,MP3,114,44100,2,256.0,,,True,True,
Mac Lethal/Mac Lethal - Love Potion Collection #5/20 - mac lethal - hello demon (unreleased).mp3,Mac Lethal,Hello Demon (Unreleased),MP3,156,44100,2,229.73333333333332,,,True,True,
Mac Lethal/Mac Lethal - Love Potion Collection #5/16. unfinished love song thing.mp3,Mac Lethal,Unfinished Love Song Thing,MP3,180,44100,2,304.02666666666664,,,True,True,
Mac Lethal/Mac Lethal - Love Potion Collection #5/13. paint you a picture.mp3,Mac Lethal,Paint You a Picture,MP3,192,44100,2,244.21333333333334,,,True,True,
Mac Lethal/Mac Lethal - Love Potion Collection #5/10. '87 blimmy.mp3,Mac Lethal,'87 Blimmy,MP3,200,44100,2,112.41333333333333,,,True,True,
Mac Lethal/Mac Lethal - Love Potion Collection #5/03. drunk flow 3 (pain-killers & new glarus).mp3,Mac Lethal,Drunk Flow 3 (Pain-Killers & New Glarus),MP3,155,44100,2,216.17333333333335,,,True,True,
Mac Lethal/Mac Lethal - Love Potion Collection #5/12. manifesto.mp3,Mac Lethal,Manifesto,MP3,201,44100,2,154.01333333333332,,,True,True,
Mac Lethal/Mac Lethal - Love Potion Collection #5/19-mac_lethal-inside_(unreleased)-ftd.mp3,Mac Lethal,Inside (Unreleased),MP3,152,44100,2,245.09333333333333,,,True,True,
Mac Lethal/Mac Lethal - Love Potion Collection #5/15. '07 sentra.mp3,Mac Lethal,'07 Sentra,MP3,201,44100,2,181.32,,,True,True,
Mac Lethal/Mac Lethal - Love Potion Collection #5/04. stir crazy.mp3,Mac Lethal,Stir Crazy,MP3,191,44100,2,196.09333333333333,,,True,True,
Mac Lethal/Mac Lethal - Love Potion Collection #5/05. heart uvva pig (my map of love).mp3,Mac Lethal,Heart Uvva Pig (My Map of Love),MP3,189,44100,2,188.85333333333332,,,True,True,
Mac Lethal/Mac Lethal - Love Potion Collection #5/06. el camino.mp3,Mac Lethal,El Camino,MP3,204,44100,2,199.74666666666667,,,True,True,
Mac Lethal/Mac Lethal - Love Potion Collection #5/09. so fly (creatively).mp3,Mac Lethal,So Fly (Creatively),MP3,215,44100,2,251.22666666666666,,,True,True,
Mac Lethal/Mac Lethal - Love Potion Collection #5/02. undertow.mp3,Mac Lethal,Undertow,MP3,189,44100,2,183.65333333333334,,,True,True,
Mac Lethal/Mac Lethal - Love Potion Collection #5/18-mac_lethal-11_outta_10_(alternate_version_ft_joe_good)-ftd.mp3,Mac Lethal,11 Outta 10 (Alternate Version Ft Joe Good),MP3,130,44100,2,225.92,,,True,True,
Mac Lethal/Mac Lethal - Love Potion Collection #5/08. woodchip grinder (feat. aesop rock).mp3,Mac Lethal,Woodchip Grinder (feat. Aesop Rock),MP3,157,44100,2,164.49333333333334,,,True,True,
"Mac Lethal/Mac Lethal - Men Are From Mars, Porn Stars Are From Earth/10-mac_lethal-cyborgs_revenge-cms.mp3",Mac Lethal,Cyborg's Revenge,MP3,192,44100,2,533.5867916666666,,,True,True,
"Mac Lethal/Mac Lethal - Men Are From Mars, Porn Stars Are From Earth/02-mac_lethal-my_favorite_screams-cms.mp3",Mac Lethal,My Favorite Screams,MP3,192,44100,2,228.267625,,,True,True,
"Mac Lethal/Mac Lethal - Men Are From Mars, Porn Stars Are From Earth/11-mac_lethal-monday_school-cms.mp3",Mac Lethal,Monday School,MP3,192,44100,2,266.85045833333334,,,True,True,
"Mac Lethal/Mac Lethal - Men Are From Mars, Porn Stars Are From Earth/12-mac_lethal-midnight_in_manhattan-cms.mp3",Mac Lethal,Midnight in Manhattan,MP3,192,44100,2,244.38516666666666,,,True,True,
"Mac Lethal/Mac Lethal - Men Are From Mars, Porn Stars Are From Earth/05-mac_lethal-my_angel_veronica-cms.mp3",Mac Lethal,My Angel Veronica,MP3,192,44100,2,276.22841666666665,,,True,True,
"Mac Lethal/Mac Lethal - Men Are From Mars, Porn Stars Are From Earth/09-mac_lethal-neptune_my_sweet_neptune-cms.mp3",Mac Lethal,"Neptune, My Sweet Neptune",MP3,192,44100,2,252.16966666666667,,,True,True,
"Mac Lethal/Mac Lethal - Men Are From Mars, Porn Stars Are From Earth/06-mac_lethal-the_m.a.d.-cms.mp3",Mac Lethal,The M.A.D.,MP3,192,44100,2,283.12475,,,True,True,
"Mac Lethal/Mac Lethal - Men Are From Mars, Porn Stars Are From Earth/01-mac_lethal-1300_am-cms.mp3",Mac Lethal,13:00 Am,MP3,192,44100,2,218.23658333333333,,,True,True,
"Mac Lethal/Mac Lethal - Men Are From Mars, Porn Stars Are From Earth/14-mac_lethal-club_bamboo_(bonus_track)-cms.mp3",Mac Lethal,Club Bamboo (Bonus Track),MP3,192,44100,2,234.04066666666668,,,True,True,
"Mac Lethal/Mac Lethal - Men Are From Mars, Porn Stars Are From Earth/03-mac_lethal-ike_turner_psychic_network-cms.mp3",Mac Lethal,Ike Turner Psychic Network,MP3,192,44100,2,91.12475,,,True,True,
"Mac Lethal/Mac Lethal - Men Are From Mars, Porn Stars Are From Earth/08-mac_lethal-mermaid_pornography-cms.mp3",Mac Lethal,Mermaid Pornography,MP3,192,44100,2,228.45045833333333,,,True,True,
"Mac Lethal/Mac Lethal - Men Are From Mars, Porn Stars Are From Earth/04-mac_lethal-a_cool_breeze-cms.mp3",Mac Lethal,A Cool Breeze,MP3,192,44100,2,243.54925,,,True,True,
"Mac Lethal/Mac Lethal - Men Are From Mars, Porn Stars Are From Earth/13-mac_lethal-untitled_(secret_track)-cms.mp3",Mac Lethal,Untitled (Secret Track),MP3,192,44100,2,96.114125,,,True,True,
"Mac Lethal/Mac Lethal - Men Are From Mars, Porn Stars Are From Earth/07-mac_lethal-my_mom_izza_thug-cms.mp3",Mac Lethal,My Mom Izza Thug,MP3,192,44100,2,215.337,,,True,True,
Mac Lethal/Mac Lethal - Love Potion Collection/05-mac_lethal-turn_off_the_radio-chr.mp3,Mac Lethal,Turn Off The Radio,MP3,192,44100,2,184.24695833333334,,,True,True,
Mac Lethal/Mac Lethal - Love Potion Collection/14-mac_lethal-ocean-chr.mp3,Mac Lethal,Ocean,MP3,192,44100,2,92.870625,,,True,True,
Mac Lethal/Mac Lethal - Love Potion Collection/12-mac_lethal-geisha_with_a_gun-chr.mp3,Mac Lethal,Geisha With a Gun,MP3,192,44100,2,352.21429166666667,,,True,True,
Mac Lethal/Mac Lethal - Love Potion Collection/15-mac_lethal-pass_the_ammo_(radio)-chr.mp3,Mac Lethal,Pass The Ammo (Radio),MP3,192,44100,2,340.8510416666667,,,True,True,
Mac Lethal/Mac Lethal - Love Potion Collection/04-mac_lethal-untitled_ft_ces_cru__lucid-chr.mp3,Mac Lethal,Untitled ft Ces Cru  Lucid,MP3,192,44100,2,316.0869583333333,,,True,True,
Mac Lethal/Mac Lethal - Love Potion Collection/02-mac_lethal-love_potion-chr.mp3,Mac Lethal,Love Potion,MP3,192,44100,2,225.41591666666667,,,True,True,
Mac Lethal/Mac Lethal - Love Potion Collection/06-mac_lethal-more_to_life-chr.mp3,Mac Lethal,More To Life,MP3,192,44100,2,274.3432916666667,,,True,True,
Mac Lethal/Mac Lethal - Love Potion Collection/13-mac_lethal-the_bellevue_machine-chr.mp3,Mac Lethal,The Bellevue Machine,MP3,192,44100,2,254.98654166666665,,,True,True,
Mac Lethal/Mac Lethal - Love Potion Collection/11-mac_lethal-cyborg_love-chr.mp3,Mac Lethal,Cyborg Love,MP3,192,44100,2,248.11633333333333,,,True,True,
Mac Lethal/Mac Lethal - Love Potion Collection/07-mac_lethal-where_the_wild_things_are-chr.mp3,Mac Lethal,Where The Wild Things Are,MP3,192,44100,2,254.41183333333333,,,True,True,
Mac Lethal/Mac Lethal - Love Potion Collection/09-mac_lethal-all_night_long_ft_joe_good-chr.mp3,Mac Lethal,All Night Long ft Joe Good,MP3,192,44100,2,347.01591666666667,,,True,True,
Mac Lethal/Mac Lethal - Love Potion Collection/01-mac_lethal-jenna_loves_lethal-chr.mp3,Mac Lethal,Jenna Loves Lethal,MP3,192,44100,2,205.85020833333334,,,True,True,
Mac Lethal/Mac Lethal - Love Potion Collection/08-mac_lethal-wookies_groove-chr.mp3,Mac Lethal,Wookie's Groove,MP3,192,44100,2,177.79470833333335,,,True,True,
Mac Lethal/Mac Lethal - Love Potion Collection/03-mac_lethal-pass_the_ammo-chr.mp3,Mac Lethal,Pass The Ammo,MP3,192,44100,2,309.66083333333336,,,True,True,
Mac Lethal/Mac Lethal - Love Potion Collection/10-mac_lethal-change_the_drawls_ft_approach-chr.mp3,Mac Lethal,Change The Drawls ft Approach,MP3,192,44100,2,282.8330833333333,,,True,True,
"Mac Lethal/mac lethal - rare, unreleased, and other/Mac Lethal - Kansas Hospitality (Ludacris parody).mp3",,Mac Lethal - Kansas Hospitality (Ludacris parody),MP3,192,44100,2,163.8138775510204,,,True,True,
"Mac Lethal/mac lethal - rare, unreleased, and other/Mac Lethal - Greetings from Lethalville (feat Ghost & Ouija).mp3",,,MP3,128,44100,2,198.381875,,,True,True,
"Mac Lethal/mac lethal - rare, unreleased, and other/Mac Lethal - Lady Snow Blood.mp3",,,MP3,320,44100,2,248.74115,,,True,True,
"Mac Lethal/mac lethal - rare, unreleased, and other/Mac Lethal - I Don't Need You (feat Okwerdz & Ex-I).mp3",Okwerdz,,MP3,128,44100,2,288.7916875,,,True,True,
"Mac Lethal/mac lethal - rare, unreleased, and other/Mac Lethal - Candel Wax (feat Approach).MP3",,Track 2,MP3,128,44100,2,220.3508125,,,True,True,
"Mac Lethal/mac lethal - rare, unreleased, and other/Mac Lethal - David Maxelrod.mp3",Approach,06-David Maxelrod ft. Mac Leth,MP3,128,44100,2,66.7508125,,,True,True,
"Mac Lethal/mac lethal - rare, unreleased, and other/Mac Lethal - Bill OReilly.mp3",,,MP3,160,44100,2,205.35495,,,True,True,
"Mac Lethal/mac lethal - rare, unreleased, and other/Mac Lethal - Off The Top.mp3",VA-TD3_Productions_Presents,Mac_Lethal-Off_The_Top,MP3,192,44100,2,93.93333333333334,,,True,True,
"Mac Lethal/mac lethal - rare, unreleased, and other/Mac Lethal - A Tribute To Thundercats.mp3",,Mac Lethal - A Tribute To Thundercats,MP3,192,44100,2,164.707375,,,True,True,
"Mac Lethal/mac lethal - rare, unreleased, and other/Mac Lethal - Earth By Earth.mp3",,,MP3,128,44100,2,236.59102040816327,,,True,True,
"Mac Lethal/mac lethal - rare, unreleased, and other/Mac Lethal - HOverkill (feat Slug).mp3",Mac Lethal Ft. Slug,H-OverKill,MP3,192,44100,2,335.88351473922904,,,True,True,
"Mac Lethal/mac lethal - rare, unreleased, and other/Mac Lethal - Hurricane (feat SoundsGood & Godemus).mp3",Datload II,11) SoundsGood - Hurricane,MP3,128,44100,2,213.35,,,True,True,
"Mac Lethal/mac lethal - rare, unreleased, and other/Al Japro - Detour (feat. Mac Lethal).mp3",Al Japro,07 - al japro - detour ft. mac,MP3,128,44100,2,189.6046875,,,True,True,
"Mac Lethal/mac lethal - rare, unreleased, and other/Mac Lethal - Dr. Velcro & Laura Schlessinger (El-P Parody).mp3",Mac Lethal,Dr. Velcro & Laura Schlessinger,MP3,256,44100,2,277.842375,,,True,True,
Mac Lethal/Mac Lethal & Nezbeats - The 9 Situations/mac lethal & nezbeats - the 9 situations - 10 - one_shot_ft_archetype.mp3,Mac Lethal & Nezbeats,Track 10,MP3,192,44100,2,251.38166666666666,,,True,True,
Mac Lethal/Mac Lethal & Nezbeats - The 9 Situations/mac lethal & nezbeats - the 9 situations - 01 - intro.mp3,Mac Lethal & Nezbeats,Track 01,MP3,192,44100,2,28.452666666666666,,,True,True,
Mac Lethal/Mac Lethal & Nezbeats - The 9 Situations/mac lethal & nezbeats - the 9 situations - 08 - pauses_are_weapons.mp3,Mac Lethal & Nezbeats,Track 08,MP3,192,44100,2,246.83633333333333,,,True,True,
Mac Lethal/Mac Lethal & Nezbeats - The 9 Situations/mac lethal & nezbeats - the 9 situations - 11 - prayer.mp3,Mac Lethal & Nezbeats,Track 11,MP3,192,44100,2,317.7065416666667,,,True,True,
Mac Lethal/Mac Lethal & Nezbeats - The 9 Situations/mac lethal & nezbeats - the 9 situations - 06 - birth_of_spring.mp3,Mac Lethal & Nezbeats,Track 06,MP3,192,44100,2,203.238,,,True,True,
Mac Lethal/Mac Lethal & Nezbeats - The 9 Situations/mac lethal & nezbeats - the 9 situations - 04 - juice.mp3,Mac Lethal & Nezbeats,Track 04,MP3,192,44100,2,198.17025,,,True,True,
Mac Lethal/Mac Lethal & Nezbeats - The 9 Situations/mac lethal & nezbeats - the 9 situations - 02 - detonate_you.mp3,Mac Lethal & Nezbeats,Track 02,MP3,192,44100,2,237.01433333333333,,,True,True,
Mac Lethal/Mac Lethal & Nezbeats - The 9 Situations/mac lethal & nezbeats - the 9 situations - 05 - fifth_of_loss.mp3,Mac Lethal & Nezbeats,Track 05,MP3,192,44100,2,233.80125,,,True,True,
Mac Lethal/Mac Lethal & Nezbeats - The 9 Situations/mac lethal & nezbeats - the 9 situations - 07 - ancient_america_freestyle.mp3,Mac Lethal & Nezbeats,Track 07,MP3,192,44100,2,205.4845,,,True,True,
Mac Lethal/Mac Lethal & Nezbeats - The 9 Situations/mac lethal & nezbeats - the 9 situations - 03 - track 03.mp3,Mac Lethal & Nezbeats,Track 03,MP3,192,44100,2,218.467375,,,True,True,
Mac Lethal/Mac Lethal & Nezbeats - The 9 Situations/mac lethal & nezbeats - the 9 situations - 09 - drifting.mp3,Mac Lethal & Nezbeats,Track 09,MP3,192,44100,2,241.5335,,,True,True,
Mac Lethal/Mac Lethal - 11.11/Mac Lethal - 08 - Know it All.mp3,Mac Lethal,Know it All,MP3,192,44100,2,238.98666666666668,,,True,True,
Mac Lethal/Mac Lethal - 11.11/Mac Lethal - 03 - Rotten Apple Pie.mp3,Mac Lethal,Rotten Apple Pie,MP3,192,44100,2,223.46666666666667,,,True,True,
Mac Lethal/Mac Lethal - 11.11/Mac Lethal - 13 - Sun Storm.mp3,Mac Lethal,Sun Storm,MP3,192,44100,2,909.3333333333334,,,True,True,
Mac Lethal/Mac Lethal - 11.11/Mac Lethal - 10 - Die Slow.mp3,Mac Lethal,Mac Lethal - 10 - Die Slow,MP3,192,44100,2,245.72,,,True,True,
Mac Lethal/Mac Lethal - 11.11/Mac Lethal - 02 - Calm Down Baby.mp3,Mac Lethal,Calm Down Baby,MP3,192,44100,2,229.53333333333333,,,True,True,
Mac Lethal/Mac Lethal - 11.11/Mac Lethal - 06 - Jihad!.mp3,Mac Lethal,Jihad!,MP3,192,44100,2,191.90666666666667,,,True,True,
Mac Lethal/Mac Lethal - 11.11/Mac Lethal - 07 - Crazy.mp3,Mac Lethal,Crazy,MP3,192,44100,2,218.53333333333333,,,True,True,
Mac Lethal/Mac Lethal - 11.11/Mac Lethal - 01 - Backward.mp3,Mac Lethal,Backward,MP3,192,44100,2,184.4,,,True,True,
Mac Lethal/Mac Lethal - 11.11/Mac Lethal - 04 - Makeout Bandit.mp3,Mac Lethal,Makeout Bandit,MP3,192,44100,2,221.53333333333333,,,True,True,
Mac Lethal/Mac Lethal - 11.11/Mac Lethal - 11 - Lithium Lips.mp3,Mac Lethal,Lithium Lips,MP3,192,44100,2,212.72,,,True,True,
Mac Lethal/Mac Lethal - 11.11/Mac Lethal - 05 - Pound that Beer.mp3,Mac Lethal,Pound that Beer,MP3,192,44100,2,211.26666666666668,,,True,True,
Mac Lethal/Mac Lethal - 11.11/Mac Lethal - 12 - Tell Me Goodbye.mp3,Mac Lethal,Tell Me Goodbye,MP3,192,44100,2,228.58666666666667,,,True,True,
Mac Lethal/Mac Lethal - 11.11/Mac Lethal - 09 - Sledgehammer.mp3,Mac Lethal,Sledgehammer,MP3,192,44100,2,221.29333333333332,,,True,True,
Mac Lethal/Mac Lethal - The Original 11.11 Sessions/10-Mac_Lethal-The_Original_Make-Out_Bandit.mp3,Mac Lethal,The Original Make-Out Bandit,MP3,145,44100,2,102.82666666666667,,,True,True,
Mac Lethal/Mac Lethal - The Original 11.11 Sessions/07-Mac_Lethal-Bareknuckle_Chris.mp3,Mac Lethal,Bareknuckle Chris,MP3,192,44100,2,200.49333333333334,,,True,True,
Mac Lethal/Mac Lethal - The Original 11.11 Sessions/08-Mac_Lethal-Oak_Tree.mp3,Mac Lethal,Oak Tree,MP3,152,44100,2,215.93333333333334,,,True,True,
Mac Lethal/Mac Lethal - The Original 11.11 Sessions/06-Mac_Lethal-In_My_Dreams.mp3,Mac Lethal,In My Dreams,MP3,181,44100,2,226.42666666666668,,,True,True,
Mac Lethal/Mac Lethal - The Original 11.11 Sessions/11-Mac_Lethal-The_Sketchbook.mp3,Mac Lethal,The Sketchbook,MP3,207,44100,2,707.84,,,True,True,
Mac Lethal/Mac Lethal - The Original 11.11 Sessions/15-Mac_Lethal-Vanish.mp3,Mac Lethal,Vanish,MP3,153,44100,2,241.70666666666668,,,True,True,
Mac Lethal/Mac Lethal - The Original 11.11 Sessions/03-Mac_Lethal-Hammered_In.mp3,Mac Lethal,Hammered In,MP3,149,44100,2,212.50666666666666,,,True,True,
Mac Lethal/Mac Lethal - The Original 11.11 Sessions/01-Mac_Lethal-Absolutely_Nowhere.mp3,Mac Lethal,Absolutely Nowhere,MP3,156,44100,2,120.6,,,True,True,
Mac Lethal/Mac Lethal - The Original 11.11 Sessions/02-Mac_Lethal-Shotgun.mp3,Mac Lethal,Shotgun,MP3,188,44100,2,209.76,,,True,True,
Mac Lethal/Mac Lethal - The Original 11.11 Sessions/04-Mac_Lethal-Bloom.mp3,Mac Lethal,Bloom,MP3,165,44100,2,183.10666666666665,,,True,True,
Mac Lethal/Mac Lethal - The Original 11.11 Sessions/05-Mac_Lethal-Toad.mp3,Mac Lethal,Toad,MP3,167,44100,2,208.18666666666667,,,True,True,
Mac Lethal/Mac Lethal - The Original 11.11 Sessions/12-Mac_Lethal-Halo.mp3,Mac Lethal,Halo,MP3,163,44100,2,221.37333333333333,,,True,True,
Mac Lethal/Mac Lethal - The Original 11.11 Sessions/09-Mac_Lethal-Baby_Powder.mp3,Mac Lethal,Baby Powder,MP3,157,44100,2,212.57333333333332,,,True,True,
Mac Lethal/Mac Lethal - The Original 11.11 Sessions/14-Mac_Lethal-Epilogue.mp3,Mac Lethal,Epilogue,MP3,197,44100,2,165.72,,,True,True,
Mac Lethal/Mac Lethal - The Original 11.11 Sessions/13-Mac_Lethal-Tummy.mp3,Mac Lethal,Tummy,MP3,198,44100,2,305.52,,,True,True,
Mac Lethal/Mac Lethal - The Love Potion Collection #4/08-mac_lethal-black_widow-ftd.mp3,Mac Lethal,Black Widow,MP3,122,44100,2,190.18666666666667,,,True,True,
Mac Lethal/Mac Lethal - The Love Potion Collection #4/06-mac_lethal-silkworm-ftd.mp3,Mac Lethal,Silkworm,MP3,166,44100,2,122.22666666666667,,,True,True,
Mac Lethal/Mac Lethal - The Love Potion Collection #4/13-mac_lethal-ashes_to_ashley_feat._sadistik-ftd.mp3,Mac Lethal,Ashes To Ashley Feat. Sadistik,MP3,138,44100,2,311.64,,,True,True,
Mac Lethal/Mac Lethal - The Love Potion Collection #4/05-mac_lethal-fuck_you_all-ftd.mp3,Mac Lethal,Fuck You All,MP3,153,44100,2,169.16,,,True,True,
Mac Lethal/Mac Lethal - The Love Potion Collection #4/09-mac_lethal-theres_been_a_murder-ftd.mp3,Mac Lethal,Theres Been A Murder,MP3,131,44100,2,210.01333333333332,,,True,True,
Mac Lethal/Mac Lethal - The Love Potion Collection #4/11-mac_lethal-25000-ftd.mp3,Mac Lethal,25000,MP3,147,44100,2,172.69333333333333,,,True,True,
Mac Lethal/Mac Lethal - The Love Potion Collection #4/07-mac_lethal-clinically_insane-ftd.mp3,Mac Lethal,Clinically Insane,MP3,143,44100,2,255.66666666666666,,,True,True,
Mac Lethal/Mac Lethal - The Love Potion Collection #4/01-mac_lethal-mean_jab-ftd.mp3,Mac Lethal,Mean Jab,MP3,159,44100,2,244.74666666666667,,,True,True,
Mac Lethal/Mac Lethal - The Love Potion Collection #4/12-mac_lethal-take_me_in_my_sleep-ftd.mp3,Mac Lethal,Take Me In My Sleep,MP3,171,44100,2,252.41333333333333,,,True,True,
Mac Lethal/Mac Lethal - The Love Potion Collection #4/02-mac_lethal-pachyderm-ftd.mp3,Mac Lethal,Pachyderm,MP3,168,44100,2,120.0,,,True,True,
Mac Lethal/Mac Lethal - The Love Potion Collection #4/03-mac_lethal-mallory_knox-ftd.mp3,Mac Lethal,Mallory Knox,MP3,174,44100,2,201.66666666666666,,,True,True,
Mac Lethal/Mac Lethal - The Love Potion Collection #4/04-mac_lethal-king_of_the_insects_freestyle-ftd.mp3,Mac Lethal,King Of The Insects Freestyle,MP3,170,44100,2,91.84,,,True,True,
Mac Lethal/Mac Lethal - The Love Potion Collection #4/10-mac_lethal-rotten_apple_pie-ftd.mp3,Mac Lethal,Rotten Apple Pie,MP3,175,44100,2,223.53333333333333,,,True,True,
Mac Lethal/Mac Lethal - The Love Potion Collection #3/04-mac_lethal-dying_at_25-ftd.mp3,Mac Lethal,Dying At 25,MP3,185,44100,2,93.84,,,True,True,
Mac Lethal/Mac Lethal - The Love Potion Collection #3/01-mac_lethal-the_brunes-ftd.mp3,Mac Lethal,The Brunes,MP3,196,44100,2,115.73333333333333,,,True,True,
Mac Lethal/Mac Lethal - The Love Potion Collection #3/06-mac_lethal-dream_bag-ftd.mp3,Mac Lethal,Dream Bag,MP3,191,44100,2,199.65333333333334,,,True,True,
Mac Lethal/Mac Lethal - The Love Potion Collection #3/11-mac_lethal-the_way_we_bash-ftd.mp3,Mac Lethal,The Way We Bash,MP3,194,44100,2,154.37333333333333,,,True,True,
Mac Lethal/Mac Lethal - The Love Potion Collection #3/13-mac_lethal-mindfuck_maggie-ftd.mp3,Mac Lethal,Mindfuck Maggie,MP3,183,44100,2,142.92,,,True,True,
Mac Lethal/Mac Lethal - The Love Potion Collection #3/03-mac_lethal-parliament_menthol_lights-ftd.mp3,Mac Lethal,Parliament Menthol Lights,MP3,176,44100,2,366.62666666666667,,,True,True,
Mac Lethal/Mac Lethal - The Love Potion Collection #3/07-mac_lethal-cucumbers-ftd.mp3,Mac Lethal,Cucumbers,MP3,206,44100,2,185.04,,,True,True,
Mac Lethal/Mac Lethal - The Love Potion Collection #3/09-mac_lethal-domino_motherfuckers-ftd.mp3,Mac Lethal,Domino Motherfuckers,MP3,204,44100,2,168.08,,,True,True,
Mac Lethal/Mac Lethal - The Love Potion Collection #3/10-mac_lethal-rapz_of_death_ft._sage_francis-ftd.mp3,Mac Lethal,Rapz Of Death Ft. Sage Francis,MP3,155,44100,2,192.73333333333332,,,True,True,
Mac Lethal/Mac Lethal - The Love Potion Collection #3/05-mac_lethal-pull_the_hair-ftd.mp3,Mac Lethal,Pull The Hair,MP3,185,44100,2,205.73333333333332,,,True,True,
Mac Lethal/Mac Lethal - The Love Potion Collection #3/02-mac_lethal-would_john_madden_have_crashed_his_bus_into_the_world_trade_center_if_he_plotted_911-ftd.mp3,Mac Lethal,Would John Madden,MP3,157,44100,2,151.58666666666667,,,True,True,
Mac Lethal/Mac Lethal - The Love Potion Collection #3/08-mac_lethal-eww-ftd.mp3,Mac Lethal,Eww,MP3,206,44100,2,30.68,,,True,True,
Mac Lethal/Mac Lethal - The Love Potion Collection #3/12-mac_lethal-camera_2_ft._joe_good-ftd.mp3,Mac Lethal,Camera 2 Ft. Joe Good,MP3,188,44100,2,70.89333333333333,,,True,True,
Mac Lethal/Mac Lethal - The Love Potion Collection #2/6. Needle Point (prod. Been).mp3,Mac Lethal,Needle Point,MP3,133,44100,2,202.66666666666666,,,True,True,
Mac Lethal/Mac Lethal - The Love Potion Collection #2/13. Lavendar Moon (prod. Kid Called Computer (from 1998)).mp3,Mac Lethal,Track 13,MP3,223,44100,2,207.14666666666668,,,True,True,
Mac Lethal/Mac Lethal - The Love Potion Collection #2/9. D.U.I. #1 (prod. Marshall Larada).mp3,Mac Lethal,D.U.I. #1,MP3,129,44100,2,163.16,,,True,True,
Mac Lethal/Mac Lethal - The Love Potion Collection #2/11. Papa's Belt (prod. Nezbeat).mp3,Mac Lethal,Papa's Belt,MP3,202,44100,2,231.65333333333334,,,True,True,
Mac Lethal/Mac Lethal - The Love Potion Collection #2/3. Phone Interview clip.mp3,Mac Lethal,Track 03,MP3,133,44100,2,57.77333333333333,,,True,True,
Mac Lethal/Mac Lethal - The Love Potion Collection #2/8. Interlude (prod. Nezbeat).mp3,Mac Lethal,Track 08,MP3,171,44100,2,82.94666666666667,,,True,True,
Mac Lethal/Mac Lethal - The Love Potion Collection #2/14. Show clip.mp3,Mac Lethal,Track 14,MP3,182,44100,2,93.25333333333333,,,True,True,
Mac Lethal/Mac Lethal - The Love Potion Collection #2/1. Walkin' On Nails (prod. Lazer Beak).mp3,Mac Lethal,Walkin' On Nails,MP3,160,44100,2,250.24,,,True,True,
Mac Lethal/Mac Lethal - The Love Potion Collection #2/10. Bottles (with Rick Whispers).mp3,Mac Lethal,Bottles,MP3,184,44100,2,195.82666666666665,,,True,True,
Mac Lethal/Mac Lethal - The Love Potion Collection #2/5a. A Slow Down Ghandi Shame (w. Sage Francis prod. Mac Lethal) 5b. I'm sage francis show clip.mp3,Mac Lethal,A Slow Down Ghandi Shame,MP3,160,44100,2,320.72,,,True,True,
Mac Lethal/Mac Lethal - The Love Potion Collection #2/12. Tangle (prod. Nezbeat).mp3,Mac Lethal,Track 12,MP3,170,44100,2,255.57333333333332,,,True,True,
Mac Lethal/Mac Lethal - The Love Potion Collection #2/16. Welcome To My Myspace Page (w. Joe Good prod. Mac Lethal).mp3,Mac Lethal,Welcome To My Myspace Page,MP3,151,44100,2,395.24,,,True,True,
Mac Lethal/Mac Lethal - The Love Potion Collection #2/4. Smart Dumb Person (prod. Joey Beats).mp3,Mac Lethal,Track 04,MP3,136,44100,2,198.30666666666667,,,True,True,
Mac Lethal/Mac Lethal - The Love Potion Collection #2/7. Lady Snowblood (prod. Kid Called Computer).mp3,Mac Lethal,Lady Snowblood,MP3,178,44100,2,248.74666666666667,,,True,True,
Mac Lethal/Mac Lethal - The Love Potion Collection #2/15. Strike My Dead (w. Steve Cruz of The Esoteri prod. Nezbeat).mp3,Mac Lethal,Track 15,MP3,182,44100,2,219.22666666666666,,,True,True,
Mac Lethal/Mac Lethal - The Love Potion Collection #2/2. Earth By Earth (prod. Kid Called Computer).mp3,Mac Lethal,Earth By Earth,MP3,169,44100,2,236.65333333333334,,,True,True,
Mac Lethal/Mac Lethal - Crown Prime Rib Mixtape/15 Black Clover Farewell Anthem.mp3,Mac Lethal,Black Clover Farewell Anthem,MP3,192,44100,2,271.0518333333333,,,True,True,
Mac Lethal/Mac Lethal - Crown Prime Rib Mixtape/09 fuck nick cannon freestyle.mp3,Mac Lethal,Fuck Nick Cannon Freestyle,MP3,192,44100,2,148.32858333333334,,,True,True,
Mac Lethal/Mac Lethal - Crown Prime Rib Mixtape/03 a milli(er) lite freestyle.mp3,Mac Lethal,A Milli(er) Lite Freestyle,MP3,192,44100,2,250.44125,,,True,True,
Mac Lethal/Mac Lethal - Crown Prime Rib Mixtape/01 he's baque.mp3,Mac Lethal,He's Baque,MP3,192,44100,2,151.16658333333334,,,True,True,
Mac Lethal/Mac Lethal - Crown Prime Rib Mixtape/08 fuck grieves (by mac lethal).mp3,Mac Lethal,Fuck Grieves (By Mac Lethal),MP3,192,44100,2,112.0445,,,True,True,
Mac Lethal/Mac Lethal - Crown Prime Rib Mixtape/10 June Snow Freestyle.mp3,Mac Lethal,June Snow Freestyle,MP3,192,44100,2,308.9555,,,True,True,
Mac Lethal/Mac Lethal - Crown Prime Rib Mixtape/12 Skateland Freestyle.mp3,Mac Lethal,Skateland Freestyle,MP3,192,44100,2,249.84041666666667,,,True,True,
Mac Lethal/Mac Lethal - Crown Prime Rib Mixtape/05 hold me down.mp3,Mac Lethal,Hold Me Down,MP3,192,44100,2,169.6445,,,True,True,
"Mac Lethal/Mac Lethal - Crown Prime Rib Mixtape/11 Get The Money, Fuck The Bitches.mp3",Mac Lethal,"Get The Money, Fuck The Bitches",MP3,192,44100,2,274.9963333333333,,,True,True,
Mac Lethal/Mac Lethal - Crown Prime Rib Mixtape/14 I Put This Freestyle At The End Because It Sucks.mp3,Mac Lethal,I Put This Freestyle At The End Because It Sucks,MP3,192,44100,2,119.56775,,,True,True,
Mac Lethal/Mac Lethal - Crown Prime Rib Mixtape/02 russian river freestyle.mp3,Mac Lethal,Russian River Freestyle,MP3,192,44100,2,224.16204166666665,,,True,True,
Mac Lethal/Mac Lethal - Crown Prime Rib Mixtape/06 drunk flow 1.mp3,Mac Lethal,Drunk Flow 1,MP3,192,44100,2,285.65429166666667,,,True,True,
Mac Lethal/Mac Lethal - Crown Prime Rib Mixtape/13 Drunk Flow 2.mp3,Mac Lethal,Drunk Flow 2,MP3,192,44100,2,105.827375,,,True,True,
Mac Lethal/Mac Lethal - Crown Prime Rib Mixtape/07 fuck mac lethal (by grieves).mp3,Mac Lethal,Fuck Mac Lethal (By Grieves),MP3,192,44100,2,106.950625,,,True,True,
Mac Lethal/Mac Lethal - Crown Prime Rib Mixtape/04 looney farm lethal.mp3,Mac Lethal,Looney Farm Lethal,MP3,192,44100,2,154.206125,,,True,True,
Mac Lethal/The R.E. & Mac Lethal - Moon Thinker EP/05-the_r.e._and_mac_lethal_-suicide_note-cms.mp3,The R.E. and Mac Lethal,Suicide Note,MP3,192,44100,2,242.13645833333334,,,True,True,
Mac Lethal/The R.E. & Mac Lethal - Moon Thinker EP/06-the_r.e._and_mac_lethal_-the_song-cms.mp3,The R.E. and Mac Lethal,The Song,MP3,192,44100,2,275.59933333333333,,,True,True,
Mac Lethal/The R.E. & Mac Lethal - Moon Thinker EP/01-the_r.e._and_mac_lethal_-sunset-cms.mp3,,,MP3,192,44100,2,102.58820833333333,,,True,True,
Mac Lethal/The R.E. & Mac Lethal - Moon Thinker EP/03-the_r.e._and_mac_lethal_-contact_high-cms.mp3,The R.E. and Mac Lethal,Contact High,MP3,192,44100,2,263.21729166666665,,,True,True,
Mac Lethal/The R.E. & Mac Lethal - Moon Thinker EP/07-the_r.e._and_mac_lethal_-the_rubicon-cms.mp3,The R.E. and Mac Lethal,The Rubicon,MP3,192,44100,2,367.3935833333333,,,True,True,
Mac Lethal/The R.E. & Mac Lethal - Moon Thinker EP/04-the_r.e._and_mac_lethal_-city_of_the_green-cms.mp3,The R.E. and Mac Lethal,City of the Green,MP3,192,44100,2,405.06216666666666,,,True,True,
Mac Lethal/The R.E. & Mac Lethal - Moon Thinker EP/02-the_r.e._and_mac_lethal_-moon_thinker-cms.mp3,The R.E. and Mac Lethal,Moon Thinker,MP3,192,44100,2,313.94708333333335,,,True,True,
Boards of Canada/Tomorrow's Harvest/15 New Seeds.flac,Boards of Canada,New Seeds,FLAC,24682,96000,2,338.0280520833333,,,True,True,
Boards of Canada/Tomorrow's Harvest/15 New Seeds_1.flac,Boards of Canada,New Seeds,FLAC,24682,96000,2,338.0280520833333,,,True,True,
Common/Be (20th Anniversary)/11 It's Your World (Part 1 & 2)_2.flac,Common,It's Your World (Part 1 & 2),FLAC,1683,44100,2,513.7333333333333,90.0,C,False,False,
Common/Be (20th Anniversary)/03 GO!.flac,Common,GO!,FLAC,34247,44100,2,224.16,105.0,Eb,False,False,
Common/Be (20th Anniversary)/03 GO!_1.flac,Common,GO!,FLAC,34247,44100,2,224.16,105.0,Eb,False,False,
Common/Be (20th Anniversary)/11 It's Your World (Part 1 & 2).flac,Common,It's Your World (Part 1 & 2),FLAC,1683,44100,2,513.7333333333333,90.0,C,False,False,
Common/Be (20th Anniversary)/11 It's Your World (Part 1 & 2)_1.flac,Common,It's Your World (Part 1 & 2),FLAC,1683,44100,2,513.7333333333333,90.0,C,False,False,
Common/Be (20th Anniversary)/03 GO!_2.flac,Common,GO!,FLAC,34247,44100,2,224.16,105.0,Eb,False,False,
Common/The Dreamer - The Believer/05 Gold_1.flac,Common,Gold,FLAC,3753,44100,2,259.18666666666667,95.0,Abm,False,False,
Common/The Dreamer - The Believer/07 Raw (How You Like It)_2.flac,Common,Raw (How You Like It),FLAC,10241,44100,2,235.66666666666666,85.0,G,False,False,
Common/The Dreamer - The Believer/07 Raw (How You Like It).flac,Common,Raw (How You Like It),FLAC,10241,44100,2,235.66666666666666,85.0,G,False,False,
Common/The Dreamer - The Believer/05 Gold.flac,Common,Gold,FLAC,3753,44100,2,259.18666666666667,95.0,Abm,False,False,
Common/The Dreamer - The Believer/07 Raw (How You Like It)_1.flac,Common,Raw (How You Like It),FLAC,10241,44100,2,235.66666666666666,85.0,G,False,False,
Common/The Dreamer - The Believer/05 Gold_2.flac,Common,Gold,FLAC,3753,44100,2,259.18666666666667,95.0,Abm,False,False,
Common/Let Love/03 Dwele’s Interlude_2.flac,Common,Dwele’s Interlude,FLAC,31742,44100,2,69.17333333333333,118.0,F#m,False,False,
Common/Let Love/03 Dwele’s Interlude_1.flac,Common,Dwele’s Interlude,FLAC,31742,44100,2,69.17333333333333,118.0,F#m,False,False,
Common/Let Love/03 Dwele’s Interlude.flac,Common,Dwele’s Interlude,FLAC,31742,44100,2,69.17333333333333,118.0,F#m,False,False,
Atmosphere/03. Virgo.flac,Atmosphere,Virgo,FLAC,1427,44100,2,272.8,,,True,True,
Atmosphere/06. Anymore.flac,Atmosphere,Anymore,FLAC,1552,44100,2,243.8,,,True,True,
Atmosphere/04. Delicate.flac,Atmosphere,Delicate,FLAC,1528,44100,2,305.6533333333333,,,True,True,
Atmosphere/02. Stopwatch.flac,Atmosphere,Stopwatch,FLAC,1652,44100,2,248.36,,,True,True,
Atmosphere/01. Jerome.flac,Atmosphere,Jerome,FLAC,1553,44100,2,255.77333333333334,,,True,True,
Atmosphere/09. Specificity.flac,Atmosphere,Specificity,FLAC,1539,44100,2,122.25333333333333,,,True,True,
Atmosphere/07. Earring (feat. Musab).flac,Atmosphere,Earring (feat. Musab),FLAC,1520,44100,2,183.70666666666668,,,True,True,
"Atmosphere/05. Drown (feat. Cashinova, The Lioness & deM atlaS).flac",Atmosphere,"Drown (feat. Cashinova, The Lioness & deM atlaS)",FLAC,1487,44100,2,271.61333333333334,,,True,True,
Atmosphere/12. Graffiti.flac,Atmosphere,Graffiti,FLAC,1607,44100,2,267.25333333333333,,,True,True,
Atmosphere/08. Trim.flac,Atmosphere,Trim,FLAC,1587,44100,2,212.90666666666667,,,True,True,
Atmosphere/11. Randy Mosh (feat. The Dynospectrum).flac,Atmosphere,Randy Mosh (feat. The Dynospectrum),FLAC,1584,44100,2,331.18666666666667,,,True,True,
Atmosphere/10. Mijo.flac,Atmosphere,Mijo,FLAC,1547,44100,2,247.69333333333333,,,True,True,
Ambassadors Of Funk featuring M. C. Mario/Super Mario Compact Disco/07 King Of The Koopas - Supermariobrothers 3_2.flac,Ambassadors Of Funk featuring M. C. Mario,King Of The Koopas - Supermariobrothers 3,FLAC,6692,44100,2,238.13333333333333,,,True,True,
Ambassadors Of Funk featuring M. C. Mario/Super Mario Compact Disco/07 King Of The Koopas - Supermariobrothers 3_1.flac,Ambassadors Of Funk featuring M. C. Mario,King Of The Koopas - Supermariobrothers 3,FLAC,6692,44100,2,238.13333333333333,,,True,True,
Ambassadors Of Funk featuring M. C. Mario/Super Mario Compact Disco/07 King Of The Koopas - Supermariobrothers 3.flac,Ambassadors Of Funk featuring M. C. Mario,King Of The Koopas - Supermariobrothers 3,FLAC,6692,44100,2,238.13333333333333,,,True,True,
Denzel Curry/Denzel Curry - ZUU - 08 - YOO.flac,Denzel Curry,YOO,FLAC,435,44100,2,64.49333333333334,,,True,True,
Denzel Curry/Denzel Curry - ZUU - 03 - WISH.flac,Denzel Curry;Kiddo Marv,WISH,FLAC,1017,44100,2,192.01333333333332,,,True,True,
Denzel Curry/Denzel Curry - ZUU - 06 - SPEEDBOAT.flac,Denzel Curry,SPEEDBOAT,FLAC,869,44100,2,222.53333333333333,,,True,True,
Denzel Curry/Denzel Curry - ZUU - 11 - BLACKLAND 66.6.flac,Denzel Curry,BLACKLAND 66.6,FLAC,843,44100,2,49.22666666666667,,,True,True,
Denzel Curry/Denzel Curry - ZUU - 04 - BIRDZ.flac,Denzel Curry;Rick Ross,BIRDZ,FLAC,1016,44100,2,204.38666666666666,,,True,True,
Denzel Curry/Denzel Curry - ZUU - 12 - P.A.T.flac,Denzel Curry;PlayThatBoiZay,P.A.T.,FLAC,1024,44100,2,180.48,,,True,True,
Denzel Curry/Denzel Curry - ZUU - 02 - RICKY.flac,Denzel Curry,RICKY,FLAC,923,44100,2,147.86666666666667,,,True,True,
Denzel Curry/Denzel Curry - ZUU - 07 - BUSHY B INTERLUDE.flac,Denzel Curry,BUSHY B INTERLUDE,FLAC,919,44100,2,65.64,,,True,True,
Denzel Curry/Denzel Curry - ZUU - 09 - CAROLMART.flac,Denzel Curry;Ice Billion Berg,CAROLMART,FLAC,1002,44100,2,164.12,,,True,True,
Denzel Curry/Denzel Curry - ZUU - 01 - ZUU.flac,Denzel Curry,ZUU,FLAC,930,44100,2,126.0,,,True,True,
Denzel Curry/Denzel Curry - ZUU - 10 - SHAKE 88.flac,Denzel Curry;Sam Sneak,SHAKE 88,FLAC,1014,44100,2,147.72,,,True,True,
Denzel Curry/Denzel Curry - ZUU - 05 - AUTOMATIC.flac,Denzel Curry;Tay Keith,AUTOMATIC,FLAC,954,44100,2,182.52,,,True,True,
Bionic Boogie/Disco Mix/17 Fess Up To The Boogie ((Disco remix by Gregg Diamond)).flac,Bionic Boogie,Fess Up To The Boogie ((Disco remix by Gregg Diamond)),FLAC,1046,44100,2,474.46666666666664,,,True,True,
Bionic Boogie/Disco Mix/17 Fess Up To The Boogie ((Disco remix by Gregg Diamond))_1.flac,Bionic Boogie,Fess Up To The Boogie ((Disco remix by Gregg Diamond)),FLAC,1046,44100,2,474.46666666666664,,,True,True,
A$AP Rocky/10-asap_rocky-max_b_(feat._joe_fox).flac,A$AP Rocky,Max B (Feat. Joe Fox),FLAC,752,44100,2,241.13333333333333,,,True,True,
A$AP Rocky/14 Ghetto Symphony (feat. Gunplay & A$AP Ferg).flac,A$AP Rocky,Ghetto Symphony (feat. Gunplay & A$AP Ferg),FLAC,932,44100,2,237.73333333333332,,,True,True,
A$AP Rocky/16 I Come Apart (feat. Florence Welch).flac,A$AP Rocky,I Come Apart (feat. Florence Welch),FLAC,900,44100,2,217.94666666666666,,,True,True,
A$AP Rocky/15 Angels.flac,A$AP Rocky,Angels,FLAC,936,44100,2,228.12,,,True,True,
A$AP Rocky/08. Stop Snitching.flac,A$AP Rocky,Stop Snitching,FLAC,958,44100,2,200.17031746031745,,,True,True,
/Volumes/Music_Studio/DJ Music/A$AP Rocky/11 Kids Turned Out Fine.flac,,,,,,,,,,True,True,"file said 4 bytes, read 0 bytes"
A$AP Rocky/05 Hell (feat. Santigold).flac,A$AP Rocky,Hell (feat. Santigold),FLAC,902,44100,2,231.78666666666666,,,True,True,
A$AP Rocky/15. The End.flac,A$AP Rocky,The End,FLAC,810,44100,2,214.7771882086168,,,True,True,
/Volumes/Music_Studio/DJ Music/A$AP Rocky/4 Fukk Sleep (feat. FKA twigs).flac,,,,,,,,,,True,True,"file said 4 bytes, read 0 bytes"
A$AP Rocky/06 Pain (feat. OverDoz).flac,A$AP Rocky,Pain (feat. OverDoz),FLAC,1075,44100,2,233.26666666666668,,,True,True,
A$AP Rocky/13-asap_rocky-westside_highway_(feat._james_fauntleroy).flac,A$AP Rocky,Westside Highway (Feat. James Fauntleroy),FLAC,820,44100,2,176.90666666666667,,,True,True,
/Volumes/Music_Studio/DJ Music/A$AP Rocky/5 Praise The Lord (Da Shine) (feat. Skepta).flac,,,,,,,,,,True,True,"file said 4 bytes, read 0 bytes"
A$AP Rocky/14. Don't Be Dumb _ Trip Baby.flac,A$AP Rocky,Don't Be Dumb / Trip Baby,FLAC,862,44100,2,285.63367346938776,,,True,True,
A$AP Rocky/07. No Trespassing.flac,A$AP Rocky,No Trespassing,FLAC,1021,44100,2,195.12947845804987,,,True,True,
A$AP Rocky/08-asap_rocky-electric_body_(feat._schoolboy_q).flac,A$AP Rocky,Electric Body (Feat. Schoolboy Q),FLAC,820,44100,2,255.25333333333333,,,True,True,
A$AP Rocky/12-asap_rocky-wavybone_(feat._juicy_j_and_ugk).flac,A$AP Rocky,Wavybone (Feat. Juicy J & UGK),FLAC,815,44100,2,303.0,,,True,True,
A$AP Rocky/17-asap_rocky-everyday_(feat._rod_stewart_and_miguel_and_mark_ronson).flac,A$AP Rocky,Everyday (Feat. Rod Stewart & Miguel & Mark Ronson),FLAC,877,44100,2,260.9866666666667,,,True,True,
/Volumes/Music_Studio/DJ Music/A$AP Rocky/6 CALLDROPS (feat. Kodak Black).flac,,,,,,,,,,True,True,"file said 4 bytes, read 0 bytes"
A$AP Rocky/04. Stole Ya Flow.flac,A$AP Rocky,Stole Ya Flow,FLAC,975,44100,2,199.01532879818595,,,True,True,
A$AP Rocky/16-asap_rocky-dreams_(interlude).flac,A$AP Rocky,Dreams (Interlude),FLAC,615,44100,2,136.77333333333334,,,True,True,
A$AP Rocky/11 Phoenix.flac,A$AP Rocky,Phoenix,FLAC,753,44100,2,233.88,,,True,True,
"A$AP Rocky/09 1 Train (feat. Kendrick Lamar, Joey Bada$$, Yelawolf, Danny Brown, Action Bronson & Big K.R.I.T.).flac",A$AP Rocky,"1 Train (feat. Kendrick Lamar, Joey Bada$$, Yelawolf, Danny Brown, Action Bronson & Big K.R.I.T.)",FLAC,958,44100,2,372.17333333333335,,,True,True,
A$AP Rocky/09. STFU.flac,A$AP Rocky,STFU,FLAC,966,44100,2,178.67310657596371,,,True,True,
A$AP Rocky/03-asap_rocky-fine_whine_(feat._future_and_m.i.a.).flac,A$AP Rocky,Fine Whine (Feat. Future & M.I.A.),FLAC,765,44100,2,218.54666666666665,,,True,True,
A$AP Rocky/11. Air Force (Black Demarco).flac,A$AP Rocky,Air Force (Black Demarco),FLAC,952,44100,2,224.27945578231294,,,True,True,
/Volumes/Music_Studio/DJ Music/A$AP Rocky/7 Buck Shots.flac,,,,,,,,,,True,True,"file said 4 bytes, read 0 bytes"
A$AP Rocky/13. Robbery feat. Doechii.flac,A$AP Rocky,Robbery feat. Doechii,FLAC,868,44100,2,235.20569160997732,,,True,True,
A$AP Rocky/08 Wild for the Night (feat. Skrillex).flac,A$AP Rocky,Wild for the Night (feat. Skrillex),FLAC,1021,44100,2,209.49333333333334,,,True,True,
A$AP Rocky/16. Swat Team.flac,A$AP Rocky,Swat Team,FLAC,936,44100,2,192.33281179138322,,,True,True,
"/Volumes/Music_Studio/DJ Music/A$AP Rocky/2 A$AP Forever REMIX (feat. Moby, T.I. & Kid Cudi).flac",,,,,,,,,,True,True,"file said 4 bytes, read 0 bytes"
A$AP Rocky/07-asap_rocky-lord_pretty_flacko_joyde_2_(lpfj2).flac,A$AP Rocky,Lord Pretty Flacko Joyde 2 (LPFJ2),FLAC,1010,44100,2,126.96,,,True,True,
A$AP Rocky/05. Stay Here 4 Life.flac,A$AP Rocky,Stay Here 4 Life,FLAC,830,44100,2,346.09331065759636,,,True,True,
A$AP Rocky/01 Long Live A$AP.flac,A$AP Rocky,Long Live A$AP,FLAC,843,44100,2,289.58666666666664,130.0,Gm,False,False,
A$AP Rocky/05-asap_rocky-excuse_me.flac,A$AP Rocky,Excuse Me,FLAC,891,44100,2,238.05333333333334,,,True,True,
A$AP Rocky/04 LVL.flac,A$AP Rocky,LVL,FLAC,797,44100,2,220.13333333333333,120.0,Eb,False,False,
/Volumes/Music_Studio/DJ Music/A$AP Rocky/13 Changes.flac,,,,,,,,,,True,True,"file said 4 bytes, read 0 bytes"
"A$AP Rocky/07 Fuckin' Problems (feat. Drake, 2 Chainz & Kendrick Lamar).flac",A$AP Rocky,"Fuckin' Problems (feat. Drake, 2 Chainz & Kendrick Lamar)",FLAC,779,44100,2,233.78666666666666,,,True,True,
A$AP Rocky/09-asap_rocky-jukebox_joints_(feat._joe_fox_and_kanye_west).flac,A$AP Rocky,Jukebox Joints (Feat. Joe Fox & Kanye West),FLAC,859,44100,2,323.96,,,True,True,
A$AP Rocky/12. Whiskey (Release Me) feat. Damon Albarn & Westside Gunn.flac,A$AP Rocky,Whiskey (Release Me) feat. Damon Albarn & Westside Gunn,FLAC,853,44100,2,245.98780045351475,,,True,True,
A$AP Rocky/02-asap_rocky-canal_st._(feat._bones).flac,A$AP Rocky,Canal St. (Feat. Bones),FLAC,754,44100,2,227.42666666666668,,,True,True,
A$AP Rocky/02 Goldie.flac,A$AP Rocky,Goldie,FLAC,851,44100,2,192.06666666666666,,,True,True,
"A$AP Rocky/17. Fish N Steak (What It Is) feat. Tyler, the Creator.flac",A$AP Rocky,"Fish N Steak (What It Is) feat. Tyler, the Creator",FLAC,866,44100,2,229.1015419501134,,,True,True,
/Volumes/Music_Studio/DJ Music/A$AP Rocky/12 Hun43rd.flac,,,,,,,,,,True,True,"file said 4 bytes, read 0 bytes"
A$AP Rocky/13 Jodye.flac,A$AP Rocky,Jodye,FLAC,839,44100,2,260.76,,,True,True,
A$AP Rocky/15-asap_rocky-ms_(feat._lil_wayne).flac,A$AP Rocky,M'$ (Feat. Lil Wayne),FLAC,945,44100,2,233.4,,,True,True,
A$AP Rocky/10 Fashion Killa.flac,A$AP Rocky,Fashion Killa,FLAC,1066,44100,2,236.28,,,True,True,
A$AP Rocky/03. Interrogation (Skit).flac,A$AP Rocky,Interrogation (Skit),FLAC,669,44100,2,49.04657596371882,,,True,True,
A$AP Rocky/03 PMW (All I Really Need) (feat. Schoolboy Q).flac,A$AP Rocky,PMW (All I Really Need) (feat. Schoolboy Q),FLAC,981,44100,2,234.77333333333334,,,True,True,
A$AP Rocky/11-asap_rocky-pharsyde_(feat._joe_fox).flac,A$AP Rocky,Pharsyde (Feat. Joe Fox),FLAC,724,44100,2,222.33333333333334,,,True,True,
A$AP Rocky/02. Helicopter.flac,A$AP Rocky,Helicopter,FLAC,1063,44100,2,160.96625850340135,,,True,True,
/Volumes/Music_Studio/DJ Music/A$AP Rocky/3 Tony Tone.flac,,,,,,,,,,True,True,"file said 4 bytes, read 0 bytes"
A$AP Rocky/04-asap_rocky-lsd.flac,A$AP Rocky,L$D,FLAC,715,44100,2,238.30666666666667,,,True,True,
A$AP Rocky/10. Punk Rocky.flac,A$AP Rocky,Punk Rocky,FLAC,1034,44100,2,234.15063492063493,,,True,True,
A$AP Rocky/01. Order of Protection.flac,A$AP Rocky,Order of Protection,FLAC,977,44100,2,171.8445804988662,,,True,True,
/Volumes/Music_Studio/DJ Music/A$AP Rocky/15 Purity (feat. Frank Ocean).flac,,,,,,,,,,True,True,"file said 4 bytes, read 0 bytes"
A$AP Rocky/18-asap_rocky-back_home_(feat._mos_def_and_acyde_and_yams).flac,A$AP Rocky,Back Home (Feat. Mos Def & Acyde & Yams),FLAC,787,44100,2,278.0933333333333,,,True,True,
/Volumes/Music_Studio/DJ Music/A$AP Rocky/10 OG Beeper.flac,,,,,,,,,,True,True,"file said 4 bytes, read 0 bytes"
"/Volumes/Music_Studio/DJ Music/A$AP Rocky/14 Black Tux, White Collar.flac",,,,,,,,,,True,True,"file said 4 bytes, read 0 bytes"
A$AP Rocky/12 Suddenly.flac,A$AP Rocky,Suddenly,FLAC,780,44100,2,270.70666666666665,,,True,True,
/Volumes/Music_Studio/DJ Music/A$AP Rocky/9 Brotha Man (feat. French Montana).flac,,,,,,,,,,True,True,"file said 4 bytes, read 0 bytes"
A$AP Rocky/14-asap_rocky-better_things.flac,A$AP Rocky,Better Things,FLAC,731,44100,2,199.46666666666667,,,True,True,
A$AP Rocky/01-asap_rocky-holy_ghost_(feat._joe_fox).flac,A$AP Rocky,Holy Ghost (Feat. Joe Fox),FLAC,893,44100,2,191.2,,,True,True,
/Volumes/Music_Studio/DJ Music/A$AP Rocky/1 Distorted Records.flac,,,,,,,,,,True,True,"file said 4 bytes, read 0 bytes"
/Volumes/Music_Studio/DJ Music/A$AP Rocky/8 Gunz N Butter (feat. Juicy J).flac,,,,,,,,,,True,True,"file said 4 bytes, read 0 bytes"
A$AP Rocky/06-asap_rocky-jd.flac,A$AP Rocky,JD,FLAC,709,44100,2,105.82666666666667,,,True,True,
A$AP Rocky/06. Playa.flac,A$AP Rocky,Playa,FLAC,949,44100,2,227.42308390022677,,,True,True,
SwuM Benno/Chillhop Essentials Summer 2023/27 Arena.mp3,SwuM Benno,Arena,MP3,192,44100,2,122.4708843537415,,,True,True,
Klangkarussell Feat. Will Heard/Deep House 2026/10 Sonnentanz (Sun Don't Shine).flac,Klangkarussell Feat. Will Heard,Sonnentanz (Sun Don't Shine),FLAC,24675,44100,2,238.12,,,True,True,
Klangkarussell Feat. Will Heard/Deep House 2026/10 Sonnentanz (Sun Don't Shine)_1.flac,Klangkarussell Feat. Will Heard,Sonnentanz (Sun Don't Shine),FLAC,24675,44100,2,238.12,,,True,True,
Common feat. PJ/Black America Again/10 Unfamiliar.flac,Common feat. PJ,Unfamiliar,FLAC,1802,44100,2,238.77442176870747,89.0,Em,False,False,
Common feat. PJ/Black America Again/10 Unfamiliar_2.flac,Common feat. PJ,Unfamiliar,FLAC,1802,44100,2,238.77442176870747,89.0,Em,False,False,
Common feat. PJ/Black America Again/10 Unfamiliar_1.flac,Common feat. PJ,Unfamiliar,FLAC,1802,44100,2,238.77442176870747,89.0,Em,False,False,
The Notorious B.I.G. Feat. Bone Thugs-N-Harmony & Twista/Duets- The Final Chapter (20th Deluxe)/03 Spit Your Game (2005 Remaster)_1.flac,The Notorious B.I.G. Feat. Bone Thugs-N-Harmony & Twista,Spit Your Game (2005 Remaster),FLAC,12735,44100,2,249.88,,,True,True,
The Notorious B.I.G. Feat. Bone Thugs-N-Harmony & Twista/Duets- The Final Chapter (20th Deluxe)/03 Spit Your Game (2005 Remaster).flac,The Notorious B.I.G. Feat. Bone Thugs-N-Harmony & Twista,Spit Your Game (2005 Remaster),FLAC,12735,44100,2,249.88,,,True,True,
Common feat. Elijah Blake/Nobody’s Smiling/08 Real_1.flac,Common feat. Elijah Blake,Real,FLAC,54675,44100,2,202.59451247165532,91.0,C#m,False,False,
Common feat. Elijah Blake/Nobody’s Smiling/08 Real.flac,Common feat. Elijah Blake,Real,FLAC,54675,44100,2,202.59451247165532,91.0,C#m,False,False,
VA - I Believe This to Be The Supreme Formula  Hip-Hop  Poetry (2026) 320_kbps Beats⭐/VA - I Believe This to Be The Supreme Formula  Hip-Hop  Poetry (2026) 320_kbps Beats⭐/07. Fashow 2x & Open Mike Eagle - Varicose Veins.mp3,Fashow 2x & Open Mike Eagle,Varicose Veins,MP3,320,44100,2,173.45315192743763,,,True,True,
VA - I Believe This to Be The Supreme Formula  Hip-Hop  Poetry (2026) 320_kbps Beats⭐/VA - I Believe This to Be The Supreme Formula  Hip-Hop  Poetry (2026) 320_kbps Beats⭐/02. Mansoor Syed - untitled #1.mp3,Mansoor Syed,untitled #1,MP3,320,44100,2,82.3878231292517,,,True,True,
"VA - I Believe This to Be The Supreme Formula  Hip-Hop  Poetry (2026) 320_kbps Beats⭐/VA - I Believe This to Be The Supreme Formula  Hip-Hop  Poetry (2026) 320_kbps Beats⭐/09. Ricky Wyrick, Mansoor Syed & R.A.P. Ferreira - Supreme Formula.mp3","Ricky Wyrick, Mansoor Syed & R.A.P. Ferreira",Supreme Formula,MP3,320,44100,2,150.89448979591836,,,True,True,
VA - I Believe This to Be The Supreme Formula  Hip-Hop  Poetry (2026) 320_kbps Beats⭐/VA - I Believe This to Be The Supreme Formula  Hip-Hop  Poetry (2026) 320_kbps Beats⭐/04. Fashow 2x - Smoke Session Confessions.mp3,Fashow 2x,Smoke Session Confessions,MP3,320,44100,2,122.39850340136054,,,True,True,
VA - I Believe This to Be The Supreme Formula  Hip-Hop  Poetry (2026) 320_kbps Beats⭐/VA - I Believe This to Be The Supreme Formula  Hip-Hop  Poetry (2026) 320_kbps Beats⭐/03. Patricia Evans - Heavy Pain.mp3,Patricia Evans,Heavy Pain,MP3,320,44100,2,76.20916099773243,,,True,True,
VA - I Believe This to Be The Supreme Formula  Hip-Hop  Poetry (2026) 320_kbps Beats⭐/VA - I Believe This to Be The Supreme Formula  Hip-Hop  Poetry (2026) 320_kbps Beats⭐/08. Mansoor Syed - untitled #3.mp3,Mansoor Syed,untitled #3,MP3,320,44100,2,156.52115646258503,,,True,True,
VA - I Believe This to Be The Supreme Formula  Hip-Hop  Poetry (2026) 320_kbps Beats⭐/VA - I Believe This to Be The Supreme Formula  Hip-Hop  Poetry (2026) 320_kbps Beats⭐/01. Siobhan Dillon - I believe this to be the Supreme Formula.mp3,Siobhan Dillon,I believe this to be the Supreme Formula,MP3,320,44100,2,115.08648526077097,,,True,True,
VA - I Believe This to Be The Supreme Formula  Hip-Hop  Poetry (2026) 320_kbps Beats⭐/VA - I Believe This to Be The Supreme Formula  Hip-Hop  Poetry (2026) 320_kbps Beats⭐/05. Mansoor Syed - untitled #2.mp3,Mansoor Syed,untitled #2,MP3,320,44100,2,122.53315192743764,,,True,True,
VA - I Believe This to Be The Supreme Formula  Hip-Hop  Poetry (2026) 320_kbps Beats⭐/VA - I Believe This to Be The Supreme Formula  Hip-Hop  Poetry (2026) 320_kbps Beats⭐/06. Dau & R.A.P. Ferreira - Never a Failure.mp3,Dau & R.A.P. Ferreira,Never a Failure,MP3,320,44100,2,208.83850340136055,,,True,True,
50 Cent - Best Of 50 Cent (2017) [FLAC] 88/03 - 50 Cent - PIMP.flac,50 Cent,P.I.M.P.,FLAC,852,44100,2,249.46666666666667,,,True,True,
50 Cent - Best Of 50 Cent (2017) [FLAC] 88/06 - 50 Cent - Just A Lil Bit.flac,50 Cent,Just A Lil Bit,FLAC,884,44100,2,237.70666666666668,,,True,True,
50 Cent - Best Of 50 Cent (2017) [FLAC] 88/14 - 50 Cent - I'll Still Kill (Feat. Akon).flac,50 Cent,I'll Still Kill (Feat.Akon),FLAC,924,44100,2,223.70666666666668,,,True,True,
50 Cent - Best Of 50 Cent (2017) [FLAC] 88/10 - 50 Cent - Window Shopper.flac,50 Cent,Window Shopper,FLAC,948,44100,2,190.29333333333332,87.0,Cm,False,False,
50 Cent - Best Of 50 Cent (2017) [FLAC] 88/11 - 50 Cent - Ayo Technology (Feat. Justin Timberlake & Timbaland).flac,50 Cent,Ayo Technology (Feat. Justin Timberlake & Timbaland),FLAC,988,44100,2,247.50666666666666,,,True,True,
50 Cent - Best Of 50 Cent (2017) [FLAC] 88/07 - 50 Cent - Outta Control (Remix) (Feat. Mobb Deep).flac,50 Cent,Outta Control (Remix) (Feat. Mobb Deep),FLAC,891,44100,2,246.82666666666665,,,True,True,
50 Cent - Best Of 50 Cent (2017) [FLAC] 88/16 - 50 Cent - I Get It In.flac,50 Cent,I Get It In,FLAC,874,44100,2,200.10666666666665,,,True,True,
50 Cent - Best Of 50 Cent (2017) [FLAC] 88/18 - 50 Cent - How To Rob (Feat. Madd Rapper).flac,50 Cent,How To Rob (Feat. Madd Rapper),FLAC,902,44100,2,264.32,,,True,True,
50 Cent - Best Of 50 Cent (2017) [FLAC] 88/15 - 50 Cent - Get Up.flac,50 Cent,Get Up,FLAC,948,44100,2,193.61333333333334,,,True,True,
50 Cent - Best Of 50 Cent (2017) [FLAC] 88/08 - 50 Cent - Hustler's Ambition.flac,50 Cent,Hustler's Ambition,FLAC,901,44100,2,237.34666666666666,,,True,True,
50 Cent - Best Of 50 Cent (2017) [FLAC] 88/17 - 50 Cent - Baby By Me.flac,50 Cent,Baby By Me,FLAC,994,44100,2,213.37333333333333,,,True,True,
50 Cent - Best Of 50 Cent (2017) [FLAC] 88/04 - 50 Cent - Disco Inferno.flac,50 Cent,Disco Inferno,FLAC,817,44100,2,213.68,,,True,True,
50 Cent - Best Of 50 Cent (2017) [FLAC] 88/09 - 50 Cent - Best Friend (Remix) (Feat. Olivia).flac,50 Cent,Best Friend (Remix) (Feat. Olivia),FLAC,912,44100,2,253.52,,,True,True,
50 Cent - Best Of 50 Cent (2017) [FLAC] 88/12 - 50 Cent - I Get Money.flac,50 Cent,I Get Money,FLAC,858,44100,2,223.73333333333332,,,True,True,
50 Cent - Best Of 50 Cent (2017) [FLAC] 88/13 - 50 Cent - Straight To The Bank.flac,50 Cent,Straight To The Bank,FLAC,879,44100,2,190.70666666666668,,,True,True,
50 Cent - Best Of 50 Cent (2017) [FLAC] 88/02 - 50 Cent - 21 Questions (Feat. Nate Dogg).flac,50 Cent,21 Questions (Feat. Nate Dogg),FLAC,810,44100,2,224.02666666666667,,,True,True,
50 Cent - Best Of 50 Cent (2017) [FLAC] 88/01 - 50 Cent - In Da Club.flac,50 Cent,In Da Club,FLAC,824,44100,2,193.54666666666665,,,True,True,
50 Cent - Best Of 50 Cent (2017) [FLAC] 88/05 - 50 Cent - Candy Shop (Feat. Olivia).flac,50 Cent,Candy Shop (Feat. Olivia),FLAC,850,44100,2,207.10666666666665,,,True,True,
Stan Forebee/Swirl Solstice/01 Swirl Solstice.mp3,Stan Forebee,Swirl Solstice,MP3,192,44100,2,114.735125,,,True,True,
"Trivecta/Rocket League × Monstercat, Vol. 1/10 Break Me.flac",Trivecta,Break Me,FLAC,56505,44100,2,222.6315873015873,,,True,True,
"Trivecta/Rocket League × Monstercat, Vol. 1/10 Break Me_2.flac",Trivecta,Break Me,FLAC,56505,44100,2,222.6315873015873,,,True,True,
"Trivecta/Rocket League × Monstercat, Vol. 1/10 Break Me_1.flac",Trivecta,Break Me,FLAC,56505,44100,2,222.6315873015873,,,True,True,
Common feat. Brittany Howard/A Beautiful Revolution Pt. 1 & 2/07 Saving Grace.flac,Common feat. Brittany Howard,Saving Grace,FLAC,23869,44100,2,253.42204081632653,112.0,Bb,False,False,
Common feat. Brittany Howard/A Beautiful Revolution Pt. 1 & 2/07 Saving Grace_2.flac,Common feat. Brittany Howard,Saving Grace,FLAC,23869,44100,2,253.42204081632653,112.0,Bb,False,False,
Common feat. Brittany Howard/A Beautiful Revolution Pt. 1 & 2/07 Saving Grace_1.flac,Common feat. Brittany Howard,Saving Grace,FLAC,23869,44100,2,253.42204081632653,112.0,Bb,False,False,
Pastel Ghost/[2014] Shadows EP/03 - PASTEL GHOST - TRANSLUCID.flac,PASTEL GHOST,TRANSLUCID,FLAC,908,44100,2,195.84,,,True,True,
Pastel Ghost/[2014] Shadows EP/02 - PASTEL GHOST - PRISM.flac,PASTEL GHOST,PRISM,FLAC,1018,44100,2,207.84,,,True,True,
Pastel Ghost/[2014] Shadows EP/04 - PASTEL GHOST - SKELETON.flac,PASTEL GHOST,SKELETON,FLAC,1067,44100,2,238.2608843537415,,,True,True,
Pastel Ghost/[2014] Shadows EP/01 - PASTEL GHOST - SHADOWS.flac,PASTEL GHOST,SHADOWS,FLAC,991,44100,2,207.92308390022677,,,True,True,
Pastel Ghost/[2013] Dark Beach EP/Pastel Ghost - 01 - DARK BEACH.flac,Pastel Ghost,DARK BEACH,FLAC,951,44100,2,221.7692517006803,,,True,True,
Pastel Ghost/[2013] Dark Beach EP/Pastel Ghost - 03 - SLOW GAZE.flac,Pastel Ghost,SLOW GAZE,FLAC,1032,44100,2,243.42857142857142,,,True,True,
Pastel Ghost/[2013] Dark Beach EP/Pastel Ghost - 02 - SILHOUETTE.flac,Pastel Ghost,SILHOUETTE,FLAC,930,44100,2,240.0,,,True,True,
Pastel Ghost/[2018] Ethereality/07 - Tears.flac,Pastel Ghost,Tears,FLAC,902,44100,2,234.54546485260772,,,True,True,
Pastel Ghost/[2018] Ethereality/08 - Amethyst.flac,Pastel Ghost,Amethyst,FLAC,813,44100,2,245.62501133786847,,,True,True,
Pastel Ghost/[2018] Ethereality/01 - Possession.flac,Pastel Ghost,Possession,FLAC,843,44100,2,239.5,,,True,True,
Pastel Ghost/[2018] Ethereality/02 - Emotion.flac,Pastel Ghost,Emotion,FLAC,889,44100,2,224.53283446712018,,,True,True,
Pastel Ghost/[2018] Ethereality/05 - Iris.flac,Pastel Ghost,Iris,FLAC,971,44100,2,218.3843990929705,,,True,True,
Pastel Ghost/[2018] Ethereality/10 - Ethereality.flac,Pastel Ghost,Ethereality,FLAC,866,44100,2,245.21739229024942,,,True,True,
Pastel Ghost/[2018] Ethereality/09 - Underwater.flac,Pastel Ghost,Underwater,FLAC,885,44100,2,230.01718820861677,,,True,True,
Pastel Ghost/[2018] Ethereality/04 - Sakura.flac,Pastel Ghost,Sakura,FLAC,872,44100,2,232.3636507936508,,,True,True,
Pastel Ghost/[2018] Ethereality/06 - Mercury.flac,Pastel Ghost,Mercury,FLAC,918,44100,2,206.4347619047619,,,True,True,
Pastel Ghost/[2018] Ethereality/03 - 3NDL3SS.flac,Pastel Ghost,3NDL3SS,FLAC,899,44100,2,247.47827664399094,119.837,,False,True,
Pastel Ghost/Pastel Ghost - Possession (2018) [FLAC WEB]/01. Possession.flac,Pastel Ghost,Possession,FLAC,842,44100,2,239.50145124716553,,,True,True,
Pastel Ghost/Pastel Ghost - Dark Beach EP (2013) [WEB-FLAC]/01 - PASTEL GHOST - DARK BEACH.flac,PASTEL GHOST,DARK BEACH,FLAC,951,44100,2,221.7692517006803,,,True,True,
Pastel Ghost/Pastel Ghost - Dark Beach EP (2013) [WEB-FLAC]/03 - PASTEL GHOST - SLOW GAZE.flac,PASTEL GHOST,SLOW GAZE,FLAC,1032,44100,2,243.42857142857142,,,True,True,
Pastel Ghost/Pastel Ghost - Dark Beach EP (2013) [WEB-FLAC]/02 - PASTEL GHOST - SILHOUETTE.flac,PASTEL GHOST,SILHOUETTE,FLAC,930,44100,2,240.0,,,True,True,
Pastel Ghost/Pastel Ghost - Abyss (2015) [WEB 24bit FLAC]/06 Dark Beach.flac,Pastel Ghost,Dark Beach,FLAC,1595,44100,2,222.0,,,True,True,
Pastel Ghost/Pastel Ghost - Abyss (2015) [WEB 24bit FLAC]/01 Prism.flac,Pastel Ghost,Prism,FLAC,1629,44100,2,209.0,,,True,True,
Pastel Ghost/Pastel Ghost - Abyss (2015) [WEB 24bit FLAC]/08 Lilacs.flac,Pastel Ghost,Lilacs,FLAC,1564,44100,2,220.0,,,True,True,
Pastel Ghost/Pastel Ghost - Abyss (2015) [WEB 24bit FLAC]/10 Abyss.flac,Pastel Ghost,Abyss,FLAC,1613,44100,2,267.0,,,True,True,
Pastel Ghost/Pastel Ghost - Abyss (2015) [WEB 24bit FLAC]/09 Pulse.flac,Pastel Ghost,Pulse,FLAC,1644,44100,2,243.0,,,True,True,
Pastel Ghost/Pastel Ghost - Abyss (2015) [WEB 24bit FLAC]/02 Embrace.flac,Pastel Ghost,Embrace,FLAC,1680,44100,2,204.12498866213153,,,True,True,
Pastel Ghost/Pastel Ghost - Abyss (2015) [WEB 24bit FLAC]/07 Translucid.flac,Pastel Ghost,Translucid,FLAC,1613,44100,2,197.0,,,True,True,
Pastel Ghost/Pastel Ghost - Abyss (2015) [WEB 24bit FLAC]/05 Skeleton.flac,Pastel Ghost,Skeleton,FLAC,1739,44100,2,240.0,,,True,True,
Pastel Ghost/Pastel Ghost - Abyss (2015) [WEB 24bit FLAC]/03 Clouds.flac,Pastel Ghost,Clouds,FLAC,1641,44100,2,247.0,,,True,True,
Pastel Ghost/Pastel Ghost - Abyss (2015) [WEB 24bit FLAC]/04 Shadows.flac,Pastel Ghost,Shadows,FLAC,1654,44100,2,208.62498866213153,,,True,True,
Pastel Ghost/[2015] Abyss/06 - Dark Beach.flac,Pastel Ghost,Dark Beach,FLAC,890,44100,2,222.0,130.01,,False,True,
Pastel Ghost/[2015] Abyss/10 - Abyss.flac,Pastel Ghost,Abyss,FLAC,907,44100,2,267.0,140.0,,False,True,
Pastel Ghost/[2015] Abyss/04 - Shadows.flac,Pastel Ghost,Shadows,FLAC,949,44100,2,208.61333333333334,130.0,,False,True,
Pastel Ghost/[2015] Abyss/03 - Clouds.flac,Pastel Ghost,Clouds,FLAC,936,44100,2,247.0,102.0,,False,True,
Pastel Ghost/[2015] Abyss/05 - Skeleton.flac,Pastel Ghost,Skeleton,FLAC,1033,44100,2,240.0,137.0,,False,True,
Pastel Ghost/[2015] Abyss/02 - Embrace.flac,Pastel Ghost,Embrace,FLAC,974,44100,2,204.12,128.0,,False,True,
Pastel Ghost/[2015] Abyss/09 - Pulse.flac,Pastel Ghost,Pulse,FLAC,938,44100,2,243.0,128.0,,False,True,
Pastel Ghost/[2015] Abyss/01 - Prism.flac,Pastel Ghost,Prism,FLAC,923,44100,2,209.0,124.0,,False,True,
Pastel Ghost/[2015] Abyss/07 - Translucid.flac,Pastel Ghost,Translucid,FLAC,908,44100,2,197.0,124.0,,False,True,
Pastel Ghost/[2015] Abyss/08 - Lilacs.flac,Pastel Ghost,Lilacs,FLAC,859,44100,2,220.0,126.0,,False,True,
Kanser - It Wrote Itself/02-kanser-just_for_you-chr.mp3,Kanser,just for you,MP3,192,44100,2,290.2518333333333,,,True,True,
Kanser - It Wrote Itself/03-kanser-glass_dollspbnj-chr.mp3,Kanser,glass dolls/pbnj,MP3,192,44100,2,206.18979166666668,,,True,True,
Kanser - It Wrote Itself/11-kanser-freaks-chr.mp3,Kanser,freaks,MP3,192,44100,2,214.261625,,,True,True,
Kanser - It Wrote Itself/17-kanser-it_wrote_itself-chr.mp3,Kanser,it wrote itself,MP3,192,44100,2,157.54979166666666,,,True,True,
Kanser - It Wrote Itself/15-kanser-altered_entities-chr.mp3,Kanser,altered entities,MP3,192,44100,2,43.26408333333333,,,True,True,
Kanser - It Wrote Itself/13-kanser-not_today_(ft_rdm_and_p-style)-chr.mp3,Kanser,not today (ft rdm and p-style),MP3,192,44100,2,267.107375,,,True,True,
Kanser - It Wrote Itself/05-kanser-sins_of_the_father-chr.mp3,Kanser,sins of the father,MP3,192,44100,2,220.42654166666668,,,True,True,
Kanser - It Wrote Itself/01-kanser-handle_the_troop-chr.mp3,Kanser,handle the troop,MP3,192,44100,2,269.19716666666665,,,True,True,
Kanser - It Wrote Itself/08-kanser-jellie_love-chr.mp3,Kanser,jellie love,MP3,192,44100,2,54.15716666666667,,,True,True,
Kanser - It Wrote Itself/04-kanser-try-d-chr.mp3,Kanser,try-d,MP3,192,44100,2,92.19141666666667,,,True,True,
Kanser - It Wrote Itself/06-kanser-cant_complain_(ft_sarah_white)-chr.mp3,Kanser,cant complain (ft sarah white),MP3,192,44100,2,206.11141666666666,,,True,True,
Kanser - It Wrote Itself/12-kanser-unicus-chr.mp3,Kanser,unicus,MP3,192,44100,2,44.230625,,,True,True,
Kanser - It Wrote Itself/16-kanser-girls_in_the_crowd-chr.mp3,Kanser,girls in the crowd,MP3,192,44100,2,213.45183333333333,,,True,True,
Kanser - It Wrote Itself/14-kanser-erik_was_in_8th_grade-chr.mp3,Kanser,erik was in 8th grade,MP3,192,44100,2,202.53266666666667,,,True,True,
Kanser - It Wrote Itself/10-kanser-arthur_v.-chr.mp3,Kanser,arthur v.,MP3,192,44100,2,101.987375,,,True,True,
Kanser - It Wrote Itself/09-kanser-spit_my_raps-chr.mp3,Kanser,spit my raps,MP3,192,44100,2,190.54245833333334,,,True,True,
Kanser - It Wrote Itself/07-kanser-green_to_grey-chr.mp3,Kanser,green to grey,MP3,192,44100,2,199.006125,,,True,True,
Lil' Wayne/Lil' Wayne - Tha Carter II - 2005/16 Lil Wayne - Shooter.mp3,Lil Wayne,Shooter,MP3,197,44100,2,275.26666666666665,,,True,True,
Lil' Wayne/Lil' Wayne - Tha Carter II - 2005/01 Lil Wayne - Tha Mobb.mp3,Lil Wayne,Tha Mobb,MP3,208,44100,2,320.5466666666667,,,True,True,
Lil' Wayne/Lil' Wayne - Tha Carter II - 2005/21 Lil Wayne - Get Over.mp3,Lil Wayne,Get Over,MP3,205,44100,2,282.72,,,True,True,
Lil' Wayne/Lil' Wayne - Tha Carter II - 2005/05 Lil Wayne - Mo Fire.mp3,Lil Wayne,Mo Fire,MP3,187,44100,2,203.73333333333332,,,True,True,
Lil' Wayne/Lil' Wayne - Tha Carter II - 2005/19 Lil Wayne - I'm A Dboy.mp3,Lil Wayne,I'm A Dboy,MP3,234,44100,2,240.42666666666668,,,True,True,
Lil' Wayne/Lil' Wayne - Tha Carter II - 2005/07 Lil Wayne - Best Rapper Alive.mp3,Lil Wayne,Best Rapper Alive,MP3,230,44100,2,293.68,,,True,True,
Lil' Wayne/Lil' Wayne - Tha Carter II - 2005/10 Lil Wayne - Grown Man.mp3,Lil Wayne,Grown Man,MP3,210,44100,2,246.41333333333333,,,True,True,
Lil' Wayne/Lil' Wayne - Tha Carter II - 2005/11 Lil Wayne - On Tha Block #2 - Skit.mp3,Lil Wayne,On Tha Block #2 - Skit,MP3,173,44100,2,25.96,,,True,True,
Lil' Wayne/Lil' Wayne - Tha Carter II - 2005/02 Lil Wayne - Fly In.mp3,Lil Wayne,Fly In,MP3,173,44100,2,143.14666666666668,,,True,True,
Lil' Wayne/Lil' Wayne - Tha Carter II - 2005/08 Lil Wayne - Lock And Load.mp3,Lil Wayne,Lock And Load,MP3,206,44100,2,286.56,,,True,True,
Lil' Wayne/Lil' Wayne - Tha Carter II - 2005/09 Lil Wayne - Oh No.mp3,Lil Wayne,Oh No,MP3,226,44100,2,191.68,,,True,True,
Lil' Wayne/Lil' Wayne - Tha Carter II - 2005/06 Lil Wayne - On Tha Block #1 - Skit.mp3,Lil Wayne,On Tha Block #1 - Skit,MP3,136,44100,2,38.68,,,True,True,
Lil' Wayne/Lil' Wayne - Tha Carter II - 2005/13 Lil Wayne - Carter II.mp3,Lil Wayne,Carter II,MP3,186,44100,2,144.08,,,True,True,
Lil' Wayne/Lil' Wayne - Tha Carter II - 2005/22 Lil Wayne - Fly Out.mp3,Lil Wayne,Fly Out,MP3,184,44100,2,145.05333333333334,,,True,True,
Lil' Wayne/Lil' Wayne - Tha Carter II - 2005/04 Lil Wayne - Fireman.mp3,Lil Wayne,Fireman,MP3,231,44100,2,263.5466666666667,,,True,True,
Lil' Wayne/Lil' Wayne - Tha Carter II - 2005/17 Lil Wayne - Weezy Baby.mp3,Lil Wayne,Weezy Baby,MP3,202,44100,2,258.76,,,True,True,
Lil' Wayne/Lil' Wayne - Tha Carter II - 2005/03 Lil Wayne - Money On My Mind.mp3,Lil Wayne,Money On My Mind,MP3,209,44100,2,271.5733333333333,,,True,True,
Lil' Wayne/Lil' Wayne - Tha Carter II - 2005/18 Lil Wayne - On Tha Block #3 - Skit.mp3,Lil Wayne,On Tha Block #3 - Skit,MP3,197,44100,2,13.586666666666666,,,True,True,
Lil' Wayne/Lil' Wayne - Tha Carter II - 2005/12 Lil Wayne - Hit Em Up.mp3,Lil Wayne,Hit Em Up,MP3,209,44100,2,247.04,,,True,True,
Lil' Wayne/Lil' Wayne - Tha Carter II - 2005/14 Lil Wayne - Hustler Musik.mp3,Lil Wayne,Hustler Musik,MP3,222,44100,2,303.72,,,True,True,
Lil' Wayne/Lil' Wayne - Tha Carter II - 2005/15 Lil Wayne - Receipt.mp3,Lil Wayne,Receipt,MP3,195,44100,2,228.18666666666667,,,True,True,
/Volumes/Music_Studio/DJ Music/Lil' Wayne/Lil' Wayne - I Am Not a Human Being II (Deluxe Version)/07 Trigger Finger (feat. Soulja Boy).m4a,,,,,,,,,,True,True,deprecated
/Volumes/Music_Studio/DJ Music/Lil' Wayne/Lil' Wayne - I Am Not a Human Being II (Deluxe Version)/09 Rich As Fuck (feat. 2 Chainz).m4a,,,,,,,,,,True,True,deprecated
/Volumes/Music_Studio/DJ Music/Lil' Wayne/Lil' Wayne - I Am Not a Human Being II (Deluxe Version)/03 Days and Days (feat. 2 Chainz).m4a,,,,,,,,,,True,True,deprecated
/Volumes/Music_Studio/DJ Music/Lil' Wayne/Lil' Wayne - I Am Not a Human Being II (Deluxe Version)/13 Wowzerz (feat. Trina).m4a,,,,,,,,,,True,True,deprecated
/Volumes/Music_Studio/DJ Music/Lil' Wayne/Lil' Wayne - I Am Not a Human Being II (Deluxe Version)/15 Lay It Down (feat. Nicki Minaj &.m4a,,,,,,,,,,True,True,deprecated
/Volumes/Music_Studio/DJ Music/Lil' Wayne/Lil' Wayne - I Am Not a Human Being II (Deluxe Version)/06 Back To You.m4a,,,,,,,,,,True,True,deprecated
/Volumes/Music_Studio/DJ Music/Lil' Wayne/Lil' Wayne - I Am Not a Human Being II (Deluxe Version)/01 IANAHB.m4a,,,,,,,,,,True,True,deprecated
/Volumes/Music_Studio/DJ Music/Lil' Wayne/Lil' Wayne - I Am Not a Human Being II (Deluxe Version)/12 God Bless Amerika.m4a,,,,,,,,,,True,True,deprecated
/Volumes/Music_Studio/DJ Music/Lil' Wayne/Lil' Wayne - I Am Not a Human Being II (Deluxe Version)/11 Love Me (feat. Drake & Future).m4a,,,,,,,,,,True,True,deprecated
/Volumes/Music_Studio/DJ Music/Lil' Wayne/Lil' Wayne - I Am Not a Human Being II (Deluxe Version)/10 Trippy (feat. Juicy J).m4a,,,,,,,,,,True,True,deprecated
/Volumes/Music_Studio/DJ Music/Lil' Wayne/Lil' Wayne - I Am Not a Human Being II (Deluxe Version)/02 Curtains (feat. Boo).m4a,,,,,,,,,,True,True,deprecated
/Volumes/Music_Studio/DJ Music/Lil' Wayne/Lil' Wayne - I Am Not a Human Being II (Deluxe Version)/04 Gunwalk (feat. Gudda Gudda).m4a,,,,,,,,,,True,True,deprecated
/Volumes/Music_Studio/DJ Music/Lil' Wayne/Lil' Wayne - I Am Not a Human Being II (Deluxe Version)/16 Hot Revolver (feat. Dre).m4a,,,,,,,,,,True,True,deprecated
/Volumes/Music_Studio/DJ Music/Lil' Wayne/Lil' Wayne - I Am Not a Human Being II (Deluxe Version)/05 No Worries (feat. Detail).m4a,,,,,,,,,,True,True,deprecated
/Volumes/Music_Studio/DJ Music/Lil' Wayne/Lil' Wayne - I Am Not a Human Being II (Deluxe Version)/08 Beat the Shit (feat. Gunplay).m4a,,,,,,,,,,True,True,deprecated
/Volumes/Music_Studio/DJ Music/Lil' Wayne/Lil' Wayne - I Am Not a Human Being II (Deluxe Version)/14 Hello (feat. Shane Heyl).m4a,,,,,,,,,,True,True,deprecated
/Volumes/Music_Studio/DJ Music/Lil' Wayne/Lil' Wayne - I Am Not a Human Being II (Deluxe Version)/17 My Homies Still (feat. Big Sean).m4a,,,,,,,,,,True,True,deprecated
Lil' Wayne/Lil Wayne - I Am Not A Human Being II/03-Lil_Wayne_Days_And_Days_Feat_2_Chainz.mp3,Lil Wayne,Days And Days (Feat. 2 Chainz),MP3,128,44100,2,193.30666666666667,,,True,True,
Lil' Wayne/Lil Wayne - I Am Not A Human Being II/12-Lil_Wayne_Romance.mp3,Lil Wayne,Romance,MP3,128,44100,2,260.61333333333334,,,True,True,
Lil' Wayne/Lil Wayne - I Am Not A Human Being II/16-Lil_Wayne_Lay_It_Down_Feat_Nicki_Minaj_Cory_Gunz.mp3,Lil Wayne,Lay It Down (Feat. Nicki Minaj & Cory Gunz),MP3,128,44100,2,245.86666666666667,,,True,True,
Lil' Wayne/Lil Wayne - I Am Not A Human Being II/17-Lil_Wayne_Hot_Revolver_Feat_Dre.mp3,Lil Wayne,Hot Revolver (Feat. Dre),MP3,128,44100,2,200.77333333333334,,,True,True,
Lil' Wayne/Lil Wayne - I Am Not A Human Being II/10-Lil_Wayne_Trippy_Feat_Juicy_J.mp3,Lil Wayne,Trippy (Feat. Juicy J),MP3,128,44100,2,263.52,,,True,True,
Lil' Wayne/Lil Wayne - I Am Not A Human Being II/08-Lil_Wayne_Beat_The_Shit_Feat_Gunplay.mp3,Lil Wayne,Beat The Shit (Feat. Gunplay),MP3,128,44100,2,268.53333333333336,,,True,True,
Lil' Wayne/Lil Wayne - I Am Not A Human Being II/02-Lil_Wayne_Curtains_Feat_Boo.mp3,Lil Wayne,Curtains (Feat. Boo),MP3,128,44100,2,271.53333333333336,,,True,True,
Lil' Wayne/Lil Wayne - I Am Not A Human Being II/14-Lil_Wayne_Wowzers_Feat_Trina.mp3,Lil Wayne,Wowzers (Feat. Trina),MP3,128,44100,2,225.41333333333333,,,True,True,
Lil' Wayne/Lil Wayne - I Am Not A Human Being II/09-Lil_Wayne_Rich_As_Fuck_Feat_2_Chainz.mp3,Lil Wayne,Rich As Fuck (Feat. 2 Chainz),MP3,128,44100,2,223.17333333333335,,,True,True,
Lil' Wayne/Lil Wayne - I Am Not A Human Being II/07-Lil_Wayne_Trigger_Finger_Feat_Soulja Boy.mp3,Lil Wayne,Trigger Finger (Feat. Soulja Boy),MP3,128,44100,2,272.38666666666666,,,True,True,
Lil' Wayne/Lil Wayne - I Am Not A Human Being II/05-Lil_Wayne_No_Worries_Feat_Detail.mp3,Lil Wayne,No Worries (Feat. Detail),MP3,128,44100,2,194.02666666666667,,,True,True,
Lil' Wayne/Lil Wayne - I Am Not A Human Being II/01-Lil_Wayne_IANAHB.mp3,Lil Wayne,IANAHB,MP3,128,44100,2,338.3066666666667,,,True,True,
Lil' Wayne/Lil Wayne - I Am Not A Human Being II/15-Lil_Wayne_Hello_Feat_Shane_Heyl.mp3,Lil Wayne,Hello (Feat. Shane Heyl),MP3,128,44100,2,242.89333333333335,,,True,True,
Lil' Wayne/Lil Wayne - I Am Not A Human Being II/06-Lil_Wayne_Back_To_You.mp3,Lil Wayne,Back To You,MP3,128,44100,2,329.48,,,True,True,
Lil' Wayne/Lil Wayne - I Am Not A Human Being II/18-Lil_Wayne_My_Homies_Still_Feat_Big_Sean.mp3,Lil Wayne,My Homies Still (Feat. Big Sean),MP3,128,44100,2,230.57333333333332,,,True,True,
Lil' Wayne/Lil Wayne - I Am Not A Human Being II/13-Lil_Wayne_God_Bless_Amerika.mp3,Lil Wayne,God Bless Amerika,MP3,128,44100,2,257.92,,,True,True,
Lil' Wayne/Lil Wayne - I Am Not A Human Being II/19-Lil_Wayne_Shit_Stains.mp3,Lil Wayne,Shit Stains,MP3,128,44100,2,257.46666666666664,,,True,True,
Lil' Wayne/Lil Wayne - I Am Not A Human Being II/04-Lil_Wayne_Gunwalk_Feat_Gudda_Gudda.mp3,Lil Wayne,Gunwalk (Feat. Gudda Gudda),MP3,128,44100,2,253.73333333333332,,,True,True,
Lil' Wayne/Lil Wayne - I Am Not A Human Being II/11-Lil_Wayne_Love_Me_Feat_Drake_Future.mp3,Lil Wayne,Love Me (Feat. Drake & Future),MP3,128,44100,2,253.4,,,True,True,
Lil' Wayne/Lil' Wayne - Tha Carter III - 2008/01-lil_wayne-3_peat.mp3,Lil Wayne,3 Peat,MP3,181,44100,2,199.45333333333335,,,True,True,
Lil' Wayne/Lil' Wayne - Tha Carter III - 2008/16-lil_wayne-dontgetit.mp3,Lil Wayne,Don'tGetIt,MP3,152,44100,2,591.9866666666667,,,True,True,
Lil' Wayne/Lil' Wayne - Tha Carter III - 2008/15-lil_wayne-you_aint_got_nuthin_(feat._juelz_santana_and_fa.mp3,Lil Wayne,You Ain't Got Nuthin' (Feat. Juelz Santana And Fabolous),MP3,142,44100,2,327.1333333333333,,,True,True,
Lil' Wayne/Lil' Wayne - Tha Carter III - 2008/05-lil_wayne-comfortable_(feat._babyface).mp3,Lil Wayne,Comfortable (Feat. Babyface),MP3,176,44100,2,265.29333333333335,,,True,True,
Lil' Wayne/Lil' Wayne - Tha Carter III - 2008/06-lil_wayne-dr._carter.mp3,Lil Wayne,Dr. Carter,MP3,157,44100,2,264.46666666666664,,,True,True,
Lil' Wayne/Lil' Wayne - Tha Carter III - 2008/14-lil_wayne-playing_with_fire_(feat._betty_wright).mp3,Lil Wayne,Playing With Fire (Feat. Betty Wright),MP3,166,44100,2,261.0133333333333,,,True,True,
Lil' Wayne/Lil' Wayne - Tha Carter III - 2008/09-lil_wayne-mrs._officer_(feat._bobby_valentino).mp3,Lil Wayne,Mrs. Officer (Feat. Bobby Valentino),MP3,179,44100,2,287.0133333333333,,,True,True,
Lil' Wayne/Lil' Wayne - Tha Carter III - 2008/12-lil_wayne-lollipop_(feat._static_major).mp3,Lil Wayne,Lollipop (Feat. Static Major),MP3,178,44100,2,299.36,,,True,True,
Lil' Wayne/Lil' Wayne - Tha Carter III - 2008/04-lil_wayne-got_money_(feat._t-pain).mp3,Lil Wayne,Got Money (Feat. T-Pain),MP3,193,44100,2,244.64,,,True,True,
Lil' Wayne/Lil' Wayne - Tha Carter III - 2008/11-lil_wayne-shoot_me_down_(feat._d._smith).mp3,Lil Wayne,Shoot Me Down (Feat. D. Smith),MP3,146,44100,2,269.5466666666667,,,True,True,
Lil' Wayne/Lil' Wayne - Tha Carter III - 2008/10-lil_wayne-let_the_beat_build.mp3,Lil Wayne,Let The Beat Build,MP3,152,44100,2,309.0,,,True,True,
Lil' Wayne/Lil' Wayne - Tha Carter III - 2008/07-lil_wayne-phone_home.mp3,Lil Wayne,Phone Home,MP3,200,44100,2,191.70666666666668,,,True,True,
Lil' Wayne/Lil' Wayne - Tha Carter III - 2008/13-lil_wayne-la_la_(feat._brisco_and_busta_rhymes).mp3,Lil Wayne,La La (Feat. Brisco And Busta Rhymes),MP3,164,44100,2,261.28,,,True,True,
Lil' Wayne/Lil' Wayne - Tha Carter III - 2008/08-lil_wayne-tie_my_hands_(feat._robin_thicke).mp3,Lil Wayne,Tie My Hands (Feat. Robin Thicke),MP3,166,44100,2,319.3466666666667,,,True,True,
Lil' Wayne/Lil' Wayne - Tha Carter III - 2008/03-lil_wayne-a_milli.mp3,Lil Wayne,A Milli,MP3,133,44100,2,221.76,,,True,True,
Lil' Wayne/Lil' Wayne - Tha Carter III - 2008/02-lil_wayne-mr._carter_(feat._jay-z).mp3,Lil Wayne,Mr. Carter (Feat. Jay-Z),MP3,162,44100,2,316.28,,,True,True,
Lil' Wayne/Lil' Wayne - Tha Carter III - 2008/Lil_Wayne-Tha_Carter_III-(Retail_Target_Bonus_Tracks)-2008-VAG/01-lil_wayne-action_(produced_by_deezle).mp3,Lil Wayne,Action (Produced By Deezle),MP3,183,44100,2,225.26666666666668,,,True,True,
Lil' Wayne/Lil' Wayne - Tha Carter III - 2008/Lil_Wayne-Tha_Carter_III-(Retail_Target_Bonus_Tracks)-2008-VAG/02-lil_wayne-whip_it_(produced_by_deezle).mp3,Lil Wayne,Whip It (Produced By Deezle),MP3,190,44100,2,361.58666666666664,,,True,True,
Lil' Wayne/Lil' Wayne - Tha Carter - 2004/05. On The Block #1.mp3,Lil' Wayne,On The Block #1,MP3,140,44100,2,18.92,,,True,True,
Lil' Wayne/Lil' Wayne - Tha Carter - 2004/09. Tha Heat.mp3,Lil' Wayne,Tha Heat,MP3,204,44100,2,276.84,,,True,True,
Lil' Wayne/Lil' Wayne - Tha Carter - 2004/04. BM Jr..mp3,Lil' Wayne,BM Jr.,MP3,206,44100,2,298.48,,,True,True,
Lil' Wayne/Lil' Wayne - Tha Carter - 2004/18. Only Way (Feat. Birdman).mp3,Lil' Wayne,Only Way (Feat. Birdman),MP3,199,44100,2,273.18666666666667,,,True,True,
Lil' Wayne/Lil' Wayne - Tha Carter - 2004/16. Snitch.mp3,Lil' Wayne,Snitch,MP3,203,44100,2,235.97333333333333,,,True,True,
Lil' Wayne/Lil' Wayne - Tha Carter - 2004/08. On My Own (Feat. Reel).mp3,Lil' Wayne,On My Own (Feat. Reel),MP3,195,44100,2,268.08,,,True,True,
Lil' Wayne/Lil' Wayne - Tha Carter - 2004/07. We Don't (Feat. Birdman).mp3,Lil' Wayne,We Don't (Feat. Birdman),MP3,198,44100,2,249.74666666666667,,,True,True,
Lil' Wayne/Lil' Wayne - Tha Carter - 2004/19. Earthquake.mp3,Lil' Wayne,Earthquake,MP3,178,44100,2,316.88,,,True,True,
Lil' Wayne/Lil' Wayne - Tha Carter - 2004/06. I Miss My Dawgs (Feat. Reel).mp3,Lil' Wayne,I Miss My Dawgs (Feat. Reel),MP3,174,44100,2,275.0933333333333,,,True,True,
Lil' Wayne/Lil' Wayne - Tha Carter - 2004/17. Hoes (Feat. Mannie Fresh).mp3,Lil' Wayne,Hoes (Feat. Mannie Fresh),MP3,195,44100,2,272.14666666666665,,,True,True,
Lil' Wayne/Lil' Wayne - Tha Carter - 2004/10. Cash Money Millionaires.mp3,Lil' Wayne,Cash Money Millionaires,MP3,212,44100,2,282.3466666666667,,,True,True,
Lil' Wayne/Lil' Wayne - Tha Carter - 2004/12. Bring It Back (Feat. Mannie Fresh).mp3,Lil' Wayne,Bring It Back (Feat. Mannie Fresh),MP3,196,44100,2,261.2133333333333,,,True,True,
Lil' Wayne/Lil' Wayne - Tha Carter - 2004/11. Inside.mp3,Lil' Wayne,Inside,MP3,192,44100,2,90.57333333333334,,,True,True,
Lil' Wayne/Lil' Wayne - Tha Carter - 2004/13. Who Wanna.mp3,Lil' Wayne,Who Wanna,MP3,166,44100,2,272.41333333333336,,,True,True,
Lil' Wayne/Lil' Wayne - Tha Carter - 2004/02. Go DJ.mp3,Lil' Wayne,Go DJ,MP3,203,44100,2,281.82666666666665,,,True,True,
Lil' Wayne/Lil' Wayne - Tha Carter - 2004/21. Walk Out.mp3,Lil' Wayne,Walk Out,MP3,188,44100,2,68.0,,,True,True,
Lil' Wayne/Lil' Wayne - Tha Carter - 2004/20. Ain't That A Bitch.mp3,Lil' Wayne,Ain't That A Bitch,MP3,197,44100,2,257.16,,,True,True,
Lil' Wayne/Lil' Wayne - Tha Carter - 2004/03. This Is The Carter (Feat. Mannie Fresh).mp3,Lil' Wayne,This Is The Carter (Feat. Mannie Fresh),MP3,194,44100,2,276.04,,,True,True,
Lil' Wayne/Lil' Wayne - Tha Carter - 2004/01. Walk In.mp3,Lil' Wayne,Walk In,MP3,189,44100,2,184.49333333333334,,,True,True,
Lil' Wayne/Lil' Wayne - Tha Carter - 2004/15. Get Down (Feat. Birdman).mp3,Lil' Wayne,Get Down (Feat. Birdman),MP3,206,44100,2,272.92,,,True,True,
Lil' Wayne/Lil' Wayne - Tha Carter - 2004/14. On The Block #2.mp3,Lil' Wayne,On The Block #2,MP3,159,44100,2,23.96,,,True,True,
"Lil' Wayne/Lil' Wayne - Tha Carter IV (Deluxe Edition]/15 Outro (feat. Bun B, Nas, Shyne &.mp3",Lil Wayne,"Outro (feat. Bun B, Nas, Shyne & Busta Rhymes)",MP3,320,44100,2,232.71038548752836,,,True,True,
Lil' Wayne/Lil' Wayne - Tha Carter IV (Deluxe Edition]/06 She Will (feat. Drake).mp3,Lil Wayne,She Will (feat. Drake),MP3,320,44100,2,305.876462585034,,,True,True,
Lil' Wayne/Lil' Wayne - Tha Carter IV (Deluxe Edition]/19 Up Up and Away.mp3,Lil Wayne,Up Up and Away,MP3,320,44100,2,233.54630385487528,,,True,True,
Lil' Wayne/Lil' Wayne - Tha Carter IV (Deluxe Edition]/18 Two Shots.mp3,Lil Wayne,Two Shots,MP3,320,44100,2,165.04743764172335,,,True,True,
Lil' Wayne/Lil' Wayne - Tha Carter IV (Deluxe Edition]/04 6 Foot 7 Foot (feat. Cory Gunz).mp3,Lil Wayne,6 Foot 7 Foot (feat. Cory Gunz),MP3,320,44100,2,248.6160544217687,,,True,True,
Lil' Wayne/Lil' Wayne - Tha Carter IV (Deluxe Edition]/17 Mirror (feat. Bruno Mars).mp3,Lil Wayne,Mirror (feat. Bruno Mars),MP3,320,44100,2,228.1360544217687,,,True,True,
Lil' Wayne/Lil' Wayne - Tha Carter IV (Deluxe Edition]/12 How to Love.mp3,Lil Wayne,How to Love,MP3,320,44100,2,240.34975056689342,,,True,True,
Lil' Wayne/Lil' Wayne - Tha Carter IV (Deluxe Edition]/05 Nightmares of the Bottom.mp3,Lil Wayne,Nightmares of the Bottom,MP3,320,44100,2,281.1239909297052,,,True,True,
Lil' Wayne/Lil' Wayne - Tha Carter IV (Deluxe Edition]/03 MegaMan.mp3,Lil Wayne,MegaMan,MP3,320,44100,2,198.32163265306122,,,True,True,
Lil' Wayne/Lil' Wayne - Tha Carter IV (Deluxe Edition]/11 So Special (feat. John Legend).mp3,Lil Wayne,So Special (feat. John Legend),MP3,320,44100,2,232.1298866213152,,,True,True,
Lil' Wayne/Lil' Wayne - Tha Carter IV (Deluxe Edition]/01 Intro.mp3,Lil Wayne,Intro,MP3,320,44100,2,172.08308390022677,,,True,True,
Lil' Wayne/Lil' Wayne - Tha Carter IV (Deluxe Edition]/16 I Like the View.mp3,Lil Wayne,I Like the View,MP3,320,44100,2,281.3097505668934,,,True,True,
Lil' Wayne/Lil' Wayne - Tha Carter IV (Deluxe Edition]/13 President Carter.mp3,Lil Wayne,President Carter,MP3,320,44100,2,255.41950113378684,,,True,True,
Lil' Wayne/Lil' Wayne - Tha Carter IV (Deluxe Edition]/10 Abortion.mp3,Lil Wayne,Abortion,MP3,320,44100,2,223.95646258503402,,,True,True,
Lil' Wayne/Lil' Wayne - Tha Carter IV (Deluxe Edition]/08 Interlude (feat. Tech N9ne).mp3,Lil Wayne,Interlude (feat. Tech N9ne),MP3,320,44100,2,121.25460317460318,,,True,True,
Lil' Wayne/Lil' Wayne - Tha Carter IV (Deluxe Edition]/14 It's Good (feat. Drake & Jadakiss.mp3,Lil Wayne,It's Good (feat. Drake & Jadakiss),MP3,320,44100,2,241.51074829931972,,,True,True,
Lil' Wayne/Lil' Wayne - Tha Carter IV (Deluxe Edition]/02 Blunt Blowin.mp3,Lil Wayne,Blunt Blowin,MP3,320,44100,2,313.0049886621315,,,True,True,
Lil' Wayne/Lil' Wayne - Tha Carter IV (Deluxe Edition]/09 John (feat. Rick Ross).mp3,Lil Wayne,John (feat. Rick Ross),MP3,320,44100,2,286.9986394557823,,,True,True,
Lil' Wayne/Lil' Wayne - Tha Carter IV (Deluxe Edition]/07 How to Hate (feat. T-Pain).mp3,Lil Wayne,How to Hate (feat. T-Pain),MP3,320,44100,2,278.5465759637188,,,True,True,
Common feat. PJ & Stevie Wonder/A Beautiful Revolution Pt. 1 & 2/05 Courageous_2.flac,Common feat. PJ & Stevie Wonder,Courageous,FLAC,18354,44100,2,248.68267573696144,99.0,C,False,False,
Common feat. PJ & Stevie Wonder/A Beautiful Revolution Pt. 1 & 2/05 Courageous_1.flac,Common feat. PJ & Stevie Wonder,Courageous,FLAC,18354,44100,2,248.68267573696144,99.0,C,False,False,
Common feat. PJ & Stevie Wonder/A Beautiful Revolution Pt. 1 & 2/05 Courageous.flac,Common feat. PJ & Stevie Wonder,Courageous,FLAC,18354,44100,2,248.68267573696144,99.0,C,False,False,
Common feat. Lily Allen/Finding Forever/04 Drivin’ Me Wild_2.flac,Common feat. Lily Allen,Drivin’ Me Wild,FLAC,8058,44100,2,222.53333333333333,95.0,Bb,False,False,
Common feat. Lily Allen/Finding Forever/04 Drivin’ Me Wild.flac,Common feat. Lily Allen,Drivin’ Me Wild,FLAC,8058,44100,2,222.53333333333333,95.0,Bb,False,False,
Common feat. Lily Allen/Finding Forever/04 Drivin’ Me Wild_1.flac,Common feat. Lily Allen,Drivin’ Me Wild,FLAC,8058,44100,2,222.53333333333333,95.0,Bb,False,False,
"Kanye West - Bully (First Pressing CD Edition) Rap  Hip-Hop  (2026) 320_kbps Beats⭐/Kanye West - Bully (First Pressing CD Edition) Rap  Hip-Hop  (2026) 320_kbps Beats⭐/11. Circles feat. Don Toliver [Prod. Kanye West, 88-Keys & Nkenge 1x].mp3",Kanye West,"Circles feat. Don Toliver [Prod. Kanye West, 88-Keys & Nkenge 1x]",MP3,320,44100,2,120.0,,,True,True,
"Kanye West - Bully (First Pressing CD Edition) Rap  Hip-Hop  (2026) 320_kbps Beats⭐/Kanye West - Bully (First Pressing CD Edition) Rap  Hip-Hop  (2026) 320_kbps Beats⭐/07. All the Love feat. André Troutman [Prod. Kanye West, Sheffmade, Quadwoofer, 88-Keys, Che Pope, André Troutman & Rashon Murphy].mp3",Kanye West,"All the Love feat. André Troutman [Prod. Kanye West, Sheffmade, Quadwoofer, 88-Keys, Che Pope, André Troutman & Rashon Murphy]",MP3,320,44100,2,147.68,,,True,True,
"Kanye West - Bully (First Pressing CD Edition) Rap  Hip-Hop  (2026) 320_kbps Beats⭐/Kanye West - Bully (First Pressing CD Edition) Rap  Hip-Hop  (2026) 320_kbps Beats⭐/08. This One Here [Prod. Kanye West, James Blake, Dom Maker, TK, Rashon Murphy & Okami].mp3",Kanye West,"This One Here [Prod. Kanye West, James Blake, Dom Maker, TK, Rashon Murphy & Okami]",MP3,320,44100,2,183.37333333333333,,,True,True,
"Kanye West - Bully (First Pressing CD Edition) Rap  Hip-Hop  (2026) 320_kbps Beats⭐/Kanye West - Bully (First Pressing CD Edition) Rap  Hip-Hop  (2026) 320_kbps Beats⭐/10. Mission Control feat. The World Famous Tony Williams [Prod. Kanye West, 1SRAEL & Adey].mp3",Kanye West,"Mission Control feat. The World Famous Tony Williams [Prod. Kanye West, 1SRAEL & Adey]",MP3,320,44100,2,114.84,,,True,True,
"Kanye West - Bully (First Pressing CD Edition) Rap  Hip-Hop  (2026) 320_kbps Beats⭐/Kanye West - Bully (First Pressing CD Edition) Rap  Hip-Hop  (2026) 320_kbps Beats⭐/09. Highs and Lows [Prod. Kanye West, The Legendary Traxster, Nkenge 1x, André Troutman, Rashon Murphy & TK].mp3",Kanye West,"Highs and Lows [Prod. Kanye West, The Legendary Traxster, Nkenge 1x, André Troutman, Rashon Murphy & TK]",MP3,320,44100,2,111.14666666666666,,,True,True,
"Kanye West - Bully (First Pressing CD Edition) Rap  Hip-Hop  (2026) 320_kbps Beats⭐/Kanye West - Bully (First Pressing CD Edition) Rap  Hip-Hop  (2026) 320_kbps Beats⭐/06. Bully [Prod. Kanye West, 1SRAEL & FutureSelf].mp3",Kanye West,"Bully [Prod. Kanye West, 1SRAEL & FutureSelf]",MP3,320,44100,2,138.0,,,True,True,
"Kanye West - Bully (First Pressing CD Edition) Rap  Hip-Hop  (2026) 320_kbps Beats⭐/Kanye West - Bully (First Pressing CD Edition) Rap  Hip-Hop  (2026) 320_kbps Beats⭐/13. Losing Your Mind [Prod. Kanye West, 1SRAEL & Can].mp3",Kanye West,"Losing Your Mind [Prod. Kanye West, 1SRAEL & Can]",MP3,320,44100,2,206.16,,,True,True,
"Kanye West - Bully (First Pressing CD Edition) Rap  Hip-Hop  (2026) 320_kbps Beats⭐/Kanye West - Bully (First Pressing CD Edition) Rap  Hip-Hop  (2026) 320_kbps Beats⭐/05. I Can't Wait [Prod. Kanye West, 1SRAEL, FutureSelf, André Troutman & Rashon Murphy].mp3",Kanye West,"I Can't Wait [Prod. Kanye West, 1SRAEL, FutureSelf, André Troutman & Rashon Murphy]",MP3,320,44100,2,113.77333333333333,,,True,True,
Kanye West - Bully (First Pressing CD Edition) Rap  Hip-Hop  (2026) 320_kbps Beats⭐/Kanye West - Bully (First Pressing CD Edition) Rap  Hip-Hop  (2026) 320_kbps Beats⭐/03. Last Breath [Prod. Kanye West & Ty Dolla $ign].mp3,Kanye West,Last Breath [Prod. Kanye West & Ty Dolla $ign],MP3,320,44100,2,142.77333333333334,,,True,True,
Kanye West - Bully (First Pressing CD Edition) Rap  Hip-Hop  (2026) 320_kbps Beats⭐/Kanye West - Bully (First Pressing CD Edition) Rap  Hip-Hop  (2026) 320_kbps Beats⭐/01. Preacher Man [Prod. Kanye West].mp3,Kanye West,Preacher Man [Prod. Kanye West],MP3,320,44100,2,181.64,,,True,True,
"Kanye West - Bully (First Pressing CD Edition) Rap  Hip-Hop  (2026) 320_kbps Beats⭐/Kanye West - Bully (First Pressing CD Edition) Rap  Hip-Hop  (2026) 320_kbps Beats⭐/12. Damn [Prod. Kanye West, Hassan Khaffaf, OLYEVNS, TK, André Troutman & Rashon Murphy].mp3",Kanye West,"Damn [Prod. Kanye West, Hassan Khaffaf, OLYEVNS, TK, André Troutman & Rashon Murphy]",MP3,320,44100,2,122.56,,,True,True,
"Kanye West - Bully (First Pressing CD Edition) Rap  Hip-Hop  (2026) 320_kbps Beats⭐/Kanye West - Bully (First Pressing CD Edition) Rap  Hip-Hop  (2026) 320_kbps Beats⭐/04. White Lines feat. André Troutman [Prod. Kanye West, 1SRAEL & Nkenge 1x].mp3",Kanye West,"White Lines feat. André Troutman [Prod. Kanye West, 1SRAEL & Nkenge 1x]",MP3,320,44100,2,130.76,,,True,True,
Kanye West - Bully (First Pressing CD Edition) Rap  Hip-Hop  (2026) 320_kbps Beats⭐/Kanye West - Bully (First Pressing CD Edition) Rap  Hip-Hop  (2026) 320_kbps Beats⭐/02. Beauty and the Beast [Prod. Kanye West].mp3,Kanye West,Beauty and the Beast [Prod. Kanye West],MP3,320,44100,2,105.72,,,True,True,
B.O.B Feat. Bruno Mars/Certified Throwbacks/36 Nothin’ on You (feat. Bruno Mars)_1.flac,B.O.B Feat. Bruno Mars,Nothin’ on You (feat. Bruno Mars),FLAC,35187,44100,2,268.32,,,True,True,
B.O.B Feat. Bruno Mars/Certified Throwbacks/36 Nothin’ on You (feat. Bruno Mars).flac,B.O.B Feat. Bruno Mars,Nothin’ on You (feat. Bruno Mars),FLAC,35187,44100,2,268.32,,,True,True,
SEXY-SYNTHESIZER/SQ Chips/16 聖剣伝説 −ファイナルファンタジー外伝−-最後の決戦～マナの神殿-_1.flac,SEXY-SYNTHESIZER,"聖剣伝説 −ファイナルファンタジー外伝−""最後の決戦～マナの神殿""",FLAC,31818,44100,2,269.9066666666667,,,True,True,
SEXY-SYNTHESIZER/SQ Chips/16 聖剣伝説 −ファイナルファンタジー外伝−-最後の決戦～マナの神殿-_2.flac,SEXY-SYNTHESIZER,"聖剣伝説 −ファイナルファンタジー外伝−""最後の決戦～マナの神殿""",FLAC,31818,44100,2,269.9066666666667,,,True,True,
SEXY-SYNTHESIZER/SQ Chips/16 聖剣伝説 −ファイナルファンタジー外伝−-最後の決戦～マナの神殿-.flac,SEXY-SYNTHESIZER,"聖剣伝説 −ファイナルファンタジー外伝−""最後の決戦～マナの神殿""",FLAC,31818,44100,2,269.9066666666667,,,True,True,
