file,bpm,key,tag_written,error
Hoodrich Keem - Slurred Words  Rap  Hip-Hop  (2026) 320_kbps Beats⭐/Hoodrich Keem - Slurred Words  Rap  Hip-Hop  (2026) 320_kbps Beats⭐/07. Mustard Green feat. Que Dawg & DJ Scream.mp3,107.7,Gm,True,
Hoodrich Keem - Slurred Words  Rap  Hip-Hop  (2026) 320_kbps Beats⭐/Hoodrich Keem - Slurred Words  Rap  Hip-Hop  (2026) 320_kbps Beats⭐/06. Rari Pedal feat. King Hendrick$.mp3,107.7,Am,True,
Hoodrich Keem - Slurred Words  Rap  Hip-Hop  (2026) 320_kbps Beats⭐/Hoodrich Keem - Slurred Words  Rap  Hip-Hop  (2026) 320_kbps Beats⭐/10. Takeover the World feat. Babyface Ray.mp3,129.2,Am,True,
Hoodrich Keem - Slurred Words  Rap  Hip-Hop  (2026) 320_kbps Beats⭐/Hoodrich Keem - Slurred Words  Rap  Hip-Hop  (2026) 320_kbps Beats⭐/05. Hoodrich Freestyle feat. Lil Double 0.mp3,129.2,Em,True,
Hoodrich Keem - Slurred Words  Rap  Hip-Hop  (2026) 320_kbps Beats⭐/Hoodrich Keem - Slurred Words  Rap  Hip-Hop  (2026) 320_kbps Beats⭐/02. Just Saying Tho feat. Curren$y & Babyface Ray.mp3,129.2,Bb,True,
Hoodrich Keem - Slurred Words  Rap  Hip-Hop  (2026) 320_kbps Beats⭐/Hoodrich Keem - Slurred Words  Rap  Hip-Hop  (2026) 320_kbps Beats⭐/09. Sunday Service feat. Bally Baby.mp3,143.6,Dm,True,
Hoodrich Keem - Slurred Words  Rap  Hip-Hop  (2026) 320_kbps Beats⭐/Hoodrich Keem - Slurred Words  Rap  Hip-Hop  (2026) 320_kbps Beats⭐/08. Stay on Green feat. Babyface Ray.mp3,143.6,Em,True,
Hoodrich Keem - Slurred Words  Rap  Hip-Hop  (2026) 320_kbps Beats⭐/Hoodrich Keem - Slurred Words  Rap  Hip-Hop  (2026) 320_kbps Beats⭐/14. No Condom feat. Key Glock.mp3,161.5,F#m,True,
Hoodrich Keem - Slurred Words  Rap  Hip-Hop  (2026) 320_kbps Beats⭐/Hoodrich Keem - Slurred Words  Rap  Hip-Hop  (2026) 320_kbps Beats⭐/12. Tokyo Nights feat. CEO Trayle.mp3,123.0,G#m,True,
Hoodrich Keem - Slurred Words  Rap  Hip-Hop  (2026) 320_kbps Beats⭐/Hoodrich Keem - Slurred Words  Rap  Hip-Hop  (2026) 320_kbps Beats⭐/01. Facts feat. Key Glock.mp3,117.5,Dm,True,
Hoodrich Keem - Slurred Words  Rap  Hip-Hop  (2026) 320_kbps Beats⭐/Hoodrich Keem - Slurred Words  Rap  Hip-Hop  (2026) 320_kbps Beats⭐/04. California feat. Bally Baby.mp3,95.7,F#,True,
Hoodrich Keem - Slurred Words  Rap  Hip-Hop  (2026) 320_kbps Beats⭐/Hoodrich Keem - Slurred Words  Rap  Hip-Hop  (2026) 320_kbps Beats⭐/03. Kirk Frank (Interlude) feat. Babyface Ray.mp3,152.0,Bb,True,
Hoodrich Keem - Slurred Words  Rap  Hip-Hop  (2026) 320_kbps Beats⭐/Hoodrich Keem - Slurred Words  Rap  Hip-Hop  (2026) 320_kbps Beats⭐/13. Milan feat. Babyface Ray.mp3,143.6,C,True,
Hoodrich Keem - Slurred Words  Rap  Hip-Hop  (2026) 320_kbps Beats⭐/Hoodrich Keem - Slurred Words  Rap  Hip-Hop  (2026) 320_kbps Beats⭐/11. Birdman feat. King Hendrick$ & DJ Scream.mp3,136.0,Gm,True,
J Dilla (2006) HHIR - Donuts [The Samples]/42 The Three Degrees - Maybe.mp3,143.6,Am,True,
J Dilla (2006) HHIR - Donuts [The Samples]/38 The Trammps - Rubber Band.mp3,99.4,C#m,True,
J Dilla (2006) HHIR - Donuts [The Samples]/43 The Isley Brothers - Don't Say Goodnight (It's Time for Love) (Parts 1 & 2).mp3,50.7,Eb,True,
J Dilla (2006) HHIR - Donuts [The Samples]/02 10cc - The Worst Band in the World.mp3,152.0,Bbm,True,
J Dilla (2006) HHIR - Donuts [The Samples]/31 The Sylvers - Only One Can Win.mp3,152.0,Bbm,True,
J Dilla (2006) HHIR - Donuts [The Samples]/47 Brenton Wood - Gimme Little Sign.mp3,112.3,F#m,True,
J Dilla (2006) HHIR - Donuts [The Samples]/20 Jackson 5 - All I Do Is Think of You.mp3,123.0,F#m,True,
J Dilla (2006) HHIR - Donuts [The Samples]/44 The Moments - To You With Love.mp3,136.0,Cm,True,
J Dilla (2006) HHIR - Donuts [The Samples]/18 Frank Zappa - Dance Contest.mp3,136.0,Fm,True,
J Dilla (2006) HHIR - Donuts [The Samples]/48 Syl Johnson - Different Strokes.mp3,107.7,Bb,True,
J Dilla (2006) HHIR - Donuts [The Samples]/37 Luther Ingram - To the Other Man.mp3,68.0,A,True,
J Dilla (2006) HHIR - Donuts [The Samples]/10 James Brown - My Thang.mp3,99.4,Em,True,
J Dilla (2006) HHIR - Donuts [The Samples]/04 Beastie Boys - The New Style.mp3,99.4,G#m,True,
J Dilla (2006) HHIR - Donuts [The Samples]/07 10cc - Johnny Don't Do It.mp3,103.4,Dm,True,
J Dilla (2006) HHIR - Donuts [The Samples]/12 Dionne Warwick - You're Gonna Need Me.mp3,83.4,Bbm,True,
J Dilla (2006) HHIR - Donuts [The Samples]/03 Mantronix - King of the Beats.mp3,107.7,C#m,True,
J Dilla (2006) HHIR - Donuts [The Samples]/34 The Jimi Entley Sound - Charlie's Theme.mp3,172.3,Bb,True,
J Dilla (2006) HHIR - Donuts [The Samples]/06 Malcolm McLaren - Buffalo Gals.mp3,107.7,Em,True,
J Dilla (2006) HHIR - Donuts [The Samples]/30 Smokey Robinson & The Miracles - A Legend in Its Own Time.mp3,172.3,D,True,
J Dilla (2006) HHIR - Donuts [The Samples]/17 Galt MacDermot - Golden Apples (Part II).mp3,112.3,Am,True,
J Dilla (2006) HHIR - Donuts [The Samples]/36 Martha Reeves - Sweet Misery.mp3,95.7,Fm,True,
J Dilla (2006) HHIR - Donuts [The Samples]/08 B.R. Gunna - Do Ya Thing.mp3,95.7,F#m,True,
"J Dilla (2006) HHIR - Donuts [The Samples]/27 The Temptations - Cloud Nine (Motortown Revue Live, 1969).mp3",136.0,Gm,True,
J Dilla (2006) HHIR - Donuts [The Samples]/45 Gene Chandler - Rainbow '65 (Live).mp3,161.5,D#m,True,
J Dilla (2006) HHIR - Donuts [The Samples]/01 Shuggie Otis - Not Available.mp3,103.4,Bb,True,
J Dilla (2006) HHIR - Donuts [The Samples]/22 L.V. Johnson - I Don't Really Care.mp3,78.3,Cm,True,
J Dilla (2006) HHIR - Donuts [The Samples]/19 Lou Rawls - Season of the Witch.mp3,172.3,F,True,
J Dilla (2006) HHIR - Donuts [The Samples]/40 The Weinberg Method - Animosity.mp3,117.5,Bb,True,
J Dilla (2006) HHIR - Donuts [The Samples]/39 The Undisputed Truth - Walk on By.mp3,80.7,Cm,True,
J Dilla (2006) HHIR - Donuts [The Samples]/15 Run-D.M.C. - Here We Go (Live at The Funhouse).mp3,103.4,Am,True,
J Dilla (2006) HHIR - Donuts [The Samples]/13 Jadakiss - Why (Acapella).mp3,112.3,Em,True,
J Dilla (2006) HHIR - Donuts [The Samples]/29 Joeski Love - Pee-Wee's Dance.mp3,89.1,F#m,True,
J Dilla (2006) HHIR - Donuts [The Samples]/33 Tin Tin - Family Tree.mp3,161.5,Dm,True,
J Dilla (2006) HHIR - Donuts [The Samples]/28 Fred Frith - Kick the Can (Part 1).mp3,184.6,Cm,True,
J Dilla (2006) HHIR - Donuts [The Samples]/35 ESG - UFO.mp3,143.6,C#m,True,
J Dilla (2006) HHIR - Donuts [The Samples]/14 Eddie Kendricks - My People...Hold On.mp3,143.6,A,True,
J Dilla (2006) HHIR - Donuts [The Samples]/11 Detroit Emeralds - Whatcha Gonna Wear Tomorrow.mp3,152.0,F,True,
J Dilla (2006) HHIR - Donuts [The Samples]/46 Motherlode - When I Die.mp3,89.1,Am,True,
J Dilla (2006) HHIR - Donuts [The Samples]/05 Raymond Scott - Sprite Melonball Bounce.mp3,103.4,Ab,True,
J Dilla (2006) HHIR - Donuts [The Samples]/32 The Escorts - I Can't Stand (To See You Cry).mp3,143.6,E,True,
J Dilla (2006) HHIR - Donuts [The Samples]/16 Kool & The Gang - Fruitman.mp3,95.7,Gm,True,
J Dilla (2006) HHIR - Donuts [The Samples]/41 Jerry Butler - Just Because I Really Love You.mp3,143.6,Bb,True,
J Dilla (2006) HHIR - Donuts [The Samples]/23 Raymond Scott - Bendix The Tomorrow People.mp3,161.5,Bbm,True,
J Dilla (2006) HHIR - Donuts [The Samples]/21 Gene Chandler & Jerry Butler - You Just Can't Win (By Makin' the Same Mistake).mp3,112.3,Cm,True,
J Dilla (2006) HHIR - Donuts [The Samples]/25 Mountain - Long Red (Live).mp3,92.3,Cm,True,
J Dilla (2006) HHIR - Donuts [The Samples]/26 Stevie Wonder - For Once in My Life.mp3,107.7,G,True,
J Dilla (2006) HHIR - Donuts [The Samples]/09 Africa - Light My Fire.mp3,99.4,Am,True,
J Dilla (2006) HHIR - Donuts [The Samples]/24 Raymond Scott - Lightworks.mp3,112.3,Dm,True,
MAC MILLER - DISCOGRAPHY [CHANNEL NEO]/[2009] The Jukebox Prelude To Class Clown (Mixtape)/13 - J's On My Feet (prod. EZ Mac).mp3,152.0,G,True,
MAC MILLER - DISCOGRAPHY [CHANNEL NEO]/[2009] The Jukebox Prelude To Class Clown (Mixtape)/21 - Keep It Rollin' (prod. EZ Mac).mp3,123.0,Dm,True,
MAC MILLER - DISCOGRAPHY [CHANNEL NEO]/[2009] The Jukebox Prelude To Class Clown (Mixtape)/05 - What Up Cousin (R.I.P. Nick).mp3,161.5,F#,True,
MAC MILLER - DISCOGRAPHY [CHANNEL NEO]/[2009] The Jukebox Prelude To Class Clown (Mixtape)/08 - Late Night (prod. EZ Mac).mp3,172.3,C#m,True,
"MAC MILLER - DISCOGRAPHY [CHANNEL NEO]/[2009] The Jukebox Prelude To Class Clown (Mixtape)/14 - On Some Real Shit (100,000 Bar.mp3",89.1,Bbm,True,
MAC MILLER - DISCOGRAPHY [CHANNEL NEO]/[2009] The Jukebox Prelude To Class Clown (Mixtape)/06 - Got A Clue.mp3,95.7,C#m,True,
MAC MILLER - DISCOGRAPHY [CHANNEL NEO]/[2009] The Jukebox Prelude To Class Clown (Mixtape)/16 - A Night In The Studio.mp3,89.1,C#m,True,
MAC MILLER - DISCOGRAPHY [CHANNEL NEO]/[2009] The Jukebox Prelude To Class Clown (Mixtape)/09 - Cruisin' (prod. Soul Theory).mp3,161.5,Dm,True,
MAC MILLER - DISCOGRAPHY [CHANNEL NEO]/[2009] The Jukebox Prelude To Class Clown (Mixtape)/17 - My Lady (prod. Buscrates 16 Bi.mp3,89.1,Cm,True,
MAC MILLER - DISCOGRAPHY [CHANNEL NEO]/[2009] The Jukebox Prelude To Class Clown (Mixtape)/03 - Barz 4 Dayz (prod. Soul Theory.mp3,83.4,F#m,True,
MAC MILLER - DISCOGRAPHY [CHANNEL NEO]/[2009] The Jukebox Prelude To Class Clown (Mixtape)/18 - Comin Soon' (feat. John Record.mp3,92.3,Cm,True,
MAC MILLER - DISCOGRAPHY [CHANNEL NEO]/[2009] The Jukebox Prelude To Class Clown (Mixtape)/02 - Sound Like (prod. EZ Mac).mp3,123.0,C#m,True,
MAC MILLER - DISCOGRAPHY [CHANNEL NEO]/[2009] The Jukebox Prelude To Class Clown (Mixtape)/10 - Swing Set.mp3,152.0,A,True,
MAC MILLER - DISCOGRAPHY [CHANNEL NEO]/[2009] The Jukebox Prelude To Class Clown (Mixtape)/01 - Intro.mp3,129.2,G#m,True,
MAC MILLER - DISCOGRAPHY [CHANNEL NEO]/[2009] The Jukebox Prelude To Class Clown (Mixtape)/11 - Love My Name (feat. John Recor.mp3,92.3,D#m,True,
MAC MILLER - DISCOGRAPHY [CHANNEL NEO]/[2009] The Jukebox Prelude To Class Clown (Mixtape)/20 - So Far To Go.mp3,89.1,Am,True,
MAC MILLER - DISCOGRAPHY [CHANNEL NEO]/[2009] The Jukebox Prelude To Class Clown (Mixtape)/04 - PA Hustla (prod. Johhny Julian.mp3,76.0,C,True,
MAC MILLER - DISCOGRAPHY [CHANNEL NEO]/[2009] The Jukebox Prelude To Class Clown (Mixtape)/07 - Get It On The Floor.mp3,95.7,Bbm,True,
MAC MILLER - DISCOGRAPHY [CHANNEL NEO]/[2009] The Jukebox Prelude To Class Clown (Mixtape)/15 - The Chow Line (feat. Beedie &.mp3,152.0,Bm,True,
MAC MILLER - DISCOGRAPHY [CHANNEL NEO]/[2009] The Jukebox Prelude To Class Clown (Mixtape)/12 - Snap Back.mp3,95.7,F#m,True,
MAC MILLER - DISCOGRAPHY [CHANNEL NEO]/[2009] The Jukebox Prelude To Class Clown (Mixtape)/19 - Keep Me Alive (prod. Roscoe Wi.mp3,152.0,Bm,True,
MAC MILLER - DISCOGRAPHY [CHANNEL NEO]/[2010] K.I.D.S. (Mixtape)/14 - Kool Aid & Frozen Pizza.mp3,89.1,F#m,True,
MAC MILLER - DISCOGRAPHY [CHANNEL NEO]/[2010] K.I.D.S. (Mixtape)/01 - Kickin' Incredibly Dope Shit (Intro).mp3,152.0,Fm,True,
MAC MILLER - DISCOGRAPHY [CHANNEL NEO]/[2010] K.I.D.S. (Mixtape)/09 - Paper Route feat. Chevy Woods.mp3,161.5,C#m,True,
MAC MILLER - DISCOGRAPHY [CHANNEL NEO]/[2010] K.I.D.S. (Mixtape)/11 - Ride Around.mp3,83.4,C#m,True,
MAC MILLER - DISCOGRAPHY [CHANNEL NEO]/[2010] K.I.D.S. (Mixtape)/15 - All I Want Is You.mp3,83.4,E,True,
MAC MILLER - DISCOGRAPHY [CHANNEL NEO]/[2010] K.I.D.S. (Mixtape)/04 - Nikes On My Feet.mp3,92.3,Cm,True,
MAC MILLER - DISCOGRAPHY [CHANNEL NEO]/[2010] K.I.D.S. (Mixtape)/06 - The Spins.mp3,129.2,Cm,True,
MAC MILLER - DISCOGRAPHY [CHANNEL NEO]/[2010] K.I.D.S. (Mixtape)/17 - Face In The Crowd.mp3,99.4,Gm,True,
"MAC MILLER - DISCOGRAPHY [CHANNEL NEO]/[2010] K.I.D.S. (Mixtape)/13 - Mad Flava, Heavy Flow (Interlude) feat. DJ Bonics.mp3",95.7,Bm,True,
MAC MILLER - DISCOGRAPHY [CHANNEL NEO]/[2010] K.I.D.S. (Mixtape)/02 - Outside.mp3,161.5,F,True,
MAC MILLER - DISCOGRAPHY [CHANNEL NEO]/[2010] K.I.D.S. (Mixtape)/07 - Traffic In The Sky.mp3,89.1,Bb,True,
MAC MILLER - DISCOGRAPHY [CHANNEL NEO]/[2010] K.I.D.S. (Mixtape)/12 - Knock Knock.mp3,107.7,Bbm,True,
MAC MILLER - DISCOGRAPHY [CHANNEL NEO]/[2010] K.I.D.S. (Mixtape)/05 - Senior Skip Day.mp3,107.7,A,True,
MAC MILLER - DISCOGRAPHY [CHANNEL NEO]/[2010] K.I.D.S. (Mixtape)/08 - Don't Mind If I Do.mp3,103.4,C#m,True,
MAC MILLER - DISCOGRAPHY [CHANNEL NEO]/[2010] K.I.D.S. (Mixtape)/03 - Get Em Up.mp3,86.1,Cm,True,
MAC MILLER - DISCOGRAPHY [CHANNEL NEO]/[2010] K.I.D.S. (Mixtape)/16 - Poppy.mp3,95.7,Fm,True,
MAC MILLER - DISCOGRAPHY [CHANNEL NEO]/[2010] K.I.D.S. (Mixtape)/10 - Good Evening.mp3,89.1,C#m,True,
MAC MILLER - DISCOGRAPHY [CHANNEL NEO]/[2008] The Ill Spoken How High The Mixtape (Mixtape)/08 Say Goodnight Freestyle (feat..mp3,184.6,Fm,True,
MAC MILLER - DISCOGRAPHY [CHANNEL NEO]/[2008] The Ill Spoken How High The Mixtape (Mixtape)/06 Open Ya Eyes (feat. Plain Engl.mp3,92.3,F#m,True,
MAC MILLER - DISCOGRAPHY [CHANNEL NEO]/[2008] The Ill Spoken How High The Mixtape (Mixtape)/09 Whatup Dilla.mp3,95.7,G#m,True,
MAC MILLER - DISCOGRAPHY [CHANNEL NEO]/[2008] The Ill Spoken How High The Mixtape (Mixtape)/02 How Sick Am I (prod. Ben Bradl.mp3,99.4,Am,True,
MAC MILLER - DISCOGRAPHY [CHANNEL NEO]/[2008] The Ill Spoken How High The Mixtape (Mixtape)/17 The Ill Children (feat. Lip Th.mp3,89.1,Bm,True,
MAC MILLER - DISCOGRAPHY [CHANNEL NEO]/[2008] The Ill Spoken How High The Mixtape (Mixtape)/10 What It Is (feat. Franchise) (.mp3,86.1,D#m,True,
MAC MILLER - DISCOGRAPHY [CHANNEL NEO]/[2008] The Ill Spoken How High The Mixtape (Mixtape)/20 The Outro (prod. J. Glaze).mp3,184.6,B,True,
MAC MILLER - DISCOGRAPHY [CHANNEL NEO]/[2008] The Ill Spoken How High The Mixtape (Mixtape)/15 Like Aaay! (prod. Anwar).mp3,92.3,Bbm,True,
MAC MILLER - DISCOGRAPHY [CHANNEL NEO]/[2008] The Ill Spoken How High The Mixtape (Mixtape)/13 Same Old Shit (feat. Plain Eng.mp3,92.3,F#m,True,
MAC MILLER - DISCOGRAPHY [CHANNEL NEO]/[2008] The Ill Spoken How High The Mixtape (Mixtape)/03 Do It Again (prod. DJ Osk).mp3,89.1,C#m,True,
MAC MILLER - DISCOGRAPHY [CHANNEL NEO]/[2008] The Ill Spoken How High The Mixtape (Mixtape)/12 Child's Play Freestyle (feat..mp3,172.3,Em,True,
MAC MILLER - DISCOGRAPHY [CHANNEL NEO]/[2008] The Ill Spoken How High The Mixtape (Mixtape)/11 The Hold Up.mp3,92.3,D#m,True,
MAC MILLER - DISCOGRAPHY [CHANNEL NEO]/[2008] The Ill Spoken How High The Mixtape (Mixtape)/14 The Real (prod. Buscrates 16 B.mp3,95.7,Dm,True,
MAC MILLER - DISCOGRAPHY [CHANNEL NEO]/[2008] The Ill Spoken How High The Mixtape (Mixtape)/07 Tryna Get Blazed.mp3,86.1,C#m,True,
MAC MILLER - DISCOGRAPHY [CHANNEL NEO]/[2008] The Ill Spoken How High The Mixtape (Mixtape)/19 Gotcha Opin.mp3,92.3,Gm,True,
MAC MILLER - DISCOGRAPHY [CHANNEL NEO]/[2008] The Ill Spoken How High The Mixtape (Mixtape)/05 I Am Legend (feat. John Record.mp3,92.3,Em,True,
MAC MILLER - DISCOGRAPHY [CHANNEL NEO]/[2008] The Ill Spoken How High The Mixtape (Mixtape)/01 How High (Intro) (prod. Man Ma.mp3,89.1,Bm,True,
MAC MILLER - DISCOGRAPHY [CHANNEL NEO]/[2008] The Ill Spoken How High The Mixtape (Mixtape)/18 Ain't I Freestyle (feat. Big W.mp3,117.5,D#m,True,
MAC MILLER - DISCOGRAPHY [CHANNEL NEO]/[2008] The Ill Spoken How High The Mixtape (Mixtape)/16 Know Bout That (prod. OJ Loopz.mp3,92.3,Em,True,
MAC MILLER - DISCOGRAPHY [CHANNEL NEO]/[2008] The Ill Spoken How High The Mixtape (Mixtape)/22 Cruisin' (prod. Soul T.mp3,161.5,Dm,True,
MAC MILLER - DISCOGRAPHY [CHANNEL NEO]/[2008] The Ill Spoken How High The Mixtape (Mixtape)/21 Instant Replay (prod..mp3,89.1,Dm,True,
MAC MILLER - DISCOGRAPHY [CHANNEL NEO]/[2008] The Ill Spoken How High The Mixtape (Mixtape)/04 Bring It On (feat. Wild Bill).mp3,92.3,F#m,True,
MAC MILLER - DISCOGRAPHY [CHANNEL NEO]/[2011] Black Friday (Mixtape)/15 - Word Game (U-Strem Freestyle From 2008).mp3,86.1,D#m,True,
MAC MILLER - DISCOGRAPHY [CHANNEL NEO]/[2011] Black Friday (Mixtape)/05 - Girls In The Palm Of My Hand (Prod. by Johnny Juliano) (World Wide Exclusive).mp3,117.5,Cm,True,
MAC MILLER - DISCOGRAPHY [CHANNEL NEO]/[2011] Black Friday (Mixtape)/09 - The Stick Up (World Wide Exclusive).mp3,80.7,F,True,
MAC MILLER - DISCOGRAPHY [CHANNEL NEO]/[2011] Black Friday (Mixtape)/14 - Radio Freestyle (First Radio Freestyle EVER!) (RARE!).mp3,161.5,Dm,True,
MAC MILLER - DISCOGRAPHY [CHANNEL NEO]/[2011] Black Friday (Mixtape)/10 - The Introduction (World Wide Exclusive).mp3,89.1,Fm,True,
MAC MILLER - DISCOGRAPHY [CHANNEL NEO]/[2011] Black Friday (Mixtape)/04 - No Hook (World Wide Exclusive).mp3,92.3,Cm,True,
MAC MILLER - DISCOGRAPHY [CHANNEL NEO]/[2011] Black Friday (Mixtape)/06 - Mac Miller ft. Ghosty - La Familia (World Wide Exclusive).mp3,161.5,F,True,
MAC MILLER - DISCOGRAPHY [CHANNEL NEO]/[2011] Black Friday (Mixtape)/01 - Mac Miller ft. Beedie - Dj CapCom (Freestyle) (World Wide Exclusive).mp3,95.7,Bm,True,
MAC MILLER - DISCOGRAPHY [CHANNEL NEO]/[2011] Black Friday (Mixtape)/02 - Stop Bitchin (Prod. by Big Jerm) (Full Version) (RARE Unreleased).mp3,172.3,Fm,True,
MAC MILLER - DISCOGRAPHY [CHANNEL NEO]/[2011] Black Friday (Mixtape)/07 - Mac Miller ft. Ghosty - Born On Halloween (World Wide Exclusive).mp3,152.0,Dm,True,
MAC MILLER - DISCOGRAPHY [CHANNEL NEO]/[2011] Black Friday (Mixtape)/13 - Mac Miller ft. Beedie & Jimmie Hoffa - Cartel Gathering (RARE Unreleased).mp3,95.7,Fm,True,
MAC MILLER - DISCOGRAPHY [CHANNEL NEO]/[2011] Black Friday (Mixtape)/11 - Successful (World Wide Exclusive).mp3,107.7,Fm,True,
MAC MILLER - DISCOGRAPHY [CHANNEL NEO]/[2011] Black Friday (Mixtape)/08 - When The Money Comin Slow (Prod. by Rod Da Blizz) (World Wide Exclusive).mp3,83.4,Am,True,
MAC MILLER - DISCOGRAPHY [CHANNEL NEO]/[2011] Black Friday (Mixtape)/12 - Mac Miller ft. Jimmie Hoffa - On My Grind (RARE Unrelased).mp3,123.0,Cm,True,
MAC MILLER - DISCOGRAPHY [CHANNEL NEO]/[2011] Black Friday (Mixtape)/03 - What If  (Prod. by James Moore) (World Wide Exclusive).mp3,89.1,Cm,True,
MAC MILLER - DISCOGRAPHY [CHANNEL NEO]/Mac Miller - Macadelic Mixtape/02 - Desperado (prod. ID Labs).mp3,89.1,C#m,True,
MAC MILLER - DISCOGRAPHY [CHANNEL NEO]/Mac Miller - Macadelic Mixtape/05 - Aliens Fighting Robots (feat. Sir Michael Rocks) (prod. Brandun Deshay).mp3,143.6,Cm,True,
MAC MILLER - DISCOGRAPHY [CHANNEL NEO]/Mac Miller - Macadelic Mixtape/09 - The Mourning After (prod. Two Fresh).mp3,161.5,Bb,True,
MAC MILLER - DISCOGRAPHY [CHANNEL NEO]/Mac Miller - Macadelic Mixtape/08 - Lucky Ass Bitch (feat. Juicy J) (prod. Lex Luger).mp3,73.8,G#m,True,
MAC MILLER - DISCOGRAPHY [CHANNEL NEO]/Mac Miller - Macadelic Mixtape/07 - Fight The Feeling (feat. Kendrick Lamar & Iman Omari) (prod. Iman Omari).mp3,143.6,Eb,True,
MAC MILLER - DISCOGRAPHY [CHANNEL NEO]/Mac Miller - Macadelic Mixtape/15 - Clarity (prod. ID Labs & Ritz Reynolds).mp3,161.5,E,True,
MAC MILLER - DISCOGRAPHY [CHANNEL NEO]/Mac Miller - Macadelic Mixtape/13 - Angels (When She Shuts Her Eyes) (prod. Clams Casino).mp3,136.0,Db,True,
MAC MILLER - DISCOGRAPHY [CHANNEL NEO]/Mac Miller - Macadelic Mixtape/01 - Love Me As I Have Loved You (prod. Ritz Reynolds).mp3,83.4,C,True,
MAC MILLER - DISCOGRAPHY [CHANNEL NEO]/Mac Miller - Macadelic Mixtape/17 - Fuck 'Em All (prod. ID Labs).mp3,152.0,Cm,True,
MAC MILLER - DISCOGRAPHY [CHANNEL NEO]/Mac Miller - Macadelic Mixtape/11 - Ignorant (feat. Cam'ron) (prod. Cardo).mp3,136.0,C#m,True,
MAC MILLER - DISCOGRAPHY [CHANNEL NEO]/Mac Miller - Macadelic Mixtape/16 - America (feat. Casey Veggies & Joey Bada$$) (prod. Hannibal King).mp3,89.1,Bm,True,
MAC MILLER - DISCOGRAPHY [CHANNEL NEO]/Mac Miller - Macadelic Mixtape/10 - 1 Threw 8 (prod. Black Diamond).mp3,161.5,Bbm,True,
MAC MILLER - DISCOGRAPHY [CHANNEL NEO]/Mac Miller - Macadelic Mixtape/12 - The Question (feat. Lil Wayne) (prod. Wally West & ID Labs).mp3,136.0,Dm,True,
MAC MILLER - DISCOGRAPHY [CHANNEL NEO]/Mac Miller - Macadelic Mixtape/03 - Loud (prod. ID Labs).mp3,143.6,Em,True,
MAC MILLER - DISCOGRAPHY [CHANNEL NEO]/Mac Miller - Macadelic Mixtape/14 - Sunlight (feat. Iman Omari) (prod. Teddy Roxpin).mp3,184.6,G#m,True,
MAC MILLER - DISCOGRAPHY [CHANNEL NEO]/Mac Miller - Macadelic Mixtape/04 - Thoughts From A Balcony (prod. Sap).mp3,89.1,Bm,True,
MAC MILLER - DISCOGRAPHY [CHANNEL NEO]/Mac Miller - Macadelic Mixtape/06 - Vitamins (prod. ID Labs).mp3,143.6,Eb,True,
MAC MILLER - DISCOGRAPHY [CHANNEL NEO]/[2011] Best Day Ever (Mixtape)/06 - Wear My Hat Prod By  Chuck Inglish.mp3,152.0,Bm,True,
MAC MILLER - DISCOGRAPHY [CHANNEL NEO]/[2011] Best Day Ever (Mixtape)/11 - Play Ya Cards Right (Prod. By  Chuck Inglish).mp3,107.7,Cm,True,
MAC MILLER - DISCOGRAPHY [CHANNEL NEO]/[2011] Best Day Ever (Mixtape)/13 - Life Aint Easy (Prod. By  ID Labs).mp3,95.7,F,True,
MAC MILLER - DISCOGRAPHY [CHANNEL NEO]/[2011] Best Day Ever (Mixtape)/03 - Donald Trump Prod By  Sap.mp3,161.5,Bbm,True,
MAC MILLER - DISCOGRAPHY [CHANNEL NEO]/[2011] Best Day Ever (Mixtape)/15 - Keep Floatin (feat. Wiz Khalifa) (Prod. By  ID Lab.mp3,143.6,C,True,
MAC MILLER - DISCOGRAPHY [CHANNEL NEO]/[2011] Best Day Ever (Mixtape)/05 - Ill Be There feat Phonte Prod By  Beanz n.mp3,161.5,E,True,
MAC MILLER - DISCOGRAPHY [CHANNEL NEO]/[2011] Best Day Ever (Mixtape)/04 - Oy Vey Prod By  ID Labs.mp3,152.0,Em,True,
MAC MILLER - DISCOGRAPHY [CHANNEL NEO]/[2011] Best Day Ever (Mixtape)/09 - Down The Rabbit Hole (Prod. By  Blue of The Sore L.mp3,143.6,D#m,True,
MAC MILLER - DISCOGRAPHY [CHANNEL NEO]/[2011] Best Day Ever (Mixtape)/08 - All Around The World (Prod. By  Just Blaze).mp3,152.0,F#m,True,
MAC MILLER - DISCOGRAPHY [CHANNEL NEO]/[2011] Best Day Ever (Mixtape)/16 - BDE Bonus (Prod. By  ID Labs).mp3,184.6,Eb,True,
MAC MILLER - DISCOGRAPHY [CHANNEL NEO]/[2011] Best Day Ever (Mixtape)/01 - Best Day Ever Prod By  ID Labs.mp3,89.1,Eb,True,
MAC MILLER - DISCOGRAPHY [CHANNEL NEO]/[2011] Best Day Ever (Mixtape)/07 - Wake Up Prod By  Sap  ID Labs.mp3,107.7,Bbm,True,
MAC MILLER - DISCOGRAPHY [CHANNEL NEO]/[2011] Best Day Ever (Mixtape)/10 - In The Air (Prod. By  Ritz Reynolds).mp3,143.6,A,True,
MAC MILLER - DISCOGRAPHY [CHANNEL NEO]/[2011] Best Day Ever (Mixtape)/02 - Get Up Prod By  Teddy Roxpin.mp3,92.3,Eb,True,
MAC MILLER - DISCOGRAPHY [CHANNEL NEO]/[2011] Best Day Ever (Mixtape)/12 - She Said (Prod. By  Khrysis).mp3,89.1,F#m,True,
MAC MILLER - DISCOGRAPHY [CHANNEL NEO]/[2011] Best Day Ever (Mixtape)/14 - Snooze (Prod. By  ID Labs).mp3,103.4,Bbm,True,
MAC MILLER - DISCOGRAPHY [CHANNEL NEO]/[2011] Blue Slide Park/02 - Blue Slide Park.mp3,95.7,Dm,True,
MAC MILLER - DISCOGRAPHY [CHANNEL NEO]/[2011] Blue Slide Park/03 - Party On Fifth Ave.mp3,99.4,C#m,True,
MAC MILLER - DISCOGRAPHY [CHANNEL NEO]/[2011] Blue Slide Park/15 - Man In The Hat.mp3,129.2,Bbm,True,
MAC MILLER - DISCOGRAPHY [CHANNEL NEO]/[2011] Blue Slide Park/05 - Frick Park Market.mp3,103.4,Bm,True,
MAC MILLER - DISCOGRAPHY [CHANNEL NEO]/[2011] Blue Slide Park/01 - English Lane.mp3,143.6,E,True,
MAC MILLER - DISCOGRAPHY [CHANNEL NEO]/[2011] Blue Slide Park/07 - Under The Weather.mp3,117.5,Gm,True,
MAC MILLER - DISCOGRAPHY [CHANNEL NEO]/[2011] Blue Slide Park/12 - Hole In The Pocket.mp3,129.2,E,True,
MAC MILLER - DISCOGRAPHY [CHANNEL NEO]/[2011] Blue Slide Park/16 - One Last Thing.mp3,103.4,Eb,True,
MAC MILLER - DISCOGRAPHY [CHANNEL NEO]/[2011] Blue Slide Park/06 - Smile Back.mp3,152.0,Fm,True,
MAC MILLER - DISCOGRAPHY [CHANNEL NEO]/[2011] Blue Slide Park/09 - My Team.mp3,103.4,F#m,True,
MAC MILLER - DISCOGRAPHY [CHANNEL NEO]/[2011] Blue Slide Park/10 - Up All Night.mp3,99.4,Em,True,
MAC MILLER - DISCOGRAPHY [CHANNEL NEO]/[2011] Blue Slide Park/04 - PA Nights.mp3,89.1,D,True,
MAC MILLER - DISCOGRAPHY [CHANNEL NEO]/[2011] Blue Slide Park/11 - Loitering.mp3,99.4,Db,True,
MAC MILLER - DISCOGRAPHY [CHANNEL NEO]/[2011] Blue Slide Park/13 - Diamonds & Gold.mp3,89.1,Em,True,
MAC MILLER - DISCOGRAPHY [CHANNEL NEO]/[2011] Blue Slide Park/14 - Missed Calls.mp3,172.3,G,True,
MAC MILLER - DISCOGRAPHY [CHANNEL NEO]/[2011] Blue Slide Park/08 - Of The Soul.mp3,89.1,Cm,True,
MAC MILLER - DISCOGRAPHY [CHANNEL NEO]/[2007] But My Mackin' Ain't Easy (Mixtape)/03 - Take Me To Paradise (feat. Teressa LaGamba).mp3,86.1,F#m,True,
MAC MILLER - DISCOGRAPHY [CHANNEL NEO]/[2007] But My Mackin' Ain't Easy (Mixtape)/01 - J's On My Feet.mp3,152.0,G,True,
MAC MILLER - DISCOGRAPHY [CHANNEL NEO]/[2007] But My Mackin' Ain't Easy (Mixtape)/02 - Barz 4 Dayz.mp3,83.4,F#m,True,
MAC MILLER - DISCOGRAPHY [CHANNEL NEO]/[2007] But My Mackin' Ain't Easy (Mixtape)/05 - Get Mine's.mp3,143.6,Cm,True,
MAC MILLER - DISCOGRAPHY [CHANNEL NEO]/[2007] But My Mackin' Ain't Easy (Mixtape)/08 - Come Around (feat. B.DuBB).mp3,172.3,F#m,True,
MAC MILLER - DISCOGRAPHY [CHANNEL NEO]/[2007] But My Mackin' Ain't Easy (Mixtape)/09 - I'm In Love With This Bud (feat. Young Brody).mp3,136.0,C,True,
MAC MILLER - DISCOGRAPHY [CHANNEL NEO]/[2007] But My Mackin' Ain't Easy (Mixtape)/06 - Gotta Make Money.mp3,161.5,Am,True,
MAC MILLER - DISCOGRAPHY [CHANNEL NEO]/[2007] But My Mackin' Ain't Easy (Mixtape)/04 - Cruisin'.mp3,161.5,Dm,True,
MAC MILLER - DISCOGRAPHY [CHANNEL NEO]/[2007] But My Mackin' Ain't Easy (Mixtape)/07 - Smoke Signals (feat. John Records).mp3,89.1,F#m,True,
MAC MILLER - DISCOGRAPHY [CHANNEL NEO]/[2009] DJ Mynd Tek Music 4 Tha Mynd Vol. 3 Hosted by Mac Miller/15 - Code Of The Streets.mp3,95.7,Bb,True,
MAC MILLER - DISCOGRAPHY [CHANNEL NEO]/[2009] DJ Mynd Tek Music 4 Tha Mynd Vol. 3 Hosted by Mac Miller/08 - The Odds.mp3,112.3,Am,True,
MAC MILLER - DISCOGRAPHY [CHANNEL NEO]/[2009] DJ Mynd Tek Music 4 Tha Mynd Vol. 3 Hosted by Mac Miller/16 - Unfaithful.mp3,92.3,Ab,True,
MAC MILLER - DISCOGRAPHY [CHANNEL NEO]/[2009] DJ Mynd Tek Music 4 Tha Mynd Vol. 3 Hosted by Mac Miller/20 - I think I'm In Love (Prod. S. Class).mp3,86.1,G,True,
MAC MILLER - DISCOGRAPHY [CHANNEL NEO]/[2009] DJ Mynd Tek Music 4 Tha Mynd Vol. 3 Hosted by Mac Miller/11 - Interlude.mp3,112.3,A,True,
MAC MILLER - DISCOGRAPHY [CHANNEL NEO]/[2009] DJ Mynd Tek Music 4 Tha Mynd Vol. 3 Hosted by Mac Miller/06 - Love My Name (Prod. J Boss).mp3,92.3,D#m,True,
MAC MILLER - DISCOGRAPHY [CHANNEL NEO]/[2009] DJ Mynd Tek Music 4 Tha Mynd Vol. 3 Hosted by Mac Miller/05 - Critically Acclaimed (Off 100 Proof (The Hangover)).mp3,95.7,Am,True,
MAC MILLER - DISCOGRAPHY [CHANNEL NEO]/[2009] DJ Mynd Tek Music 4 Tha Mynd Vol. 3 Hosted by Mac Miller/04 - Mug So Mean (Produced by Architect).mp3,143.6,Em,True,
MAC MILLER - DISCOGRAPHY [CHANNEL NEO]/[2009] DJ Mynd Tek Music 4 Tha Mynd Vol. 3 Hosted by Mac Miller/07 - Hell of A Life (Prod. By FreQ).mp3,172.3,F#m,True,
MAC MILLER - DISCOGRAPHY [CHANNEL NEO]/[2009] DJ Mynd Tek Music 4 Tha Mynd Vol. 3 Hosted by Mac Miller/21 - Outro.mp3,86.1,Gm,True,
MAC MILLER - DISCOGRAPHY [CHANNEL NEO]/[2009] DJ Mynd Tek Music 4 Tha Mynd Vol. 3 Hosted by Mac Miller/19 - Secret Lover.mp3,129.2,Em,True,
MAC MILLER - DISCOGRAPHY [CHANNEL NEO]/[2009] DJ Mynd Tek Music 4 Tha Mynd Vol. 3 Hosted by Mac Miller/10 - Let Me Ride.mp3,129.2,C#m,True,
MAC MILLER - DISCOGRAPHY [CHANNEL NEO]/[2009] DJ Mynd Tek Music 4 Tha Mynd Vol. 3 Hosted by Mac Miller/12 - Live My Life (Prod. Soul Theory).mp3,107.7,Em,True,
MAC MILLER - DISCOGRAPHY [CHANNEL NEO]/[2009] DJ Mynd Tek Music 4 Tha Mynd Vol. 3 Hosted by Mac Miller/01 - Intro.mp3,95.7,Fm,True,
MAC MILLER - DISCOGRAPHY [CHANNEL NEO]/[2009] DJ Mynd Tek Music 4 Tha Mynd Vol. 3 Hosted by Mac Miller/13 - The World Don't Stop.mp3,123.0,Cm,True,
MAC MILLER - DISCOGRAPHY [CHANNEL NEO]/[2009] DJ Mynd Tek Music 4 Tha Mynd Vol. 3 Hosted by Mac Miller/03 - Run This Town (freestyle).mp3,86.1,B,True,
MAC MILLER - DISCOGRAPHY [CHANNEL NEO]/[2009] DJ Mynd Tek Music 4 Tha Mynd Vol. 3 Hosted by Mac Miller/17 - Don't Stop.mp3,117.5,D#m,True,
MAC MILLER - DISCOGRAPHY [CHANNEL NEO]/[2009] DJ Mynd Tek Music 4 Tha Mynd Vol. 3 Hosted by Mac Miller/09 - This What We Be On.mp3,143.6,Bm,True,
MAC MILLER - DISCOGRAPHY [CHANNEL NEO]/[2009] DJ Mynd Tek Music 4 Tha Mynd Vol. 3 Hosted by Mac Miller/02 - Dumb it Down(freestyle).mp3,95.7,Em,True,
MAC MILLER - DISCOGRAPHY [CHANNEL NEO]/[2009] DJ Mynd Tek Music 4 Tha Mynd Vol. 3 Hosted by Mac Miller/14 - Close to me.mp3,89.1,F#m,True,
MAC MILLER - DISCOGRAPHY [CHANNEL NEO]/[2009] DJ Mynd Tek Music 4 Tha Mynd Vol. 3 Hosted by Mac Miller/18 - Stainless.mp3,89.1,Gm,True,
MAC MILLER - DISCOGRAPHY [CHANNEL NEO]/[2011] On and On and Beyond [EP]/01 - Put It On.mp3,184.6,Eb,True,
MAC MILLER - DISCOGRAPHY [CHANNEL NEO]/[2011] On and On and Beyond [EP]/05 - In the Air.mp3,143.6,A,True,
MAC MILLER - DISCOGRAPHY [CHANNEL NEO]/[2011] On and On and Beyond [EP]/02 - Live Free.mp3,95.7,C#m,True,
MAC MILLER - DISCOGRAPHY [CHANNEL NEO]/[2011] On and On and Beyond [EP]/04 - Life Ain't Easy.mp3,95.7,F,True,
MAC MILLER - DISCOGRAPHY [CHANNEL NEO]/[2011] On and On and Beyond [EP]/03 - On and On.mp3,73.8,C#m,True,
MAC MILLER - DISCOGRAPHY [CHANNEL NEO]/[2011] On and On and Beyond [EP]/06 - Another Night.mp3,161.5,Am,True,
MAC MILLER - DISCOGRAPHY [CHANNEL NEO]/[Unreleased]/07 - I love high school.mp3,172.3,A,True,
MAC MILLER - DISCOGRAPHY [CHANNEL NEO]/[Unreleased]/03 - 82-92.mp3,89.1,Fm,True,
MAC MILLER - DISCOGRAPHY [CHANNEL NEO]/[Unreleased]/14 - Nothing On Me.mp3,103.4,D,True,
MAC MILLER - DISCOGRAPHY [CHANNEL NEO]/[Unreleased]/18 - EXTRA EXTRA feat. Rapsody   Halo.mp3,172.3,D#m,True,
MAC MILLER - DISCOGRAPHY [CHANNEL NEO]/[Unreleased]/09 - The Game Of Life.mp3,95.7,D#m,True,
"MAC MILLER - DISCOGRAPHY [CHANNEL NEO]/[Unreleased]/16 - Facebook Girl feat. Kurtiz the Kid, Mr. Manhattan, AT.mp3",172.3,Dm,True,
MAC MILLER - DISCOGRAPHY [CHANNEL NEO]/[Unreleased]/02 - Purple.mp3,152.0,C#m,True,
MAC MILLER - DISCOGRAPHY [CHANNEL NEO]/[Unreleased]/11 - Live My Life.mp3,107.7,Em,True,
MAC MILLER - DISCOGRAPHY [CHANNEL NEO]/[Unreleased]/15 - Something About You.mp3,172.3,Dm,True,
MAC MILLER - DISCOGRAPHY [CHANNEL NEO]/[Unreleased]/13 - Blog Is Hot.mp3,161.5,Am,True,
MAC MILLER - DISCOGRAPHY [CHANNEL NEO]/[Unreleased]/08 - Talk About.mp3,92.3,Eb,True,
MAC MILLER - DISCOGRAPHY [CHANNEL NEO]/[Unreleased]/05 - I think I'm In Love.mp3,86.1,G,True,
MAC MILLER - DISCOGRAPHY [CHANNEL NEO]/[Unreleased]/12 - Curious.mp3,184.6,Bbm,True,
MAC MILLER - DISCOGRAPHY [CHANNEL NEO]/[Unreleased]/01 - Open your eyes feat. Chiddy Bang.mp3,83.4,Fm,True,
MAC MILLER - DISCOGRAPHY [CHANNEL NEO]/[Unreleased]/04 - Nothing Can Stop Me  feat. Yung Brody.mp3,172.3,C#m,True,
MAC MILLER - DISCOGRAPHY [CHANNEL NEO]/[Unreleased]/17 - Live it up.mp3,123.0,D#m,True,
MAC MILLER - DISCOGRAPHY [CHANNEL NEO]/[Unreleased]/10 - So What feat. Wale.mp3,136.0,E,True,
MAC MILLER - DISCOGRAPHY [CHANNEL NEO]/[2011] Mac & Yellow (Mixtape)/01 - Cold Feet.mp3,99.4,E,True,
MAC MILLER - DISCOGRAPHY [CHANNEL NEO]/[2011] Mac & Yellow (Mixtape)/11 - Get It Again.mp3,89.1,Cm,True,
MAC MILLER - DISCOGRAPHY [CHANNEL NEO]/[2011] Mac & Yellow (Mixtape)/18 - She Said.mp3,89.1,F#m,True,
MAC MILLER - DISCOGRAPHY [CHANNEL NEO]/[2011] Mac & Yellow (Mixtape)/17 - Open Your Eyes.mp3,83.4,Fm,True,
MAC MILLER - DISCOGRAPHY [CHANNEL NEO]/[2011] Mac & Yellow (Mixtape)/06 - Just A Kid.mp3,95.7,Cm,True,
MAC MILLER - DISCOGRAPHY [CHANNEL NEO]/[2011] Mac & Yellow (Mixtape)/05 - Whateva.mp3,92.3,C#m,True,
MAC MILLER - DISCOGRAPHY [CHANNEL NEO]/[2011] Mac & Yellow (Mixtape)/16 - Middle Finger.mp3,136.0,C#m,True,
MAC MILLER - DISCOGRAPHY [CHANNEL NEO]/[2011] Mac & Yellow (Mixtape)/15 - Love Lost.mp3,112.3,Bb,True,
MAC MILLER - DISCOGRAPHY [CHANNEL NEO]/[2011] Mac & Yellow (Mixtape)/14 - Heatwave.mp3,92.3,Am,True,
MAC MILLER - DISCOGRAPHY [CHANNEL NEO]/[2011] Mac & Yellow (Mixtape)/13 - Incense.mp3,92.3,D#m,True,
MAC MILLER - DISCOGRAPHY [CHANNEL NEO]/[2011] Mac & Yellow (Mixtape)/02 - Speaking In Tungs (Freestyle).mp3,95.7,Db,True,
MAC MILLER - DISCOGRAPHY [CHANNEL NEO]/[2011] Mac & Yellow (Mixtape)/19 - Like Aaay!.mp3,92.3,Bbm,True,
MAC MILLER - DISCOGRAPHY [CHANNEL NEO]/[2011] Mac & Yellow (Mixtape)/08 - Come On Baby.mp3,92.3,D#m,True,
MAC MILLER - DISCOGRAPHY [CHANNEL NEO]/[2011] Mac & Yellow (Mixtape)/12 - Marco Polo.mp3,143.6,Fm,True,
MAC MILLER - DISCOGRAPHY [CHANNEL NEO]/[2011] Mac & Yellow (Mixtape)/09 - Femme Fatale (Freestyle).mp3,95.7,Db,True,
MAC MILLER - DISCOGRAPHY [CHANNEL NEO]/[2011] Mac & Yellow (Mixtape)/03 - The Miller Family Reunion.mp3,95.7,Em,True,
MAC MILLER - DISCOGRAPHY [CHANNEL NEO]/[2011] Mac & Yellow (Mixtape)/20 - Donald Trump.mp3,161.5,F#m,True,
MAC MILLER - DISCOGRAPHY [CHANNEL NEO]/[2011] Mac & Yellow (Mixtape)/10 - Frick Park Market.mp3,103.4,D#m,True,
MAC MILLER - DISCOGRAPHY [CHANNEL NEO]/[2011] Mac & Yellow (Mixtape)/04 - The Drive.mp3,161.5,Fm,True,
MAC MILLER - DISCOGRAPHY [CHANNEL NEO]/[2011] Mac & Yellow (Mixtape)/07 - Family First.mp3,86.1,Fm,True,
MAC MILLER - DISCOGRAPHY [CHANNEL NEO]/[2009] The High Life (Mixtape)/02 - Ridin' High (prod. Big Jerm).mp3,123.0,D#m,True,
MAC MILLER - DISCOGRAPHY [CHANNEL NEO]/[2009] The High Life (Mixtape)/11 - Fly In Her Nikes (feat. Josh E.mp3,172.3,B,True,
MAC MILLER - DISCOGRAPHY [CHANNEL NEO]/[2009] The High Life (Mixtape)/04 - Live Free (prod. J. Fish).mp3,95.7,C#m,True,
MAC MILLER - DISCOGRAPHY [CHANNEL NEO]/[2009] The High Life (Mixtape)/09 - A Million Dollars (prod. Big J.mp3,123.0,C,True,
MAC MILLER - DISCOGRAPHY [CHANNEL NEO]/[2009] The High Life (Mixtape)/13 - Travellin' Man '09.mp3,92.3,F#m,True,
MAC MILLER - DISCOGRAPHY [CHANNEL NEO]/[2009] The High Life (Mixtape)/10 - I'm Ready (prod. DT Spacely).mp3,123.0,C,True,
MAC MILLER - DISCOGRAPHY [CHANNEL NEO]/[2009] The High Life (Mixtape)/19 - Another Night (prod. Matt Grov.mp3,161.5,Am,True,
MAC MILLER - DISCOGRAPHY [CHANNEL NEO]/[2009] The High Life (Mixtape)/07 - Jerome Weinberg Speaks (Interl.mp3,143.6,Bm,True,
MAC MILLER - DISCOGRAPHY [CHANNEL NEO]/[2009] The High Life (Mixtape)/06 - 5 O'Clock (feat. Boaz) (prod..mp3,161.5,D#m,True,
MAC MILLER - DISCOGRAPHY [CHANNEL NEO]/[2009] The High Life (Mixtape)/12 - The Finer Things.mp3,172.3,Ab,True,
MAC MILLER - DISCOGRAPHY [CHANNEL NEO]/[2009] The High Life (Mixtape)/18 - Just My Imagination (prod. Big.mp3,95.7,B,True,
MAC MILLER - DISCOGRAPHY [CHANNEL NEO]/[2009] The High Life (Mixtape)/21 - BONUS  Pen Game (feat. Skyzoo.mp3,107.7,Am,True,
MAC MILLER - DISCOGRAPHY [CHANNEL NEO]/[2009] The High Life (Mixtape)/08 - Class President (prod. Uncle R.mp3,172.3,Cm,True,
MAC MILLER - DISCOGRAPHY [CHANNEL NEO]/[2009] The High Life (Mixtape)/15 - One Of A Kind (prod. E. Dan).mp3,92.3,Bb,True,
MAC MILLER - DISCOGRAPHY [CHANNEL NEO]/[2009] The High Life (Mixtape)/14 - Cruise Control (feat. Wiz Khalifa).mp3,161.5,Dm,True,
MAC MILLER - DISCOGRAPHY [CHANNEL NEO]/[2009] The High Life (Mixtape)/01 - The High Life (prod. Mac Mille.mp3,117.5,Fm,True,
MAC MILLER - DISCOGRAPHY [CHANNEL NEO]/[2009] The High Life (Mixtape)/03 - Musical Chairs (prod. Big Jerm.mp3,117.5,Dm,True,
MAC MILLER - DISCOGRAPHY [CHANNEL NEO]/[2009] The High Life (Mixtape)/17 - Castle Made Of Sand (prod. Big.mp3,92.3,C,True,
MAC MILLER - DISCOGRAPHY [CHANNEL NEO]/[2009] The High Life (Mixtape)/16 - Foolin' Around (prod. Big Jerm.mp3,80.7,D#m,True,
MAC MILLER - DISCOGRAPHY [CHANNEL NEO]/[2009] The High Life (Mixtape)/20 - Thanks For Coming Out.mp3,152.0,Cm,True,
MAC MILLER - DISCOGRAPHY [CHANNEL NEO]/[2011] Most Dope Scratchbacks (Mixtape)/01 - Thanks for Coming Out (Remix).mp3,152.0,Cm,True,
MAC MILLER - DISCOGRAPHY [CHANNEL NEO]/[2011] Most Dope Scratchbacks (Mixtape)/11 - One of a Kind (Remix).mp3,92.3,F,True,
MAC MILLER - DISCOGRAPHY [CHANNEL NEO]/[2011] Most Dope Scratchbacks (Mixtape)/07 - Traffic in the Sky (Remix).mp3,89.1,Bb,True,
MAC MILLER - DISCOGRAPHY [CHANNEL NEO]/[2011] Most Dope Scratchbacks (Mixtape)/16 - Kool Aid and Frozen Pizza (Remix).mp3,92.3,C#m,True,
MAC MILLER - DISCOGRAPHY [CHANNEL NEO]/[2011] Most Dope Scratchbacks (Mixtape)/14 - On Some Real Shit (Remix).mp3,92.3,G#m,True,
MAC MILLER - DISCOGRAPHY [CHANNEL NEO]/[2011] Most Dope Scratchbacks (Mixtape)/05 - Foolin' Around (Remix).mp3,161.5,Gm,True,
MAC MILLER - DISCOGRAPHY [CHANNEL NEO]/[2011] Most Dope Scratchbacks (Mixtape)/12 - Don't Mind if I Do (Remix).mp3,92.3,Em,True,
MAC MILLER - DISCOGRAPHY [CHANNEL NEO]/[2011] Most Dope Scratchbacks (Mixtape)/08 - Nikes on my Feet (Remix).mp3,89.1,F,True,
MAC MILLER - DISCOGRAPHY [CHANNEL NEO]/[2011] Most Dope Scratchbacks (Mixtape)/15 - Castle Made of Sand (Remix).mp3,92.3,Fm,True,
MAC MILLER - DISCOGRAPHY [CHANNEL NEO]/[2011] Most Dope Scratchbacks (Mixtape)/17 - The Finer Things (Screwed  Chopped).mp3,143.6,B,True,
MAC MILLER - DISCOGRAPHY [CHANNEL NEO]/[2011] Most Dope Scratchbacks (Mixtape)/02 - K.I.D.S. (Remix).mp3,152.0,F,True,
MAC MILLER - DISCOGRAPHY [CHANNEL NEO]/[2011] Most Dope Scratchbacks (Mixtape)/09 - Musical Chairs (Remix).mp3,117.5,Dm,True,
MAC MILLER - DISCOGRAPHY [CHANNEL NEO]/[2011] Most Dope Scratchbacks (Mixtape)/04 - Paper Route (Remix).mp3,161.5,C#m,True,
MAC MILLER - DISCOGRAPHY [CHANNEL NEO]/[2011] Most Dope Scratchbacks (Mixtape)/03 - Donald Trump (Remix).mp3,161.5,C#m,True,
MAC MILLER - DISCOGRAPHY [CHANNEL NEO]/[2011] Most Dope Scratchbacks (Mixtape)/10 - Down the Rabbit Hole (Remix).mp3,143.6,D#m,True,
MAC MILLER - DISCOGRAPHY [CHANNEL NEO]/[2011] Most Dope Scratchbacks (Mixtape)/13 - Just My Imagination (Remix).mp3,92.3,Em,True,
MAC MILLER - DISCOGRAPHY [CHANNEL NEO]/[2011] Most Dope Scratchbacks (Mixtape)/06 - She Said (Remix).mp3,89.1,F#m,True,
MAC MILLER - DISCOGRAPHY [CHANNEL NEO]/[2012] Macadelic (Mixtape)/02 - Desperado (prod. ID Labs).mp3,89.1,C#m,True,
MAC MILLER - DISCOGRAPHY [CHANNEL NEO]/[2012] Macadelic (Mixtape)/05 - Aliens Fighting Robots (Feat. Sir Michael Rocks) (prod. Brandun Deshay).mp3,143.6,Cm,True,
MAC MILLER - DISCOGRAPHY [CHANNEL NEO]/[2012] Macadelic (Mixtape)/09 - The Mourning After (prod. Two Fresh).mp3,161.5,Bb,True,
MAC MILLER - DISCOGRAPHY [CHANNEL NEO]/[2012] Macadelic (Mixtape)/08 - Lucky Ass Bitch (Feat. Juicy J) (prod. Lex Luger).mp3,73.8,G#m,True,
MAC MILLER - DISCOGRAPHY [CHANNEL NEO]/[2012] Macadelic (Mixtape)/07 - Fight The Feeling (Feat. Kendrick Lamar & Iman Omari) (prod. Iman Omari).mp3,143.6,Eb,True,
MAC MILLER - DISCOGRAPHY [CHANNEL NEO]/[2012] Macadelic (Mixtape)/15 - Clarity (prod. ID Labs & Ritz Reynolds).mp3,161.5,E,True,
MAC MILLER - DISCOGRAPHY [CHANNEL NEO]/[2012] Macadelic (Mixtape)/13 - Angels (When She Shuts Her Eyes) (prod. Clams Casino).mp3,136.0,Db,True,
MAC MILLER - DISCOGRAPHY [CHANNEL NEO]/[2012] Macadelic (Mixtape)/01 - Love Me As I Have Loved You (prod. Ritz Reynolds).mp3,83.4,C,True,
MAC MILLER - DISCOGRAPHY [CHANNEL NEO]/[2012] Macadelic (Mixtape)/17 - Fuck 'Em All (prod. ID Labs).mp3,152.0,Cm,True,
MAC MILLER - DISCOGRAPHY [CHANNEL NEO]/[2012] Macadelic (Mixtape)/11 - Ignorant (Feat. Cam'ron) (prod. Cardo).mp3,136.0,C#m,True,
MAC MILLER - DISCOGRAPHY [CHANNEL NEO]/[2012] Macadelic (Mixtape)/16 - America (Feat. Casey Veggies & Joey Bada$$) (prod. Hannibal King).mp3,89.1,Bm,True,
MAC MILLER - DISCOGRAPHY [CHANNEL NEO]/[2012] Macadelic (Mixtape)/10 - 1 Threw 8 (prod. Black Diamond).mp3,161.5,Bbm,True,
MAC MILLER - DISCOGRAPHY [CHANNEL NEO]/[2012] Macadelic (Mixtape)/12 - The Question (Feat. Lil Wayne) (prod. Wally West & ID Labs).mp3,136.0,Dm,True,
MAC MILLER - DISCOGRAPHY [CHANNEL NEO]/[2012] Macadelic (Mixtape)/03 - Loud (prod. ID Labs).mp3,143.6,Em,True,
MAC MILLER - DISCOGRAPHY [CHANNEL NEO]/[2012] Macadelic (Mixtape)/14 - Sunlight (Feat. Iman Omari) (prod. Teddy Roxpin).mp3,184.6,G#m,True,
MAC MILLER - DISCOGRAPHY [CHANNEL NEO]/[2012] Macadelic (Mixtape)/04 - Thoughts From A Balcony (prod. Sap).mp3,89.1,Bm,True,
MAC MILLER - DISCOGRAPHY [CHANNEL NEO]/[2012] Macadelic (Mixtape)/06 - Vitamins (prod. ID Labs).mp3,143.6,Eb,True,
MAC MILLER - DISCOGRAPHY [CHANNEL NEO]/[2010] Sour Hour (Mixtape)/12 - Mayo feat. Vintage Radio - Kee.mp3,89.1,Dm,True,
MAC MILLER - DISCOGRAPHY [CHANNEL NEO]/[2010] Sour Hour (Mixtape)/09 - Mac Miller - Flying Away (prod.mp3,161.5,C,True,
MAC MILLER - DISCOGRAPHY [CHANNEL NEO]/[2010] Sour Hour (Mixtape)/10 - Franchise - Ride Out (prod. Ic.mp3,152.0,C#m,True,
MAC MILLER - DISCOGRAPHY [CHANNEL NEO]/[2010] Sour Hour (Mixtape)/02 - B. White & Mayo feat. Mac Mill.mp3,161.5,A,True,
MAC MILLER - DISCOGRAPHY [CHANNEL NEO]/[2010] Sour Hour (Mixtape)/05 - Mac Miller - Crumblin' 'Erb Fr.mp3,89.1,F,True,
MAC MILLER - DISCOGRAPHY [CHANNEL NEO]/[2010] Sour Hour (Mixtape)/06 - Tip Tha-Ill Spit - Blow (prod..mp3,92.3,Bm,True,
MAC MILLER - DISCOGRAPHY [CHANNEL NEO]/[2010] Sour Hour (Mixtape)/04 - Franchise - Haze (prod. Big Je.mp3,161.5,Dm,True,
MAC MILLER - DISCOGRAPHY [CHANNEL NEO]/[2010] Sour Hour (Mixtape)/17 - Dee Goodz & Mac Miller - Doobi.mp3,143.6,F#,True,
MAC MILLER - DISCOGRAPHY [CHANNEL NEO]/[2010] Sour Hour (Mixtape)/18 - Bill The Kid & Mac Miller - Fe.mp3,80.7,Dm,True,
MAC MILLER - DISCOGRAPHY [CHANNEL NEO]/[2010] Sour Hour (Mixtape)/11 - Chevy Woods aka Kev Tha Hustla.mp3,172.3,D#m,True,
MAC MILLER - DISCOGRAPHY [CHANNEL NEO]/[2010] Sour Hour (Mixtape)/07 - Vintage Radio - That Music (pr.mp3,161.5,D#m,True,
MAC MILLER - DISCOGRAPHY [CHANNEL NEO]/[2010] Sour Hour (Mixtape)/16 - Mac Miller - Blunt Of My Mind.mp3,112.3,G,True,
MAC MILLER - DISCOGRAPHY [CHANNEL NEO]/[2010] Sour Hour (Mixtape)/13 - Tip Tha Ill-Spit - Haze Heads.mp3,95.7,Bm,True,
MAC MILLER - DISCOGRAPHY [CHANNEL NEO]/[2010] Sour Hour (Mixtape)/01 - Mac Miller - So Gone (prod. Bi.mp3,161.5,E,True,
MAC MILLER - DISCOGRAPHY [CHANNEL NEO]/[2010] Sour Hour (Mixtape)/19 - BONUS  Mac Miller - Miley Cyru.mp3,95.7,E,True,
MAC MILLER - DISCOGRAPHY [CHANNEL NEO]/[2010] Sour Hour (Mixtape)/03 - Boaz - California Sunshine Fre.mp3,143.6,D#m,True,
MAC MILLER - DISCOGRAPHY [CHANNEL NEO]/[2010] Sour Hour (Mixtape)/14 - BZE - Get High Freestyle.mp3,172.3,Bm,True,
MAC MILLER - DISCOGRAPHY [CHANNEL NEO]/[2010] Sour Hour (Mixtape)/08 - Lay Lanskey - Hazey.mp3,172.3,Am,True,
MAC MILLER - DISCOGRAPHY [CHANNEL NEO]/[2010] Sour Hour (Mixtape)/15 - Mac Miller - Lost (prod. J. St.mp3,129.2,Cm,True,
"MAC MILLER - DISCOGRAPHY [CHANNEL NEO]/[2011] I Love Life, Thank You (Mixtape)/06 - Pranks 4 Players (feat. Sir Michael Rocks) (prod. Cardo).mp3",107.7,Fm,True,
"MAC MILLER - DISCOGRAPHY [CHANNEL NEO]/[2011] I Love Life, Thank You (Mixtape)/09 - The Miller Family Reunion (prod. Big Jerm).mp3",95.7,Em,True,
"MAC MILLER - DISCOGRAPHY [CHANNEL NEO]/[2011] I Love Life, Thank You (Mixtape)/07 - Cold Feet (prod. Clams Casino).mp3",99.4,E,True,
"MAC MILLER - DISCOGRAPHY [CHANNEL NEO]/[2011] I Love Life, Thank You (Mixtape)/11 - Just A Kid (prod. E Dan).mp3",95.7,Cm,True,
"MAC MILLER - DISCOGRAPHY [CHANNEL NEO]/[2011] I Love Life, Thank You (Mixtape)/01 - I Love Life, Thank You (prod. Brandun Deshay).mp3",92.3,Dm,True,
"MAC MILLER - DISCOGRAPHY [CHANNEL NEO]/[2011] I Love Life, Thank You (Mixtape)/02 - People Under The Stairs.mp3",89.1,C#m,True,
"MAC MILLER - DISCOGRAPHY [CHANNEL NEO]/[2011] I Love Life, Thank You (Mixtape)/03 - Willie Dynamite (prod. Big Jerm).mp3",86.1,Em,True,
"MAC MILLER - DISCOGRAPHY [CHANNEL NEO]/[2011] I Love Life, Thank You (Mixtape)/08 - Family First (feat. Talib Kweli) (prod. Like).mp3",86.1,Fm,True,
"MAC MILLER - DISCOGRAPHY [CHANNEL NEO]/[2011] I Love Life, Thank You (Mixtape)/13 - All This (prod. E Dan).mp3",80.7,Cm,True,
"MAC MILLER - DISCOGRAPHY [CHANNEL NEO]/[2011] I Love Life, Thank You (Mixtape)/04 - The Scoop On Heaven (prod. 9th Wonder).mp3",198.8,E,True,
"MAC MILLER - DISCOGRAPHY [CHANNEL NEO]/[2011] I Love Life, Thank You (Mixtape)/10 - Boom Bap Rap (feat. The Come Up) (prod. Mac Miller & Big Jerm).mp3",89.1,F#m,True,
"MAC MILLER - DISCOGRAPHY [CHANNEL NEO]/[2011] I Love Life, Thank You (Mixtape)/12 - All That (feat. Bun B) (prod. E Dan).mp3",86.1,D#m,True,
"MAC MILLER - DISCOGRAPHY [CHANNEL NEO]/[2011] I Love Life, Thank You (Mixtape)/05 - Love Lost (prod. Black Diamond).mp3",112.3,Bb,True,
MAC MILLER - DISCOGRAPHY [CHANNEL NEO]/[2012] Talk About (Mixtape)/12 - The Hold Up.mp3,92.3,Fm,True,
MAC MILLER - DISCOGRAPHY [CHANNEL NEO]/[2012] Talk About (Mixtape)/04 - Do It Again.mp3,89.1,Db,True,
MAC MILLER - DISCOGRAPHY [CHANNEL NEO]/[2012] Talk About (Mixtape)/17 - The Ill Children (Feat. Lip The Kid).mp3,89.1,Bm,True,
MAC MILLER - DISCOGRAPHY [CHANNEL NEO]/[2012] Talk About (Mixtape)/13  - Childs Play (Freestyle) (Feat. Ghost Writer).mp3,172.3,Em,True,
MAC MILLER - DISCOGRAPHY [CHANNEL NEO]/[2012] Talk About (Mixtape)/18 - Aint I (Freestyle) (Feat. Big Will).mp3,117.5,D#m,True,
MAC MILLER - DISCOGRAPHY [CHANNEL NEO]/[2012] Talk About (Mixtape)/09 - Whatup Dilla.mp3,95.7,G#m,True,
MAC MILLER - DISCOGRAPHY [CHANNEL NEO]/[2012] Talk About (Mixtape)/07 - Open Ya Eyes (Feat. Plain English).mp3,92.3,F#m,True,
MAC MILLER - DISCOGRAPHY [CHANNEL NEO]/[2012] Talk About (Mixtape)/14 - Same Old Shit (Feat. Plain English).mp3,92.3,F#m,True,
MAC MILLER - DISCOGRAPHY [CHANNEL NEO]/[2012] Talk About (Mixtape)/10 - Like Aaay.mp3,92.3,Bbm,True,
MAC MILLER - DISCOGRAPHY [CHANNEL NEO]/[2012] Talk About (Mixtape)/02 - Tryna Get Blazed.mp3,86.1,C#m,True,
MAC MILLER - DISCOGRAPHY [CHANNEL NEO]/[2012] Talk About (Mixtape)/01 - Crusin.mp3,161.5,Dm,True,
MAC MILLER - DISCOGRAPHY [CHANNEL NEO]/[2012] Talk About (Mixtape)/16 - Know Bout That.mp3,92.3,Em,True,
MAC MILLER - DISCOGRAPHY [CHANNEL NEO]/[2012] Talk About (Mixtape)/11  - What It Is (Feat. Franchise).mp3,86.1,D#m,True,
MAC MILLER - DISCOGRAPHY [CHANNEL NEO]/[2012] Talk About (Mixtape)/06 - I Am Legend (Feat. John Record).mp3,92.3,Em,True,
MAC MILLER - DISCOGRAPHY [CHANNEL NEO]/[2012] Talk About (Mixtape)/03 - How Sick Am I.mp3,99.4,Am,True,
MAC MILLER - DISCOGRAPHY [CHANNEL NEO]/[2012] Talk About (Mixtape)/19 - Gotcha Opin.mp3,92.3,G#m,True,
MAC MILLER - DISCOGRAPHY [CHANNEL NEO]/[2012] Talk About (Mixtape)/15 - The Real.mp3,95.7,Dm,True,
MAC MILLER - DISCOGRAPHY [CHANNEL NEO]/[2012] Talk About (Mixtape)/08 - Say Goodnight (Freestyle) (Feat. Vintage).mp3,184.6,Fm,True,
MAC MILLER - DISCOGRAPHY [CHANNEL NEO]/[2012] Talk About (Mixtape)/05 - Bring It On (Feat. Wild Bill).mp3,92.3,F#m,True,
Joey Bada$$ - 1999/05 - Killuminati.mp3,112.3,Bbm,True,
Joey Bada$$ - 1999/12 - Don't Front.mp3,95.7,Gm,True,
Joey Bada$$ - 1999/13 - Righteous Minds.mp3,95.7,C#m,True,
Joey Bada$$ - 1999/02 - Waves.mp3,123.0,Ab,True,
Joey Bada$$ - 1999/08 - Pennyroyal.mp3,184.6,Bbm,True,
Joey Bada$$ - 1999/07 - World Domination.mp3,161.5,F#m,True,
Joey Bada$$ - 1999/10 - Daily Routine.mp3,161.5,B,True,
Joey Bada$$ - 1999/09 - Funky Ho'$.mp3,172.3,Gm,True,
Joey Bada$$ - 1999/06 - Hardknock.mp3,161.5,Dm,True,
Joey Bada$$ - 1999/14 - Where It'$ At_.mp3,161.5,Cm,True,
Joey Bada$$ - 1999/15 - Third Eye Sh_t.mp3,129.2,Dm,True,
Joey Bada$$ - 1999/03 - FromdaTomb$.mp3,92.3,Dm,True,
Joey Bada$$ - 1999/04 - Survival Tactics.mp3,99.4,Am,True,
Joey Bada$$ - 1999/11 - Snakes.mp3,161.5,Am,True,
Joey Bada$$ - 1999/01 - Summer Knights.mp3,95.7,G,True,
Heavy Crownz - Trench Baby Turned Farmer Rap  Hip-Hop  (2026) 320_kbps Beats⭐/Heavy Crownz - Trench Baby Turned Farmer Rap  Hip-Hop  (2026) 320_kbps Beats⭐/01. This is a Unique Intro feat. EWRKS.mp3,95.7,F#m,True,
Heavy Crownz - Trench Baby Turned Farmer Rap  Hip-Hop  (2026) 320_kbps Beats⭐/Heavy Crownz - Trench Baby Turned Farmer Rap  Hip-Hop  (2026) 320_kbps Beats⭐/16. Grow Again feat. Mother Nature.mp3,92.3,Eb,True,
"Heavy Crownz - Trench Baby Turned Farmer Rap  Hip-Hop  (2026) 320_kbps Beats⭐/Heavy Crownz - Trench Baby Turned Farmer Rap  Hip-Hop  (2026) 320_kbps Beats⭐/14. 2,019 Sacrifices feat. Manasseh.mp3",123.0,A,True,
Heavy Crownz - Trench Baby Turned Farmer Rap  Hip-Hop  (2026) 320_kbps Beats⭐/Heavy Crownz - Trench Baby Turned Farmer Rap  Hip-Hop  (2026) 320_kbps Beats⭐/05. The Lack Mindset Interlude feat. Sam Thousand.mp3,103.4,A,True,
Heavy Crownz - Trench Baby Turned Farmer Rap  Hip-Hop  (2026) 320_kbps Beats⭐/Heavy Crownz - Trench Baby Turned Farmer Rap  Hip-Hop  (2026) 320_kbps Beats⭐/19. This is Why feat. The O'My's.mp3,86.1,Bbm,True,
Heavy Crownz - Trench Baby Turned Farmer Rap  Hip-Hop  (2026) 320_kbps Beats⭐/Heavy Crownz - Trench Baby Turned Farmer Rap  Hip-Hop  (2026) 320_kbps Beats⭐/15. Just Keep Growing Interlude feat. Chelle G.mp3,86.1,Db,True,
Heavy Crownz - Trench Baby Turned Farmer Rap  Hip-Hop  (2026) 320_kbps Beats⭐/Heavy Crownz - Trench Baby Turned Farmer Rap  Hip-Hop  (2026) 320_kbps Beats⭐/06. Englewood in '09.mp3,86.1,Fm,True,
Heavy Crownz - Trench Baby Turned Farmer Rap  Hip-Hop  (2026) 320_kbps Beats⭐/Heavy Crownz - Trench Baby Turned Farmer Rap  Hip-Hop  (2026) 320_kbps Beats⭐/09. Ball Courts feat. Panamera P & Ju Jilla.mp3,161.5,C#m,True,
Heavy Crownz - Trench Baby Turned Farmer Rap  Hip-Hop  (2026) 320_kbps Beats⭐/Heavy Crownz - Trench Baby Turned Farmer Rap  Hip-Hop  (2026) 320_kbps Beats⭐/12. Same Conversations feat. JAAS.mp3,103.4,Em,True,
Heavy Crownz - Trench Baby Turned Farmer Rap  Hip-Hop  (2026) 320_kbps Beats⭐/Heavy Crownz - Trench Baby Turned Farmer Rap  Hip-Hop  (2026) 320_kbps Beats⭐/04. Clap for Me!.mp3,152.0,Em,True,
Heavy Crownz - Trench Baby Turned Farmer Rap  Hip-Hop  (2026) 320_kbps Beats⭐/Heavy Crownz - Trench Baby Turned Farmer Rap  Hip-Hop  (2026) 320_kbps Beats⭐/17. Time Travelin' feat. Rhymefest.mp3,161.5,E,True,
Heavy Crownz - Trench Baby Turned Farmer Rap  Hip-Hop  (2026) 320_kbps Beats⭐/Heavy Crownz - Trench Baby Turned Farmer Rap  Hip-Hop  (2026) 320_kbps Beats⭐/07. Trench Baby Turned Farmer.mp3,129.2,Am,True,
Heavy Crownz - Trench Baby Turned Farmer Rap  Hip-Hop  (2026) 320_kbps Beats⭐/Heavy Crownz - Trench Baby Turned Farmer Rap  Hip-Hop  (2026) 320_kbps Beats⭐/02. The Diryte Minded Interlude.mp3,152.0,F#m,True,
Heavy Crownz - Trench Baby Turned Farmer Rap  Hip-Hop  (2026) 320_kbps Beats⭐/Heavy Crownz - Trench Baby Turned Farmer Rap  Hip-Hop  (2026) 320_kbps Beats⭐/03. Str8 Up Diryte Talk feat. Arden Bee.mp3,143.6,Eb,True,
"Heavy Crownz - Trench Baby Turned Farmer Rap  Hip-Hop  (2026) 320_kbps Beats⭐/Heavy Crownz - Trench Baby Turned Farmer Rap  Hip-Hop  (2026) 320_kbps Beats⭐/10. D.A.R.E. Failed Us feat. Gr8Sky, Vic Spencer & JEFF K%NZ.mp3",152.0,Dm,True,
Heavy Crownz - Trench Baby Turned Farmer Rap  Hip-Hop  (2026) 320_kbps Beats⭐/Heavy Crownz - Trench Baby Turned Farmer Rap  Hip-Hop  (2026) 320_kbps Beats⭐/08. Flowers for da Big Homies feat. Pugs Atomz & GLC.mp3,143.6,Cm,True,
Heavy Crownz - Trench Baby Turned Farmer Rap  Hip-Hop  (2026) 320_kbps Beats⭐/Heavy Crownz - Trench Baby Turned Farmer Rap  Hip-Hop  (2026) 320_kbps Beats⭐/11. Trench Babies Need Love Too Interlude.mp3,136.0,Am,True,
"Heavy Crownz - Trench Baby Turned Farmer Rap  Hip-Hop  (2026) 320_kbps Beats⭐/Heavy Crownz - Trench Baby Turned Farmer Rap  Hip-Hop  (2026) 320_kbps Beats⭐/13. How to Win Friends feat. Elton Aura, Achillez & Lilla Sol.mp3",143.6,C,True,
Heavy Crownz - Trench Baby Turned Farmer Rap  Hip-Hop  (2026) 320_kbps Beats⭐/Heavy Crownz - Trench Baby Turned Farmer Rap  Hip-Hop  (2026) 320_kbps Beats⭐/18. A Son's Dream feat. Lilla Sol.mp3,95.7,Am,True,
Kanser-Future_Retro_Legacy-2008-FTD/04-kanser-save_the_day-ftd.mp3,95.7,Am,True,
Kanser-Future_Retro_Legacy-2008-FTD/08-kanser-life_symphony-ftd.mp3,161.5,Em,True,
Kanser-Future_Retro_Legacy-2008-FTD/05-kanser-east_lake_lullaby-ftd.mp3,89.1,Bm,True,
Kanser-Future_Retro_Legacy-2008-FTD/10-kanser-god_made_girls-ftd.mp3,95.7,Bbm,True,
Kanser-Future_Retro_Legacy-2008-FTD/03-kanser-coming_out_again_(the_sunshine_song)-ftd.mp3,92.3,Dm,True,
Kanser-Future_Retro_Legacy-2008-FTD/09-kanser-interlude-ftd.mp3,89.1,C#m,True,
Kanser-Future_Retro_Legacy-2008-FTD/01-kanser-once_again-ftd.mp3,136.0,Fm,True,
Kanser-Future_Retro_Legacy-2008-FTD/13-kanser-legacy-ftd.mp3,86.1,C,True,
Kanser-Future_Retro_Legacy-2008-FTD/07-kanser-beaut-e-ftd.mp3,99.4,Gm,True,
Kanser-Future_Retro_Legacy-2008-FTD/02-kanser-pleasent-ftd.mp3,95.7,Bm,True,
Kanser-Future_Retro_Legacy-2008-FTD/12-kanser-hands_on_my_time-ftd.mp3,89.1,Bbm,True,
Kanser-Future_Retro_Legacy-2008-FTD/11-kanser-we_dont_know_jack-ftd.mp3,89.1,Dm,True,
Kanser-Future_Retro_Legacy-2008-FTD/06-kanser-tinseltown-ftd.mp3,95.7,Dm,True,
Eminem/08. Antichrist.mp3,99.4,A,True,
Eminem/05. Evil.mp3,161.5,F#m,True,
Eminem/02. Habits.mp3,99.4,Fm,True,
Eminem/14. Head Honcho.mp3,172.3,Bm,True,
Eminem/19. Somebody Save Me.mp3,184.6,Cm,True,
Eminem/11. Houdini.mp3,129.2,Cm,True,
Eminem/07. Lucifer.mp3,161.5,Bbm,True,
Eminem/12. Breaking News (skit).mp3,123.0,Fm,True,
Eminem/15. Temporary.mp3,161.5,G,True,
Eminem/18. Guess Who’s Back (skit).mp3,99.4,Fm,True,
Eminem/06. All You Got (skit).mp3,99.4,Dm,True,
Eminem/09. Fuel.mp3,136.0,G#m,True,
Eminem/16. Bad One.mp3,143.6,Gm,True,
Eminem/17. Tobey.mp3,136.0,Am,True,
Eminem/04. Brand New Dance.mp3,117.5,Am,True,
Eminem/01. Renaissance.mp3,99.4,Fm,True,
Eminem/13. Guilty Conscience 2.mp3,161.5,Fm,True,
Eminem/10. Road Rage.mp3,95.7,Fm,True,
Eminem/03. Trouble.mp3,161.5,Fm,True,
Eminem/Misc/Encore - Extra/02-02 Eminem - Love You More.flac,123.0,G#m,True,
Eminem/Misc/Encore - Extra/02-03 Eminem - Ricky Ticky Toc.flac,86.1,Db,True,
Eminem/Misc/Encore - Extra/02-01 Eminem - We as Americans.flac,112.3,G#m,True,
Eminem/Misc/Music To Be Murdered By - Side B/11 - Key (Skit).flac,161.5,F#m,True,
Eminem/Misc/Music To Be Murdered By - Side B/03 - Alfred’s Theme.flac,95.7,Em,True,
Eminem/Misc/Music To Be Murdered By - Side B/09 - Higher.flac,152.0,F#,True,
Eminem/Misc/Music To Be Murdered By - Side B/07 - Guns Blazing.flac,117.5,Am,True,
Eminem/Misc/Music To Be Murdered By - Side B/05 - Book of Rhymes.flac,136.0,F#m,True,
Eminem/Misc/Music To Be Murdered By - Side B/04 - Tone Deaf.flac,117.5,Gm,True,
Eminem/Misc/Music To Be Murdered By - Side B/01 - Alfred (Intro).flac,112.3,C#m,True,
Eminem/Misc/Music To Be Murdered By - Side B/12 - She Loves Me.flac,161.5,D#m,True,
Eminem/Misc/Music To Be Murdered By - Side B/15 - Thus Far (Interlude).flac,152.0,Fm,True,
Eminem/Misc/Music To Be Murdered By - Side B/14 - Zeus.flac,89.1,D#m,True,
Eminem/Misc/Music To Be Murdered By - Side B/16 - Discombobulated.flac,86.1,Gm,True,
Eminem/Misc/Music To Be Murdered By - Side B/02 - Black Magic.flac,69.8,G#m,True,
Eminem/Misc/Music To Be Murdered By - Side B/13 - Killer.flac,99.4,D#m,True,
Eminem/Misc/Music To Be Murdered By - Side B/08 - Gnat.flac,143.6,F#m,True,
Eminem/Misc/Music To Be Murdered By - Side B/06 - Favorite Bitch.flac,112.3,F#,True,
Eminem/Misc/Music To Be Murdered By - Side B/10 - These Demons.flac,136.0,F#m,True,
Eminem/Eminem - Infinite [24bit-96kHz]/07 Open Mic (Feat. Thyme).flac,89.1,G#m,True,
Eminem/Eminem - Infinite [24bit-96kHz]/06 Maxine (Feat. Kon Artis & Three).flac,86.1,Am,True,
Eminem/Eminem - Infinite [24bit-96kHz]/04 Tonite.flac,92.3,D#m,True,
Eminem/Eminem - Infinite [24bit-96kHz]/08 Never 2 Far (Feat. Kon Artis).flac,95.7,D#m,True,
Eminem/Eminem - Infinite [24bit-96kHz]/09 Searchin' (Feat. Eye Kyu).flac,89.1,F,True,
Eminem/Eminem - Infinite [24bit-96kHz]/01 Infinite.flac,161.5,Bm,True,
Eminem/Eminem - Infinite [24bit-96kHz]/02 W.E.G.O. (Feat. Proof & DJ Head).flac,117.5,Bbm,True,
Eminem/Eminem - Infinite [24bit-96kHz]/03 It's O.K. (Feat. Eye Kyu).flac,89.1,Bm,True,
Eminem/Eminem - Infinite [24bit-96kHz]/05 313 (Feat. Eye Kyu).flac,89.1,Bbm,True,
Eminem/Eminem - Infinite [24bit-96kHz]/11 Jealousy Woes II.flac,86.1,Fm,True,
Eminem/Eminem - Infinite [24bit-96kHz]/10 Backstabber.flac,184.6,G#m,True,
Eminem/[1999] The Slim Shady LP (1999 Interscope Records INT2-90287 Original US Pressing) [24-96]/Eminem - 05 - Paul.flac,143.6,Bm,True,
Eminem/[1999] The Slim Shady LP (1999 Interscope Records INT2-90287 Original US Pressing) [24-96]/Eminem - 20 - Still Don't Give A Fuck.flac,89.1,Ab,True,
Eminem/[1999] The Slim Shady LP (1999 Interscope Records INT2-90287 Original US Pressing) [24-96]/Eminem - 15 - Just Don't Give A Fuck.flac,172.3,Cm,True,
Eminem/[1999] The Slim Shady LP (1999 Interscope Records INT2-90287 Original US Pressing) [24-96]/Eminem - 16 - Soap.flac,107.7,F#m,True,
Eminem/[1999] The Slim Shady LP (1999 Interscope Records INT2-90287 Original US Pressing) [24-96]/Eminem - 07 - 97' Bonnie & Clyde.flac,92.3,Cm,True,
Eminem/[1999] The Slim Shady LP (1999 Interscope Records INT2-90287 Original US Pressing) [24-96]/Eminem - 03 - Guilty Conscience.flac,92.3,Dm,True,
Eminem/[1999] The Slim Shady LP (1999 Interscope Records INT2-90287 Original US Pressing) [24-96]/Eminem - 08 - Bitch.flac,92.3,Bm,True,
Eminem/[1999] The Slim Shady LP (1999 Interscope Records INT2-90287 Original US Pressing) [24-96]/Eminem - 06 - If I Had.flac,172.3,Bb,True,
Eminem/[1999] The Slim Shady LP (1999 Interscope Records INT2-90287 Original US Pressing) [24-96]/Eminem - 04 - Brain Damage.flac,95.7,Bb,True,
Eminem/[1999] The Slim Shady LP (1999 Interscope Records INT2-90287 Original US Pressing) [24-96]/Eminem - 02 - My Name Is.flac,86.1,Dm,True,
Eminem/[1999] The Slim Shady LP (1999 Interscope Records INT2-90287 Original US Pressing) [24-96]/Eminem - 13 - Cum On Everybody.flac,103.4,D#m,True,
Eminem/[1999] The Slim Shady LP (1999 Interscope Records INT2-90287 Original US Pressing) [24-96]/Eminem - 18 - I'm Shady.flac,184.6,Dm,True,
Eminem/[1999] The Slim Shady LP (1999 Interscope Records INT2-90287 Original US Pressing) [24-96]/Eminem - 17 - As The World Turns.flac,95.7,G#m,True,
Eminem/[1999] The Slim Shady LP (1999 Interscope Records INT2-90287 Original US Pressing) [24-96]/Eminem - 14 - Rock Bottom.flac,92.3,F#m,True,
Eminem/[1999] The Slim Shady LP (1999 Interscope Records INT2-90287 Original US Pressing) [24-96]/Eminem - 09 - Role Model.flac,92.3,Dm,True,
Eminem/[1999] The Slim Shady LP (1999 Interscope Records INT2-90287 Original US Pressing) [24-96]/Eminem - 11 - My Fault.flac,95.7,Fm,True,
Eminem/[1999] The Slim Shady LP (1999 Interscope Records INT2-90287 Original US Pressing) [24-96]/Eminem - 10 - Lounge.flac,107.7,F#,True,
Eminem/[1999] The Slim Shady LP (1999 Interscope Records INT2-90287 Original US Pressing) [24-96]/Eminem - 01 - Public Service Announcment.flac,112.3,Cm,True,
Eminem/[1999] The Slim Shady LP (1999 Interscope Records INT2-90287 Original US Pressing) [24-96]/Eminem - 19 - Bad Meets Evil.flac,95.7,D#m,True,
Eminem/[1999] The Slim Shady LP (1999 Interscope Records INT2-90287 Original US Pressing) [24-96]/Eminem - 12 - Ken Kaniff.flac,172.3,F#,True,
Eminem/Eminem-The Eminem Show (Expanded Edition)-2002-FLAC24/02-White America.flac,152.0,B,True,
Eminem/Eminem-The Eminem Show (Expanded Edition)-2002-FLAC24/17-Say What You Say [ft Dr. Dre].flac,107.7,Bb,True,
"Eminem/Eminem-The Eminem Show (Expanded Edition)-2002-FLAC24/27-Freestyle (#2) (Live At Tramps, New York, 1999).flac",117.5,Bbm,True,
"Eminem/Eminem-The Eminem Show (Expanded Edition)-2002-FLAC24/25-Freestyle (#1) (Live At Tramps, New York, 1999).flac",136.0,D#m,True,
Eminem/Eminem-The Eminem Show (Expanded Edition)-2002-FLAC24/01-Curtains Up (Skit).flac,83.4,B,True,
Eminem/Eminem-The Eminem Show (Expanded Edition)-2002-FLAC24/15-Steve Berman (Skit).flac,107.7,Bm,True,
Eminem/Eminem-The Eminem Show (Expanded Edition)-2002-FLAC24/36-Superman (Instrumental).flac,129.2,Ab,True,
Eminem/Eminem-The Eminem Show (Expanded Edition)-2002-FLAC24/35-Sing For The Moment (Instrumental).flac,161.5,Em,True,
Eminem/Eminem-The Eminem Show (Expanded Edition)-2002-FLAC24/05-Square Dance.flac,161.5,Am,True,
Eminem/Eminem-The Eminem Show (Expanded Edition)-2002-FLAC24/37-Say What You Say (Instrumental).flac,123.0,Bb,True,
Eminem/Eminem-The Eminem Show (Expanded Edition)-2002-FLAC24/20-Curtains Close (skit).flac,99.4,F#m,True,
Eminem/Eminem-The Eminem Show (Expanded Edition)-2002-FLAC24/34-Without Me (Instrumental).flac,112.3,Dm,True,
Eminem/Eminem-The Eminem Show (Expanded Edition)-2002-FLAC24/22-The Conspiracy Freestyle.flac,95.7,Cm,True,
Eminem/Eminem-The Eminem Show (Expanded Edition)-2002-FLAC24/13-Superman [ft Dina Rae].flac,129.2,Ab,True,
Eminem/Eminem-The Eminem Show (Expanded Edition)-2002-FLAC24/11-Paul Rosenberg (Skit).flac,129.2,Gm,True,
Eminem/Eminem-The Eminem Show (Expanded Edition)-2002-FLAC24/18-Till I Collapse [ft Nate Dogg].flac,172.3,G#m,True,
Eminem/Eminem-The Eminem Show (Expanded Edition)-2002-FLAC24/06-The Kiss (Skit).flac,95.7,F#m,True,
Eminem/Eminem-The Eminem Show (Expanded Edition)-2002-FLAC24/07-Soldier.flac,123.0,A,True,
Eminem/Eminem-The Eminem Show (Expanded Edition)-2002-FLAC24/14-Hailie's Song.flac,80.7,Cm,True,
"Eminem/Eminem-The Eminem Show (Expanded Edition)-2002-FLAC24/26-Brain Damage (Live At Tramps, New York, 1999).flac",95.7,Gm,True,
Eminem/Eminem-The Eminem Show (Expanded Edition)-2002-FLAC24/31-Business (Instrumental).flac,95.7,Bbm,True,
"Eminem/Eminem-The Eminem Show (Expanded Edition)-2002-FLAC24/29-The Way I Am (Live At The Fuji Rock Festival, 2001) [ft Proof].flac",117.5,Cm,True,
Eminem/Eminem-The Eminem Show (Expanded Edition)-2002-FLAC24/38-Till I Collapse (Instrumental).flac,86.1,G#m,True,
Eminem/Eminem-The Eminem Show (Expanded Edition)-2002-FLAC24/32-Cleanin' Out My Closet (Instrumental).flac,99.4,Cm,True,
"Eminem/Eminem-The Eminem Show (Expanded Edition)-2002-FLAC24/28-Just Don't Give A Fuck (Live At Tramps, New York, 1999).flac",103.4,Bbm,True,
Eminem/Eminem-The Eminem Show (Expanded Edition)-2002-FLAC24/08-Say Goodbye Hollywood.flac,95.7,Cm,True,
Eminem/Eminem-The Eminem Show (Expanded Edition)-2002-FLAC24/16-When The Music Stops [ft D-12].flac,92.3,G#m,True,
Eminem/Eminem-The Eminem Show (Expanded Edition)-2002-FLAC24/03-Business.flac,95.7,Bbm,True,
"Eminem/Eminem-The Eminem Show (Expanded Edition)-2002-FLAC24/23-Bump Heads [ft 50 Cent, Lloyd Banks, Tony Yayo].flac",184.6,Gm,True,
Eminem/Eminem-The Eminem Show (Expanded Edition)-2002-FLAC24/19-My Dad's Gone Crazy.flac,89.1,Fm,True,
"Eminem/Eminem-The Eminem Show (Expanded Edition)-2002-FLAC24/30-The Real Slim Shady (Live At The Fuji Rock Festival, 2001) [ft Proof].flac",103.4,Am,True,
Eminem/Eminem-The Eminem Show (Expanded Edition)-2002-FLAC24/33-Square Dance (Instrumental).flac,83.4,Am,True,
"Eminem/Eminem-The Eminem Show (Expanded Edition)-2002-FLAC24/24-Jimmy, Brian And Mike (Previously Unreleased).flac",107.7,Ab,True,
Eminem/Eminem-The Eminem Show (Expanded Edition)-2002-FLAC24/10-Without Me.flac,112.3,Dm,True,
Eminem/Eminem-The Eminem Show (Expanded Edition)-2002-FLAC24/12-Sing For The Moment.flac,161.5,Em,True,
Eminem/Eminem-The Eminem Show (Expanded Edition)-2002-FLAC24/04-Cleanin' Out My Closet.flac,99.4,Cm,True,
Eminem/Eminem-The Eminem Show (Expanded Edition)-2002-FLAC24/21-Stimulate.flac,89.1,Gm,True,
Eminem/Eminem-The Eminem Show (Expanded Edition)-2002-FLAC24/09-Drips [ft Obie Trice].flac,83.4,Dm,True,
Eminem/Eminem - Relapse (2009) [Vinyl-FLAC-24-96] {B0012863-01}/D4 Underground.flac,117.5,F#m,True,
Eminem/Eminem - Relapse (2009) [Vinyl-FLAC-24-96] {B0012863-01}/B1 Hello.flac,95.7,Bm,True,
Eminem/Eminem - Relapse (2009) [Vinyl-FLAC-24-96] {B0012863-01}/C4 Must Be The Ganja.flac,172.3,Em,True,
Eminem/Eminem - Relapse (2009) [Vinyl-FLAC-24-96] {B0012863-01}/A1 Dr. West (Skit).flac,117.5,Ab,True,
Eminem/Eminem - Relapse (2009) [Vinyl-FLAC-24-96] {B0012863-01}/B3 Same Song & Dance.flac,107.7,Bm,True,
Eminem/Eminem - Relapse (2009) [Vinyl-FLAC-24-96] {B0012863-01}/A5 Bagpipes From Baghdad.flac,92.3,Am,True,
Eminem/Eminem - Relapse (2009) [Vinyl-FLAC-24-96] {B0012863-01}/C3 Old Time's Sake.flac,89.1,F#m,True,
Eminem/Eminem - Relapse (2009) [Vinyl-FLAC-24-96] {B0012863-01}/B5 Medicine Ball.flac,117.5,Em,True,
Eminem/Eminem - Relapse (2009) [Vinyl-FLAC-24-96] {B0012863-01}/C6 Déjà Vu.flac,89.1,Fm,True,
Eminem/Eminem - Relapse (2009) [Vinyl-FLAC-24-96] {B0012863-01}/A4 Insane.flac,103.4,Cm,True,
Eminem/Eminem - Relapse (2009) [Vinyl-FLAC-24-96] {B0012863-01}/D1 Beautiful.flac,129.2,Em,True,
Eminem/Eminem - Relapse (2009) [Vinyl-FLAC-24-96] {B0012863-01}/D2 Crack A Bottle.flac,86.1,G#m,True,
Eminem/Eminem - Relapse (2009) [Vinyl-FLAC-24-96] {B0012863-01}/A2 3 A.M..flac,152.0,Cm,True,
Eminem/Eminem - Relapse (2009) [Vinyl-FLAC-24-96] {B0012863-01}/B2 Tonya (Skit).flac,103.4,Bm,True,
Eminem/Eminem - Relapse (2009) [Vinyl-FLAC-24-96] {B0012863-01}/A3 My Mom.flac,92.3,Em,True,
Eminem/Eminem - Relapse (2009) [Vinyl-FLAC-24-96] {B0012863-01}/D3 Steve Berman (Skit).flac,107.7,Bm,True,
Eminem/Eminem - Relapse (2009) [Vinyl-FLAC-24-96] {B0012863-01}/B4 We Made You.flac,112.3,Dm,True,
Eminem/Eminem - Relapse (2009) [Vinyl-FLAC-24-96] {B0012863-01}/C5 Mr. Mathers (Skit).flac,112.3,Fm,True,
Eminem/Eminem - Relapse (2009) [Vinyl-FLAC-24-96] {B0012863-01}/C2 Stay Wide Awake.flac,99.4,Bm,True,
Eminem/Eminem - Relapse (2009) [Vinyl-FLAC-24-96] {B0012863-01}/C1 Paul (Skit).flac,95.7,Bbm,True,
Eminem/Eminem - Music To Be Murdered By (2020) [Vinyl-FLAC-24-192] {B0031747-01}/B2 Darkness.flac,152.0,Bb,True,
Eminem/Eminem - Music To Be Murdered By (2020) [Vinyl-FLAC-24-192] {B0031747-01}/C5 Little Engine.flac,103.4,C#m,True,
Eminem/Eminem - Music To Be Murdered By (2020) [Vinyl-FLAC-24-192] {B0031747-01}/D4 Alfred (Outro).flac,143.6,G,True,
Eminem/Eminem - Music To Be Murdered By (2020) [Vinyl-FLAC-24-192] {B0031747-01}/A3 You Gon' Learn.flac,143.6,Fm,True,
Eminem/Eminem - Music To Be Murdered By (2020) [Vinyl-FLAC-24-192] {B0031747-01}/C6 Lock It Up.flac,136.0,B,True,
Eminem/Eminem - Music To Be Murdered By (2020) [Vinyl-FLAC-24-192] {B0031747-01}/D2 No Regrets.flac,136.0,Fm,True,
Eminem/Eminem - Music To Be Murdered By (2020) [Vinyl-FLAC-24-192] {B0031747-01}/A5 Those Kinda Nights.flac,103.4,Eb,True,
Eminem/Eminem - Music To Be Murdered By (2020) [Vinyl-FLAC-24-192] {B0031747-01}/C4 Never Love Again.flac,92.3,Dm,True,
Eminem/Eminem - Music To Be Murdered By (2020) [Vinyl-FLAC-24-192] {B0031747-01}/A6 In Too Deep.flac,89.1,E,True,
Eminem/Eminem - Music To Be Murdered By (2020) [Vinyl-FLAC-24-192] {B0031747-01}/A4 Alfred (Interlude).flac,136.0,G,True,
Eminem/Eminem - Music To Be Murdered By (2020) [Vinyl-FLAC-24-192] {B0031747-01}/D3 I Will.flac,99.4,Gm,True,
Eminem/Eminem - Music To Be Murdered By (2020) [Vinyl-FLAC-24-192] {B0031747-01}/C2 Stepdad.flac,143.6,F#m,True,
Eminem/Eminem - Music To Be Murdered By (2020) [Vinyl-FLAC-24-192] {B0031747-01}/D1 Farewell.flac,92.3,D#m,True,
Eminem/Eminem - Music To Be Murdered By (2020) [Vinyl-FLAC-24-192] {B0031747-01}/B3 Leaving Heaven.flac,172.3,F,True,
Eminem/Eminem - Music To Be Murdered By (2020) [Vinyl-FLAC-24-192] {B0031747-01}/A1 Premonition (Intro).flac,112.3,G,True,
Eminem/Eminem - Music To Be Murdered By (2020) [Vinyl-FLAC-24-192] {B0031747-01}/C1 Stepdad (Intro).flac,123.0,D,True,
Eminem/Eminem - Music To Be Murdered By (2020) [Vinyl-FLAC-24-192] {B0031747-01}/B1 Godzilla.flac,161.5,F#m,True,
Eminem/Eminem - Music To Be Murdered By (2020) [Vinyl-FLAC-24-192] {B0031747-01}/A2 Unaccommodating.flac,123.0,G#m,True,
Eminem/Eminem - Music To Be Murdered By (2020) [Vinyl-FLAC-24-192] {B0031747-01}/B4 Yah Yah.flac,92.3,A,True,
Eminem/Eminem - Music To Be Murdered By (2020) [Vinyl-FLAC-24-192] {B0031747-01}/C3 Marsh.flac,143.6,G#m,True,
Eminem/Eminem (2000) Marshall Mathers LP (1st US Vinyl 2496)/16 - Kim.flac,143.6,Fm,True,
Eminem/Eminem (2000) Marshall Mathers LP (1st US Vinyl 2496)/08 - The Real Slim Shady.flac,103.4,Gm,True,
Eminem/Eminem (2000) Marshall Mathers LP (1st US Vinyl 2496)/03 - Stan (feat. Dido).flac,161.5,C#m,True,
Eminem/Eminem (2000) Marshall Mathers LP (1st US Vinyl 2496)/13 - Drug Ballad.flac,103.4,Eb,True,
Eminem/Eminem (2000) Marshall Mathers LP (1st US Vinyl 2496)/02 - Kill You.flac,107.7,Bbm,True,
Eminem/Eminem (2000) Marshall Mathers LP (1st US Vinyl 2496)/18 - Criminal.flac,103.4,Fm,True,
Eminem/Eminem (2000) Marshall Mathers LP (1st US Vinyl 2496)/01 - Public Service Announcement 2000.flac,123.0,Dm,True,
Eminem/Eminem (2000) Marshall Mathers LP (1st US Vinyl 2496)/09 - Remember Me (feat. RBX & Sticky Fingaz).flac,89.1,Bm,True,
Eminem/Eminem (2000) Marshall Mathers LP (1st US Vinyl 2496)/05 - Who Knew.flac,99.4,Bbm,True,
Eminem/Eminem (2000) Marshall Mathers LP (1st US Vinyl 2496)/14 - Amityville (feat. Bizarre).flac,161.5,Gm,True,
Eminem/Eminem (2000) Marshall Mathers LP (1st US Vinyl 2496)/10 - I'm Back.flac,172.3,Fm,True,
Eminem/Eminem (2000) Marshall Mathers LP (1st US Vinyl 2496)/11 - Marshall Mathers.flac,95.7,Ab,True,
Eminem/Eminem (2000) Marshall Mathers LP (1st US Vinyl 2496)/04 - Paul (Skit).flac,129.2,Dm,True,
Eminem/Eminem (2000) Marshall Mathers LP (1st US Vinyl 2496)/17 - Under The Influence (feat. D12).flac,95.7,F#m,True,
"Eminem/Eminem (2000) Marshall Mathers LP (1st US Vinyl 2496)/15 - Bitch Please II (feat. Dr. Dre, Snoop Dogg, Xzibit & Nate Dogg).flac",95.7,Em,True,
Eminem/Eminem (2000) Marshall Mathers LP (1st US Vinyl 2496)/06 - Steve Berman.flac,107.7,Fm,True,
Eminem/Eminem (2000) Marshall Mathers LP (1st US Vinyl 2496)/12 - Ken Kaniff (Skit).flac,99.4,Dm,True,
Eminem/Eminem (2000) Marshall Mathers LP (1st US Vinyl 2496)/07 - The Way I Am.flac,117.5,Cm,True,
Eminem/Eminem - Revival (2017) [FLAC]/19 - Eminem - Arose.flac,152.0,Fm,True,
Eminem/Eminem - Revival (2017) [FLAC]/08 - Eminem - Revival (Interlude).flac,99.4,Eb,True,
Eminem/Eminem - Revival (2017) [FLAC]/15 - Eminem - Offended.flac,143.6,Em,True,
Eminem/Eminem - Revival (2017) [FLAC]/09 - Eminem feat. Alicia Keys - Like Home.flac,107.7,Am,True,
Eminem/Eminem - Revival (2017) [FLAC]/13 - Eminem feat Kehlani - Nowhere Fast.flac,78.3,Db,True,
Eminem/Eminem - Revival (2017) [FLAC]/07 - Eminem - Remind Me.flac,95.7,Fm,True,
Eminem/Eminem - Revival (2017) [FLAC]/03 - Eminem feat. Phresher - Chloraseptic.flac,129.2,D#m,True,
Eminem/Eminem - Revival (2017) [FLAC]/12 - Eminem - Framed.flac,143.6,F,True,
Eminem/Eminem - Revival (2017) [FLAC]/11 - Eminem feat. Skylar Grey - Tragic Endings.flac,80.7,Fm,True,
Eminem/Eminem - Revival (2017) [FLAC]/18 - Eminem - Castle.flac,172.3,Cm,True,
Eminem/Eminem - Revival (2017) [FLAC]/01 - Eminem feat. Beyonce - Walk On Water.flac,143.6,C,True,
Eminem/Eminem - Revival (2017) [FLAC]/14 - Eminem - Heat.flac,99.4,Cm,True,
Eminem/Eminem - Revival (2017) [FLAC]/02 - Eminem - Believe.flac,129.2,G#m,True,
Eminem/Eminem - Revival (2017) [FLAC]/05 - Eminem feat. Ed Sheeran - River.flac,89.1,C#m,True,
Eminem/Eminem - Revival (2017) [FLAC]/16 - Eminem feat. Pink - Need Me.flac,69.8,Cm,True,
Eminem/Eminem - Revival (2017) [FLAC]/17 - Eminem - In Your Head.flac,161.5,Em,True,
Eminem/Eminem - Revival (2017) [FLAC]/10 - Eminem feat. X Ambassadors - Bad Husband.flac,86.1,Am,True,
Eminem/Eminem - Revival (2017) [FLAC]/06 - Eminem - Remind Me (Intro).flac,73.8,A,True,
Eminem/Eminem - Revival (2017) [FLAC]/04 - Eminem - Untouchable.flac,89.1,Bbm,True,
Eminem/Eminem - Kamikaze (2018) [Vinyl-FLAC-24-192] {B0029211-01}/13 - Venom (Music From The Motion Picture).flac,136.0,Bbm,True,
Eminem/Eminem - Kamikaze (2018) [Vinyl-FLAC-24-192] {B0029211-01}/02 - Greatest.flac,161.5,Am,True,
Eminem/Eminem - Kamikaze (2018) [Vinyl-FLAC-24-192] {B0029211-01}/10 - Fall.flac,92.3,B,True,
Eminem/Eminem - Kamikaze (2018) [Vinyl-FLAC-24-192] {B0029211-01}/07 - Stepping Stone.flac,184.6,Dm,True,
Eminem/Eminem - Kamikaze (2018) [Vinyl-FLAC-24-192] {B0029211-01}/01 - The Ringer.flac,117.5,Em,True,
Eminem/Eminem - Kamikaze (2018) [Vinyl-FLAC-24-192] {B0029211-01}/05 - Normal.flac,123.0,Bm,True,
Eminem/Eminem - Kamikaze (2018) [Vinyl-FLAC-24-192] {B0029211-01}/06 - Em Calls Paul (Skit).flac,107.7,D#m,True,
Eminem/Eminem - Kamikaze (2018) [Vinyl-FLAC-24-192] {B0029211-01}/04 - Paul (Skit).flac,117.5,Fm,True,
Eminem/Eminem - Kamikaze (2018) [Vinyl-FLAC-24-192] {B0029211-01}/08 - Not Alike.flac,143.6,Cm,True,
Eminem/Eminem - Kamikaze (2018) [Vinyl-FLAC-24-192] {B0029211-01}/03 - Lucky You.flac,152.0,Em,True,
Eminem/Eminem - Kamikaze (2018) [Vinyl-FLAC-24-192] {B0029211-01}/09 - Kamikaze.flac,161.5,F#m,True,
Eminem/Eminem - Kamikaze (2018) [Vinyl-FLAC-24-192] {B0029211-01}/11 - Nice Guy.flac,136.0,Dm,True,
Eminem/Eminem - Kamikaze (2018) [Vinyl-FLAC-24-192] {B0029211-01}/12 - Good Guy.flac,89.1,C,True,
Eminem/[1997] Slim Shady (EP)/04 - Just Don't Give A Fuck.flac,83.4,F#,True,
Eminem/[1997] Slim Shady (EP)/09 - If I Had (Radio Edit).flac,172.3,Bb,True,
Eminem/[1997] Slim Shady (EP)/10 - Just Don't Give A Fuck (Radio Edit).flac,83.4,F#,True,
Eminem/[1997] Slim Shady (EP)/06 - Just The Two Of Us.flac,92.3,Cm,True,
Eminem/[1997] Slim Shady (EP)/08 - Murder Murder.flac,184.6,Gm,True,
Eminem/[1997] Slim Shady (EP)/03 - If I Had.flac,172.3,Bb,True,
Eminem/[1997] Slim Shady (EP)/05 - Mommy.flac,161.5,Bbm,True,
Eminem/[1997] Slim Shady (EP)/02 - Low Down Dirty.flac,161.5,Dm,True,
Eminem/[1997] Slim Shady (EP)/01 - Intro (Slim Shady).flac,117.5,Ab,True,
Eminem/[1997] Slim Shady (EP)/07 - No One's Iller (feat. Swift Bizarre Kid & Fuzz).flac,172.3,Bbm,True,
Eminem/2003 - Eminem - International Singles [Box Set] [FLAC]/Disk 8/03 - Hazardous Youth (Acappella).flac,107.7,C#m,True,
Eminem/2003 - Eminem - International Singles [Box Set] [FLAC]/Disk 8/02 - Guilty Conscience (Radio Version With Gunshots).flac,92.3,Dm,True,
Eminem/2003 - Eminem - International Singles [Box Set] [FLAC]/Disk 8/04 - Get You Mad.flac,92.3,Dm,True,
Eminem/2003 - Eminem - International Singles [Box Set] [FLAC]/Disk 8/01 - Stan (Radio Edit).flac,161.5,C#m,True,
Eminem/2003 - Eminem - International Singles [Box Set] [FLAC]/Disk 6/02 - Rabbit Run.flac,95.7,C#m,True,
Eminem/2003 - Eminem - International Singles [Box Set] [FLAC]/Disk 6/03 - Sing For The Moment (Instrumental).flac,161.5,Em,True,
Eminem/2003 - Eminem - International Singles [Box Set] [FLAC]/Disk 6/01 - Sing For The Moment.flac,161.5,Em,True,
Eminem/2003 - Eminem - International Singles [Box Set] [FLAC]/Disk 1/01 - My Name Is (Clean Version).flac,86.1,Dm,True,
Eminem/2003 - Eminem - International Singles [Box Set] [FLAC]/Disk 1/03 - My Name Is (Instrumental).flac,86.1,Dm,True,
Eminem/2003 - Eminem - International Singles [Box Set] [FLAC]/Disk 1/02 - My Name Is (Explicit Version).flac,86.1,Dm,True,
Eminem/2003 - Eminem - International Singles [Box Set] [FLAC]/Disk 7/01 - Cleanin' Out My Closet.flac,99.4,Cm,True,
Eminem/2003 - Eminem - International Singles [Box Set] [FLAC]/Disk 7/03 - Cleanin' Out My Closet (Instrumental).flac,99.4,Cm,True,
Eminem/2003 - Eminem - International Singles [Box Set] [FLAC]/Disk 7/02 - Stimulate.flac,89.1,Gm,True,
Eminem/2003 - Eminem - International Singles [Box Set] [FLAC]/Disk 9/02 - Lose Yourself (Instrumental).flac,172.3,Gm,True,
Eminem/2003 - Eminem - International Singles [Box Set] [FLAC]/Disk 9/03 - Renegade.flac,112.3,G#m,True,
Eminem/2003 - Eminem - International Singles [Box Set] [FLAC]/Disk 9/01 - Lose Yourself.flac,172.3,Gm,True,
Eminem/2003 - Eminem - International Singles [Box Set] [FLAC]/Disk 10/02 - Bump Heads.flac,184.6,Gm,True,
Eminem/2003 - Eminem - International Singles [Box Set] [FLAC]/Disk 10/01 - Business.flac,95.7,Bbm,True,
Eminem/2003 - Eminem - International Singles [Box Set] [FLAC]/Disk 10/03 - Business (Acappella).flac,95.7,Bbm,True,
Eminem/2003 - Eminem - International Singles [Box Set] [FLAC]/Disk 11/01 - Wanksta (Eminem's Version).flac,107.7,Am,True,
Eminem/2003 - Eminem - International Singles [Box Set] [FLAC]/Disk 2/03 - Guilty Conscience (Acappella).flac,123.0,Dm,True,
Eminem/2003 - Eminem - International Singles [Box Set] [FLAC]/Disk 2/01 - Guilty Conscience (Radio Version With Gunshots).flac,92.3,Dm,True,
Eminem/2003 - Eminem - International Singles [Box Set] [FLAC]/Disk 2/02 - Guilty Conscience (Album Version).flac,92.3,Dm,True,
Eminem/2003 - Eminem - International Singles [Box Set] [FLAC]/Disk 5/03 - Without Me (Acappella).flac,112.3,Bbm,True,
Eminem/2003 - Eminem - International Singles [Box Set] [FLAC]/Disk 5/04 - Without Me (Instrumental).flac,112.3,Dm,True,
Eminem/2003 - Eminem - International Singles [Box Set] [FLAC]/Disk 5/02 - The Way I Am (Danny Lohner Remix).flac,117.5,G#m,True,
Eminem/2003 - Eminem - International Singles [Box Set] [FLAC]/Disk 5/01 - Without Me (Album Version).flac,112.3,Dm,True,
Eminem/2003 - Eminem - International Singles [Box Set] [FLAC]/Disk 4/03 - '97 Bonnie & Clyde.flac,92.3,Cm,True,
Eminem/2003 - Eminem - International Singles [Box Set] [FLAC]/Disk 4/02 - Kids (Unedited Version).flac,92.3,D,True,
Eminem/2003 - Eminem - International Singles [Box Set] [FLAC]/Disk 4/01 - The Way I Am (Unedited Version).flac,117.5,Cm,True,
Eminem/2003 - Eminem - International Singles [Box Set] [FLAC]/Disk 4/04 - Steve Berman.flac,107.7,Gm,True,
Eminem/2003 - Eminem - International Singles [Box Set] [FLAC]/Disk 3/03 - The Real Slim Shady (Instrumental).flac,103.4,A,True,
Eminem/2003 - Eminem - International Singles [Box Set] [FLAC]/Disk 3/02 - Bad Influence.flac,89.1,Ab,True,
Eminem/2003 - Eminem - International Singles [Box Set] [FLAC]/Disk 3/04 - My Fault (Pizza Mix).flac,95.7,Fm,True,
Eminem/2003 - Eminem - International Singles [Box Set] [FLAC]/Disk 3/01 - The Real Slim Shady.flac,103.4,A,True,
Eminem/Eminem - Recovery [LP]/03. On Fire.flac,92.3,A,True,
Eminem/Eminem - Recovery [LP]/08. Seduction.flac,152.0,C#m,True,
Eminem/Eminem - Recovery [LP]/13. So Bad.flac,83.4,E,True,
Eminem/Eminem - Recovery [LP]/01. Cold Wind Blows.flac,161.5,Fm,True,
Eminem/Eminem - Recovery [LP]/02. Talkin' 2 Myself (feat. Kobe).flac,184.6,Bb,True,
Eminem/Eminem - Recovery [LP]/17. Untitled.flac,112.3,Bm,True,
Eminem/Eminem - Recovery [LP]/14. Almost Famous.flac,83.4,Gm,True,
Eminem/Eminem - Recovery [LP]/09. No Love (feat. Lil Wayne).flac,86.1,F#m,True,
Eminem/Eminem - Recovery [LP]/15. Love The Way You Lie (feat. Rihanna).flac,86.1,Dm,True,
Eminem/Eminem - Recovery [LP]/05. W.T.P..flac,95.7,Eb,True,
Eminem/Eminem - Recovery [LP]/06. Going Through Changes.flac,172.3,Gm,True,
Eminem/Eminem - Recovery [LP]/11. Cinderella Man.flac,86.1,Fm,True,
Eminem/Eminem - Recovery [LP]/04. Won't Back Down (feat. P!nk).flac,184.6,Bb,True,
Eminem/Eminem - Recovery [LP]/16. You're Never Over.flac,103.4,C#m,True,
Eminem/Eminem - Recovery [LP]/12. 25 To Life.flac,161.5,F#m,True,
Eminem/Eminem - Recovery [LP]/07. Not Afraid.flac,112.3,Am,True,
Eminem/Eminem - Recovery [LP]/10. Space Bound.flac,143.6,G,True,
Eminem/[2022] The Eminem Show (Expanded 20th anniversary Edition)/15 Eminem - Steve Berman (Skit).flac,107.7,B,True,
"Eminem/[2022] The Eminem Show (Expanded 20th anniversary Edition)/30 Eminem - The Real Slim Shady (Live From Fuji Rock Festival, Japan + 2001).flac",103.4,Am,True,
Eminem/[2022] The Eminem Show (Expanded 20th anniversary Edition)/32 Eminem - Cleanin' Out My Closet (Instrumental).flac,99.4,Cm,True,
Eminem/[2022] The Eminem Show (Expanded 20th anniversary Edition)/31 Eminem - Business (Instrumental).flac,95.7,Bbm,True,
"Eminem/[2022] The Eminem Show (Expanded 20th anniversary Edition)/24 Eminem - Jimmy, Brian And Mike.flac",107.7,Ab,True,
Eminem/[2022] The Eminem Show (Expanded 20th anniversary Edition)/03 Eminem - Business.flac,95.7,Bbm,True,
Eminem/[2022] The Eminem Show (Expanded 20th anniversary Edition)/07 Eminem - Soldier.flac,123.0,A,True,
Eminem/[2022] The Eminem Show (Expanded 20th anniversary Edition)/10 Eminem - Without Me.flac,112.3,Dm,True,
"Eminem/[2022] The Eminem Show (Expanded 20th anniversary Edition)/25 Eminem - Freestyle #1 (Live From Tramps, New York + 1999).flac",107.7,D#m,True,
Eminem/[2022] The Eminem Show (Expanded 20th anniversary Edition)/18 Eminem - 'Till I Collapse.flac,172.3,B,True,
Eminem/[2022] The Eminem Show (Expanded 20th anniversary Edition)/06 Eminem - The Kiss (Skit).flac,95.7,F#m,True,
"Eminem/[2022] The Eminem Show (Expanded 20th anniversary Edition)/27 Eminem - Freestyle #2 (Live From Tramps, New York + 1999).flac",117.5,Bbm,True,
Eminem/[2022] The Eminem Show (Expanded 20th anniversary Edition)/22 Eminem - The Conspiracy Freestyle.flac,95.7,Cm,True,
Eminem/[2022] The Eminem Show (Expanded 20th anniversary Edition)/14 Eminem - Hailie's Song.flac,80.7,Cm,True,
"Eminem/[2022] The Eminem Show (Expanded 20th anniversary Edition)/29 Eminem - The Way I Am (Live From Fuji Rock Festival, Japan + 2001).flac",117.5,Cm,True,
Eminem/[2022] The Eminem Show (Expanded 20th anniversary Edition)/17 Eminem - Say What You Say.flac,107.7,Bb,True,
Eminem/[2022] The Eminem Show (Expanded 20th anniversary Edition)/35 Eminem - Sing For The Moment (Instrumental).flac,161.5,Em,True,
Eminem/[2022] The Eminem Show (Expanded 20th anniversary Edition)/20 Eminem - Curtains Close.flac,99.4,F#m,True,
Eminem/[2022] The Eminem Show (Expanded 20th anniversary Edition)/02 Eminem - White America.flac,152.0,B,True,
Eminem/[2022] The Eminem Show (Expanded 20th anniversary Edition)/16 Eminem - When The Music Stops.flac,184.6,G#m,True,
Eminem/[2022] The Eminem Show (Expanded 20th anniversary Edition)/04 Eminem - Cleanin' Out My Closet.flac,99.4,Cm,True,
Eminem/[2022] The Eminem Show (Expanded 20th anniversary Edition)/11 Eminem - Paul Rosenberg (Skit).flac,143.6,G#m,True,
Eminem/[2022] The Eminem Show (Expanded 20th anniversary Edition)/08 Eminem - Say Goodbye Hollywood.flac,95.7,Cm,True,
Eminem/[2022] The Eminem Show (Expanded 20th anniversary Edition)/13 Eminem - Superman.flac,129.2,Ab,True,
Eminem/[2022] The Eminem Show (Expanded 20th anniversary Edition)/05 Eminem - Square Dance.flac,161.5,G#m,True,
Eminem/[2022] The Eminem Show (Expanded 20th anniversary Edition)/23 Eminem - Bump Heads.flac,184.6,Gm,True,
Eminem/[2022] The Eminem Show (Expanded 20th anniversary Edition)/19 Eminem - My Dad's Gone Crazy.flac,89.1,Fm,True,
Eminem/[2022] The Eminem Show (Expanded 20th anniversary Edition)/21 Eminem - Stimulate.flac,89.1,Gm,True,
Eminem/[2022] The Eminem Show (Expanded 20th anniversary Edition)/37 Eminem - Say What You Say (Instrumental).flac,123.0,Bb,True,
"Eminem/[2022] The Eminem Show (Expanded 20th anniversary Edition)/26 Eminem - Brain Damage (Live From Tramps, New York + 1999).flac",95.7,Gm,True,
Eminem/[2022] The Eminem Show (Expanded 20th anniversary Edition)/01 Eminem - Curtains Up (Skit).flac,80.7,B,True,
Eminem/[2022] The Eminem Show (Expanded 20th anniversary Edition)/33 Eminem - Square Dance (Instrumental).flac,83.4,G#m,True,
"Eminem/[2022] The Eminem Show (Expanded 20th anniversary Edition)/28 Eminem - Just Don't Give A Fuck (Live From Tramps, New York + 1999).flac",103.4,Bbm,True,
Eminem/[2022] The Eminem Show (Expanded 20th anniversary Edition)/38 Eminem - 'Till I Collapse (Instrumental).flac,86.1,G#m,True,
Eminem/[2022] The Eminem Show (Expanded 20th anniversary Edition)/36 Eminem - Superman (Instrumental).flac,129.2,Ab,True,
Eminem/[2022] The Eminem Show (Expanded 20th anniversary Edition)/09 Eminem - Drips.flac,83.4,Dm,True,
Eminem/[2022] The Eminem Show (Expanded 20th anniversary Edition)/12 Eminem - Sing For The Moment.flac,161.5,Em,True,
Eminem/[2022] The Eminem Show (Expanded 20th anniversary Edition)/34 Eminem - Without Me (Instrumental).flac,112.3,Dm,True,
Eminem/Eminem - Relapse (2009) {B0012863-02} [FLAC]/07 - Tonya (skit).flac,103.4,Bm,True,
Eminem/Eminem - Relapse (2009) {B0012863-02} [FLAC]/14 - Must Be the Ganja.flac,172.3,Em,True,
Eminem/Eminem - Relapse (2009) {B0012863-02} [FLAC]/19 - Steve Berman (skit).flac,107.7,C#m,True,
Eminem/Eminem - Relapse (2009) {B0012863-02} [FLAC]/05 - Bagpipes from Baghdad.flac,92.3,Am,True,
Eminem/Eminem - Relapse (2009) {B0012863-02} [FLAC]/16 - Déjà vu.flac,86.1,Fm,True,
Eminem/Eminem - Relapse (2009) {B0012863-02} [FLAC]/10 - Medicine Ball.flac,117.5,Em,True,
Eminem/Eminem - Relapse (2009) {B0012863-02} [FLAC]/01 - Dr. West (skit).flac,117.5,Ab,True,
Eminem/Eminem - Relapse (2009) {B0012863-02} [FLAC]/08 - Same Song & Dance.flac,107.7,Bm,True,
Eminem/Eminem - Relapse (2009) {B0012863-02} [FLAC]/03 - My Mom.flac,92.3,Em,True,
Eminem/Eminem - Relapse (2009) {B0012863-02} [FLAC]/17 - Beautiful.flac,129.2,Em,True,
Eminem/Eminem - Relapse (2009) {B0012863-02} [FLAC]/02 - 3 a.m..flac,152.0,Cm,True,
Eminem/Eminem - Relapse (2009) {B0012863-02} [FLAC]/13 - Old Time's Sake.flac,89.1,F#m,True,
Eminem/Eminem - Relapse (2009) {B0012863-02} [FLAC]/15 - Mr. Mathers (skit).flac,112.3,Fm,True,
Eminem/Eminem - Relapse (2009) {B0012863-02} [FLAC]/09 - We Made You.flac,112.3,Dm,True,
Eminem/Eminem - Relapse (2009) {B0012863-02} [FLAC]/12 - Stay Wide Awake.flac,152.0,Bm,True,
Eminem/Eminem - Relapse (2009) {B0012863-02} [FLAC]/20 - Underground.flac,117.5,F#m,True,
Eminem/Eminem - Relapse (2009) {B0012863-02} [FLAC]/18 - Crack a Bottle.flac,83.4,G#m,True,
Eminem/Eminem - Relapse (2009) {B0012863-02} [FLAC]/04 - Insane.flac,103.4,Cm,True,
Eminem/Eminem - Relapse (2009) {B0012863-02} [FLAC]/11 - Paul (skit).flac,198.8,Cm,True,
Eminem/Eminem - Relapse (2009) {B0012863-02} [FLAC]/06 - Hello.flac,95.7,Bm,True,
Eminem/Eminem - Straight From The Lab [EME18] [2003]/B2. Eminem - Come On In 2003.flac,184.6,Gm,True,
Eminem/Eminem - Straight From The Lab [EME18] [2003]/B1. Eminem - Bully 2003.flac,143.6,Bbm,True,
Eminem/Eminem - Straight From The Lab [EME18] [2003]/B3. Eminem - Edoe Rae Me 2003.flac,99.4,Cm,True,
Eminem/Eminem - Straight From The Lab [EME18] [2003]/A1. Eminem - Monkey See Monkey Do.flac,89.1,Gm,True,
Eminem/Eminem - Straight From The Lab [EME18] [2003]/A2. Eminem - We Are Americans.flac,117.5,G#m,True,
Eminem/Eminem - Straight From The Lab [EME18] [2003]/A4. Eminem - Can I Bitch 2003.flac,107.7,Am,True,
Eminem/Eminem - Straight From The Lab [EME18] [2003]/A3. Eminem - I Love You More.flac,123.0,G#m,True,
Eminem/Eminem - The Marshall Mathers LP 2 (2xLP 180g Vinyl) [FLAC 24bit 96kHz]/B2 - Legacy.flac,112.3,Gm,True,
Eminem/Eminem - The Marshall Mathers LP 2 (2xLP 180g Vinyl) [FLAC 24bit 96kHz]/C1 - Rap God.flac,152.0,Dm,True,
Eminem/Eminem - The Marshall Mathers LP 2 (2xLP 180g Vinyl) [FLAC 24bit 96kHz]/A2 - Parking Lot (skit).flac,143.6,Dm,True,
Eminem/Eminem - The Marshall Mathers LP 2 (2xLP 180g Vinyl) [FLAC 24bit 96kHz]/B3 - Asshole.flac,117.5,Em,True,
Eminem/Eminem - The Marshall Mathers LP 2 (2xLP 180g Vinyl) [FLAC 24bit 96kHz]/A3 - Rhyme or Reason.flac,117.5,Cm,True,
Eminem/Eminem - The Marshall Mathers LP 2 (2xLP 180g Vinyl) [FLAC 24bit 96kHz]/A4 - So Much Better.flac,86.1,C,True,
Eminem/Eminem - The Marshall Mathers LP 2 (2xLP 180g Vinyl) [FLAC 24bit 96kHz]/B1 - Survival.flac,89.1,Dm,True,
Eminem/Eminem - The Marshall Mathers LP 2 (2xLP 180g Vinyl) [FLAC 24bit 96kHz]/D3 - Headlights.flac,152.0,Db,True,
Eminem/Eminem - The Marshall Mathers LP 2 (2xLP 180g Vinyl) [FLAC 24bit 96kHz]/B4 - Berzerk.flac,95.7,C#m,True,
Eminem/Eminem - The Marshall Mathers LP 2 (2xLP 180g Vinyl) [FLAC 24bit 96kHz]/D4 - Evil Twin.flac,83.4,Fm,True,
Eminem/Eminem - The Marshall Mathers LP 2 (2xLP 180g Vinyl) [FLAC 24bit 96kHz]/C2 - Brainless.flac,172.3,Cm,True,
Eminem/Eminem - The Marshall Mathers LP 2 (2xLP 180g Vinyl) [FLAC 24bit 96kHz]/C4 - The Monster.flac,112.3,D#m,True,
Eminem/Eminem - The Marshall Mathers LP 2 (2xLP 180g Vinyl) [FLAC 24bit 96kHz]/C3 - Stronger Than I Was.flac,123.0,Bm,True,
Eminem/Eminem - The Marshall Mathers LP 2 (2xLP 180g Vinyl) [FLAC 24bit 96kHz]/D1 - So Far....flac,99.4,Bm,True,
Eminem/Eminem - The Marshall Mathers LP 2 (2xLP 180g Vinyl) [FLAC 24bit 96kHz]/D2 - Love Game.flac,107.7,Gm,True,
Eminem/Eminem - The Marshall Mathers LP 2 (2xLP 180g Vinyl) [FLAC 24bit 96kHz]/A1 - Bad Guy.flac,161.5,Cm,True,
Eminem/Eminem - 2004 - Encore (Vinyl) [FLAC 96kHz 24bit]/C2 Em Calls Paul (Skit).flac,112.3,F#m,True,
Eminem/Eminem - 2004 - Encore (Vinyl) [FLAC 96kHz 24bit]/B5 Rain Man.flac,89.1,Cm,True,
Eminem/Eminem - 2004 - Encore (Vinyl) [FLAC 96kHz 24bit]/D5 Encore.flac,89.1,Dm,True,
Eminem/Eminem - 2004 - Encore (Vinyl) [FLAC 96kHz 24bit]/C5 Spend Some Time.flac,83.4,Dm,True,
Eminem/Eminem - 2004 - Encore (Vinyl) [FLAC 96kHz 24bit]/D6 (Curtains).flac,129.2,Am,True,
Eminem/Eminem - 2004 - Encore (Vinyl) [FLAC 96kHz 24bit]/A4 Yellow Brick Road.flac,112.3,Eb,True,
Eminem/Eminem - 2004 - Encore (Vinyl) [FLAC 96kHz 24bit]/B2 Puke.flac,83.4,Fm,True,
Eminem/Eminem - 2004 - Encore (Vinyl) [FLAC 96kHz 24bit]/A5 Like Toy Soldiers.flac,112.3,G#m,True,
Eminem/Eminem - 2004 - Encore (Vinyl) [FLAC 96kHz 24bit]/A2 Evil Deeds.flac,76.0,Fm,True,
Eminem/Eminem - 2004 - Encore (Vinyl) [FLAC 96kHz 24bit]/A1 Curtains Up.flac,123.0,G#m,True,
Eminem/Eminem - 2004 - Encore (Vinyl) [FLAC 96kHz 24bit]/C1 Big Weenie.flac,86.1,Am,True,
Eminem/Eminem - 2004 - Encore (Vinyl) [FLAC 96kHz 24bit]/B4 Paul (Skit).flac,129.2,Bbm,True,
Eminem/Eminem - 2004 - Encore (Vinyl) [FLAC 96kHz 24bit]/C3 Just Lose It.flac,80.7,Dm,True,
Eminem/Eminem - 2004 - Encore (Vinyl) [FLAC 96kHz 24bit]/D1 Mockingbird.flac,112.3,Fm,True,
Eminem/Eminem - 2004 - Encore (Vinyl) [FLAC 96kHz 24bit]/D3 One Shot 2 Shot.flac,99.4,B,True,
Eminem/Eminem - 2004 - Encore (Vinyl) [FLAC 96kHz 24bit]/D2 Crazy in Love.flac,161.5,Cm,True,
Eminem/Eminem - 2004 - Encore (Vinyl) [FLAC 96kHz 24bit]/D4 Final Thought.flac,99.4,Dm,True,
Eminem/Eminem - 2004 - Encore (Vinyl) [FLAC 96kHz 24bit]/B1 Mosh.flac,73.8,A,True,
Eminem/Eminem - 2004 - Encore (Vinyl) [FLAC 96kHz 24bit]/A3 Never Enough.flac,95.7,F#m,True,
Eminem/Eminem - 2004 - Encore (Vinyl) [FLAC 96kHz 24bit]/C4 Ass Like That.flac,152.0,Eb,True,
Eminem/Eminem - 2004 - Encore (Vinyl) [FLAC 96kHz 24bit]/B3 My 1st Single.flac,112.3,Fm,True,
More_Than_Lights_(Kanser)-The_Electric_Prescription_For_All_Your_Funky_Illz-2009-FTD/10-more_than_lights-pleasant_(band_version)-ftd.mp3,89.1,E,True,
More_Than_Lights_(Kanser)-The_Electric_Prescription_For_All_Your_Funky_Illz-2009-FTD/03-more_than_lights-look_around-ftd.mp3,172.3,F#,True,
More_Than_Lights_(Kanser)-The_Electric_Prescription_For_All_Your_Funky_Illz-2009-FTD/09-more_than_lights-be_with_you-ftd.mp3,103.4,B,True,
More_Than_Lights_(Kanser)-The_Electric_Prescription_For_All_Your_Funky_Illz-2009-FTD/11-more_than_lights-legacy_(band_version)-ftd.mp3,89.1,C,True,
More_Than_Lights_(Kanser)-The_Electric_Prescription_For_All_Your_Funky_Illz-2009-FTD/07-more_than_lights-think_summer-ftd.mp3,89.1,Ab,True,
More_Than_Lights_(Kanser)-The_Electric_Prescription_For_All_Your_Funky_Illz-2009-FTD/06-more_than_lights-everywhere_we_go-ftd.mp3,95.7,Bb,True,
More_Than_Lights_(Kanser)-The_Electric_Prescription_For_All_Your_Funky_Illz-2009-FTD/04-more_than_lights-without_a_home_feat._parallax-ftd.mp3,95.7,Bbm,True,
More_Than_Lights_(Kanser)-The_Electric_Prescription_For_All_Your_Funky_Illz-2009-FTD/08-more_than_lights-bring_the_heat-ftd.mp3,89.1,Am,True,
More_Than_Lights_(Kanser)-The_Electric_Prescription_For_All_Your_Funky_Illz-2009-FTD/02-more_than_lights-fireflies-ftd.mp3,95.7,Fm,True,
More_Than_Lights_(Kanser)-The_Electric_Prescription_For_All_Your_Funky_Illz-2009-FTD/05-more_than_lights-eyes_of_a_lady_feat._lucas_dix-ftd.mp3,172.3,Cm,True,
More_Than_Lights_(Kanser)-The_Electric_Prescription_For_All_Your_Funky_Illz-2009-FTD/01-more_than_lights-the_electric_prescription___-ftd.mp3,99.4,Fm,True,
Donny Hathaway/70s Collection/40 Jealous Guy.flac,,,,load: error 1650549857
Donny Hathaway/70s Collection/40 Jealous Guy_3.flac,,,,load: error 1650549857
Donny Hathaway/70s Collection/40 Jealous Guy_2.flac,,,,load: error 1650549857
Donny Hathaway/70s Collection/40 Jealous Guy_1.flac,,,,load: error 1650549857
Sly Johnson - Mister Johnson (2026 Soul Funk RnB) [Flac 24-44]/03. Sly Johnson - Na Lingi Yo.flac,95.7,Bbm,True,
Sly Johnson - Mister Johnson (2026 Soul Funk RnB) [Flac 24-44]/05. Sly Johnson - Thinkaboutit.flac,99.4,F,True,
Sly Johnson - Mister Johnson (2026 Soul Funk RnB) [Flac 24-44]/09. Sly Johnson - Born To Love.flac,92.3,Dm,True,
Sly Johnson - Mister Johnson (2026 Soul Funk RnB) [Flac 24-44]/04. Sly Johnson - Dancewithme.flac,123.0,Em,True,
Sly Johnson - Mister Johnson (2026 Soul Funk RnB) [Flac 24-44]/10. Sly Johnson - One Wave.flac,123.0,B,True,
Sly Johnson - Mister Johnson (2026 Soul Funk RnB) [Flac 24-44]/01. Sly Johnson - Mister Johnson.flac,89.1,Fm,True,
Sly Johnson - Mister Johnson (2026 Soul Funk RnB) [Flac 24-44]/07. Sly Johnson - Into My Life.flac,86.1,Bb,True,
Sly Johnson - Mister Johnson (2026 Soul Funk RnB) [Flac 24-44]/06. Sly Johnson - I Love You.flac,123.0,E,True,
Sly Johnson - Mister Johnson (2026 Soul Funk RnB) [Flac 24-44]/02. Sly Johnson - Pli FО́.flac,86.1,Gm,True,
Sly Johnson - Mister Johnson (2026 Soul Funk RnB) [Flac 24-44]/08. Sly Johnson - Bun Dem.flac,89.1,D#m,True,
A$AP Rocky - Don't Be Dumb (FLAC)   16Bit 44.1kHz Rap  Hip-Hop  (2026)  Beats⭐/A$AP Rocky - Don't Be Dumb (FLAC)   16Bit 44.1kHz Rap  Hip-Hop  (2026)  Beats⭐/08. Stop Snitching.flac,143.6,Bb,True,
A$AP Rocky - Don't Be Dumb (FLAC)   16Bit 44.1kHz Rap  Hip-Hop  (2026)  Beats⭐/A$AP Rocky - Don't Be Dumb (FLAC)   16Bit 44.1kHz Rap  Hip-Hop  (2026)  Beats⭐/15. The End.flac,89.1,C,True,
A$AP Rocky - Don't Be Dumb (FLAC)   16Bit 44.1kHz Rap  Hip-Hop  (2026)  Beats⭐/A$AP Rocky - Don't Be Dumb (FLAC)   16Bit 44.1kHz Rap  Hip-Hop  (2026)  Beats⭐/14. Don't Be Dumb _ Trip Baby.flac,117.5,Em,True,
A$AP Rocky - Don't Be Dumb (FLAC)   16Bit 44.1kHz Rap  Hip-Hop  (2026)  Beats⭐/A$AP Rocky - Don't Be Dumb (FLAC)   16Bit 44.1kHz Rap  Hip-Hop  (2026)  Beats⭐/07. No Trespassing.flac,95.7,B,True,
A$AP Rocky - Don't Be Dumb (FLAC)   16Bit 44.1kHz Rap  Hip-Hop  (2026)  Beats⭐/A$AP Rocky - Don't Be Dumb (FLAC)   16Bit 44.1kHz Rap  Hip-Hop  (2026)  Beats⭐/04. Stole Ya Flow.flac,161.5,Em,True,
A$AP Rocky - Don't Be Dumb (FLAC)   16Bit 44.1kHz Rap  Hip-Hop  (2026)  Beats⭐/A$AP Rocky - Don't Be Dumb (FLAC)   16Bit 44.1kHz Rap  Hip-Hop  (2026)  Beats⭐/09. STFU.flac,68.0,F#m,True,
A$AP Rocky - Don't Be Dumb (FLAC)   16Bit 44.1kHz Rap  Hip-Hop  (2026)  Beats⭐/A$AP Rocky - Don't Be Dumb (FLAC)   16Bit 44.1kHz Rap  Hip-Hop  (2026)  Beats⭐/11. Air Force (Black Demarco).flac,123.0,C#m,True,
A$AP Rocky - Don't Be Dumb (FLAC)   16Bit 44.1kHz Rap  Hip-Hop  (2026)  Beats⭐/A$AP Rocky - Don't Be Dumb (FLAC)   16Bit 44.1kHz Rap  Hip-Hop  (2026)  Beats⭐/13. Robbery feat. Doechii.flac,99.4,C,True,
A$AP Rocky - Don't Be Dumb (FLAC)   16Bit 44.1kHz Rap  Hip-Hop  (2026)  Beats⭐/A$AP Rocky - Don't Be Dumb (FLAC)   16Bit 44.1kHz Rap  Hip-Hop  (2026)  Beats⭐/16. Swat Team.flac,143.6,Bm,True,
A$AP Rocky - Don't Be Dumb (FLAC)   16Bit 44.1kHz Rap  Hip-Hop  (2026)  Beats⭐/A$AP Rocky - Don't Be Dumb (FLAC)   16Bit 44.1kHz Rap  Hip-Hop  (2026)  Beats⭐/12. Whiskey (Release Me) feat. Damon Albarn & Westside Gunn.flac,73.8,Gm,True,
"A$AP Rocky - Don't Be Dumb (FLAC)   16Bit 44.1kHz Rap  Hip-Hop  (2026)  Beats⭐/A$AP Rocky - Don't Be Dumb (FLAC)   16Bit 44.1kHz Rap  Hip-Hop  (2026)  Beats⭐/17. Fish N Steak (What It Is) feat. Tyler, the Creator.flac",129.2,B,True,
A$AP Rocky - Don't Be Dumb (FLAC)   16Bit 44.1kHz Rap  Hip-Hop  (2026)  Beats⭐/A$AP Rocky - Don't Be Dumb (FLAC)   16Bit 44.1kHz Rap  Hip-Hop  (2026)  Beats⭐/03. Interrogation (Skit).flac,107.7,G#m,True,
A$AP Rocky - Don't Be Dumb (FLAC)   16Bit 44.1kHz Rap  Hip-Hop  (2026)  Beats⭐/A$AP Rocky - Don't Be Dumb (FLAC)   16Bit 44.1kHz Rap  Hip-Hop  (2026)  Beats⭐/02. Helicopter.flac,89.1,G#m,True,
A$AP Rocky - Don't Be Dumb (FLAC)   16Bit 44.1kHz Rap  Hip-Hop  (2026)  Beats⭐/A$AP Rocky - Don't Be Dumb (FLAC)   16Bit 44.1kHz Rap  Hip-Hop  (2026)  Beats⭐/10. Punk Rocky.flac,143.6,Fm,True,
A$AP Rocky - Don't Be Dumb (FLAC)   16Bit 44.1kHz Rap  Hip-Hop  (2026)  Beats⭐/A$AP Rocky - Don't Be Dumb (FLAC)   16Bit 44.1kHz Rap  Hip-Hop  (2026)  Beats⭐/01. Order of Protection.flac,123.0,Gm,True,
A$AP Rocky - Don't Be Dumb (FLAC)   16Bit 44.1kHz Rap  Hip-Hop  (2026)  Beats⭐/A$AP Rocky - Don't Be Dumb (FLAC)   16Bit 44.1kHz Rap  Hip-Hop  (2026)  Beats⭐/06. Playa.flac,152.0,G#m,True,
Nymano j’san/Chillhop Essentials Fall 2018/14 autumn breeze.mp3,89.1,F,True,
Subtronics/Subtronics - ANTIFRACTALS (2022) [FLAC]/04 - Take Flight (Kai Wachi Remix).flac,143.6,Gm,True,
Subtronics/Subtronics - ANTIFRACTALS (2022) [FLAC]/19 - Spacetime VIP (feat. NEVVE).flac,143.6,Fm,True,
Subtronics/Subtronics - ANTIFRACTALS (2022) [FLAC]/07 - Morning Coffee (feat. Sony) (Mr. Bill Remix).flac,83.4,Fm,True,
Subtronics/Subtronics - ANTIFRACTALS (2022) [FLAC]/08 - Cyclops Rocks (LEVEL UP Remix).flac,143.6,F#m,True,
Subtronics/Subtronics - ANTIFRACTALS (2022) [FLAC]/13 - FUNcKED (HE$H x Versa Remix).flac,143.6,G#m,True,
Subtronics/Subtronics - ANTIFRACTALS (2022) [FLAC]/14 - Gassed Up (feat. Flowdan) (IMANU Remix).flac,92.3,Gm,True,
Subtronics/Subtronics - ANTIFRACTALS (2022) [FLAC]/24 - Bunker Buster VIP.flac,95.7,Fm,True,
Subtronics/Subtronics - ANTIFRACTALS (2022) [FLAC]/15 - Gassed Up VIP (feat. Flowdan).flac,143.6,Fm,True,
Subtronics/Subtronics - ANTIFRACTALS (2022) [FLAC]/09 - Hieroglyph (Of The Trees Remix).flac,143.6,Bb,True,
Subtronics/Subtronics - ANTIFRACTALS (2022) [FLAC]/10 - Cabin Fever (Kompany Remix).flac,143.6,Gm,True,
Subtronics/Subtronics - ANTIFRACTALS (2022) [FLAC]/17 - MetaFractal VIP.flac,136.0,Gm,True,
Subtronics/Subtronics - ANTIFRACTALS (2022) [FLAC]/11 - Flute Dub (A Hundred Drums Remix).flac,143.6,Fm,True,
Subtronics/Subtronics - ANTIFRACTALS (2022) [FLAC]/01 - Into Pieces (Wooli x Grabbitz Remix).flac,103.4,Bbm,True,
Subtronics/Subtronics - ANTIFRACTALS (2022) [FLAC]/05 - O.P.U.S. (PEEKABOO Remix).flac,143.6,Bb,True,
Subtronics/Subtronics - ANTIFRACTALS (2022) [FLAC]/23 - Into Pieces VIP (feat. Grabbitz).flac,86.1,Bbm,True,
Subtronics/Subtronics - ANTIFRACTALS (2022) [FLAC]/06 - Gummy Worm (feat. Boogie T) (Dirt Monkey x Jantsen Remix).flac,152.0,Fm,True,
Subtronics/Subtronics - ANTIFRACTALS (2022) [FLAC]/22 - Take Flight Tech House VIP.flac,129.2,F#m,True,
Subtronics/Subtronics - ANTIFRACTALS (2022) [FLAC]/02 - Spacetime (feat. NEVVE) (Virtual Riot Remix).flac,143.6,Fm,True,
Subtronics/Subtronics - ANTIFRACTALS (2022) [FLAC]/16 - Cyclops Rocks VIP.flac,152.0,F#m,True,
Subtronics/Subtronics - ANTIFRACTALS (2022) [FLAC]/18 - Hieroglyph VIP.flac,172.3,Gm,True,
Subtronics/Subtronics - ANTIFRACTALS (2022) [FLAC]/20 - Flute Dub VIP.flac,69.8,Fm,True,
Subtronics/Subtronics - ANTIFRACTALS (2022) [FLAC]/03 - Tuba Demon (HOL! Remix).flac,71.8,F#m,True,
Subtronics/Subtronics - ANTIFRACTALS (2022) [FLAC]/21 - GRiZTRONICS II (Another Level) VIP.flac,143.6,Em,True,
Subtronics/Subtronics - ANTIFRACTALS (2022) [FLAC]/12 - MetaFractal (MUST DIE! Remix).flac,152.0,Gm,True,
Subtronics/NSDBL Black Friday Vol. 06/2. XaeboR - Don't Stop.flac,69.8,D#m,True,
Subtronics/NSDBL Black Friday Vol. 06/4. Trampa & TrollPhace - Headbang Gang.flac,143.6,A,True,
Subtronics/NSDBL Black Friday Vol. 06/1. Tokez - Act'n Up.flac,143.6,F#m,True,
Subtronics/NSDBL Black Friday Vol. 06/3. Midnight Tyrannosaurus & Subtronics - Revenge Of The Goldfish.flac,143.6,Em,True,
Subtronics/Subtronics - Scream Saver EP/1. Subtronics - Scream Saver.flac,152.0,F#m,True,
Subtronics/Subtronics - Scream Saver EP/4. Subtronics - Blow Stuff Up.flac,152.0,F#m,True,
Subtronics/Subtronics - Scream Saver EP/2. Subtronics - Lullaby (feat. Virus Syndicate).flac,136.0,D#m,True,
Subtronics/Subtronics - Scream Saver EP/3. Subtronics x Akeos - Discotek.flac,152.0,F#m,True,
Subtronics/Subtronics - Cyclops Army (2019) (WEB - FLAC - Lossless)/03 - Loopholes.flac,152.0,D#m,True,
Subtronics/Subtronics - Cyclops Army (2019) (WEB - FLAC - Lossless)/02 - Glitch Fight.flac,143.6,F#m,True,
Subtronics/Subtronics - Cyclops Army (2019) (WEB - FLAC - Lossless)/01 - Cyclops Army.flac,143.6,Em,True,
Subtronics/Subtronics - Cyclops Army (2019) (WEB - FLAC - Lossless)/04 - They Call Me.flac,143.6,Em,True,
Subtronics/Subtronics - Wook Laser EP (2018) [FLAC WEB] [NSDBL047]/02_Critical_Strength_Original_Mix.flac,71.8,Fm,True,
Subtronics/Subtronics - Wook Laser EP (2018) [FLAC WEB] [NSDBL047]/01_Wook_Laser_Original_Mix.flac,152.0,Em,True,
Subtronics/Subtronics - Wook Laser EP (2018) [FLAC WEB] [NSDBL047]/03_Blastin_Original_Mix.flac,71.8,D#m,True,
Subtronics/Subtronics - Wook Laser EP (2018) [FLAC WEB] [NSDBL047]/04_God_Of_Destruction_Original_Mix.flac,143.6,Em,True,
Subtronics/CR023 - Subtronics - Fractals LP/01. Subtronics - O.P.U.S..flac,107.7,Fm,True,
Subtronics/CR023 - Subtronics - Fractals LP/09. Subtronics & Sullivan King - Take Flight VIP.flac,129.2,F#m,True,
Subtronics/CR023 - Subtronics - Fractals LP/05. Subtronics & Zeds Dead - Gassed Up (feat. Flowdan).flac,143.6,Fm,True,
Subtronics/CR023 - Subtronics - Fractals LP/06. Subtronics - Flute Dub.flac,69.8,Fm,True,
Subtronics/CR023 - Subtronics - Fractals LP/15. Subtronics - Hieroglyph.flac,172.3,Gm,True,
Subtronics/CR023 - Subtronics - Fractals LP/04. Subtronics - Open Your Mind (Anthology 999) (feat. Cristina Soto).flac,136.0,Fm,True,
Subtronics/CR023 - Subtronics - Fractals LP/02. Subtronics - Spacetime (feat. NEVVE).flac,143.6,Fm,True,
Subtronics/CR023 - Subtronics - Fractals LP/10. Subtronics - Morning Coffee (feat. Sony).flac,89.1,Fm,True,
Subtronics/CR023 - Subtronics - Fractals LP/13. Subtronics & GRiZ - Griztronics II (Another Level).flac,143.6,Em,True,
Subtronics/CR023 - Subtronics - Fractals LP/14. Subtronics - Tuba Demon.flac,143.6,G#m,True,
Subtronics/CR023 - Subtronics - Fractals LP/12. Subtronics - FUNcKED.flac,117.5,G#m,True,
Subtronics/CR023 - Subtronics - Fractals LP/08. Subtronics - Cyclops Rocks.flac,152.0,F#m,True,
Subtronics/CR023 - Subtronics - Fractals LP/03. Subtronics - Cabin Fever.flac,143.6,Gm,True,
Subtronics/CR023 - Subtronics - Fractals LP/07. Subtronics - Gummy Worm (feat. Boogie T).flac,143.6,Fm,True,
Subtronics/CR023 - Subtronics - Fractals LP/16. Subtronics - Metafractal.flac,136.0,Gm,True,
Subtronics/CR023 - Subtronics - Fractals LP/11. Subtronics - Into Pieces (feat. Grabbitz).flac,86.1,Bbm,True,
Subtronics/Subtronics - Depth Perception (2018) - WEB FLAC [SubCarbon] - album/1-03 - Depth Perception.flac,86.1,Fm,True,
Subtronics/Subtronics - Depth Perception (2018) - WEB FLAC [SubCarbon] - album/1-02 - Warp Drive.flac,152.0,Fm,True,
Subtronics/Subtronics - Depth Perception (2018) - WEB FLAC [SubCarbon] - album/1-04 - Hit Em.flac,69.8,D#m,True,
Subtronics/Subtronics - Depth Perception (2018) - WEB FLAC [SubCarbon] - album/1-01 - Bubble Flex.flac,152.0,Fm,True,
Subtronics/Subtronics - Wooked On Tronics (2019) [FLAC]/2 - Gyroscope.flac,161.5,Fm,True,
Subtronics/Subtronics - Wooked On Tronics (2019) [FLAC]/5 - MAD.flac,71.8,Em,True,
Subtronics/Subtronics - Wooked On Tronics (2019) [FLAC]/3 - Face Off.flac,143.6,Fm,True,
Subtronics/Subtronics - Wooked On Tronics (2019) [FLAC]/1 - Death Wish.flac,152.0,Fm,True,
Subtronics/Subtronics - Wooked On Tronics (2019) [FLAC]/4 - Failure Rate.flac,143.6,Em,True,
Subtronics/DRT009 - Subtronics - Thermal Expansion EP/3. Subtronics - Damage Report.flac,143.6,Em,True,
Subtronics/DRT009 - Subtronics - Thermal Expansion EP/4. Subtronics - Thermal Expansion.flac,143.6,Fm,True,
Subtronics/DRT009 - Subtronics - Thermal Expansion EP/2. Subtronics - Ocean Lab.flac,76.0,G#m,True,
Subtronics/DRT009 - Subtronics - Thermal Expansion EP/1. Subtronics - Shurikan.flac,143.6,Em,True,
Subtronics/Subtronics - String Theory EP/07. Subtronics - Professor Chaos.flac,76.0,Em,True,
Subtronics/Subtronics - String Theory EP/06. Subtronics - String Theory.flac,143.6,Gm,True,
Subtronics/Subtronics - String Theory EP/01. Subtronics - Nitrous Mafia.flac,143.6,Em,True,
Subtronics/Subtronics - String Theory EP/02. Subtronics - Clockwork.flac,143.6,Fm,True,
Subtronics/Subtronics - String Theory EP/05. Subtronics & Kompany - Wicked Witch.flac,152.0,Fm,True,
Subtronics/Subtronics - String Theory EP/03. Subtronics & Wooli - Melt Ur Brain.flac,71.8,A,True,
Subtronics/Subtronics - String Theory EP/04. Subtronics - bRoKeN cOdE.flac,68.0,Fm,True,
Subtronics/BLA011 - Subtronics - Impact EP/03. Subtronics - Paranoid.flac,143.6,Fm,True,
Subtronics/BLA011 - Subtronics - Impact EP/01. Subtronics - Impact.flac,69.8,D#m,True,
Subtronics/BLA011 - Subtronics - Impact EP/04. Subtronics & MVRDA - Brain Damage.flac,69.8,Em,True,
Subtronics/BLA011 - Subtronics - Impact EP/02. Subtronics - Warp Drive.flac,69.8,Em,True,
Subtronics/BLA011 - Subtronics - Impact EP/05. Subtronics - Impact.flac,136.0,Em,True,
Danny Brown/A4 - 3 Tearz.flac,83.4,D#m,True,
Danny Brown/A1 - Change Up.flac,123.0,Cm,True,
Danny Brown/B2 - uknowhatimsayin.flac,103.4,Cm,True,
Danny Brown/B1 - Best Life.flac,86.1,Fm,True,
Danny Brown/A2 - Theme Song.flac,86.1,C#m,True,
Danny Brown/A3 - Dirty Laundry.flac,172.3,Gm,True,
Danny Brown/A6 - Savage Nomad.flac,143.6,Fm,True,
Danny Brown/B3 - Negro Spiritual.flac,129.2,Em,True,
Danny Brown/A5 - Belly Of The Beast.flac,80.7,Dm,True,
The Doppelgangaz/chillhop beat tapes- The Doppelgangaz [side B]/06 Fall Out.mp3,76.0,Cm,True,
Eminem - Discography 1996-2020 [FLAC] vtwin88cube/2020 - Music To Be Murdered By/02 - Unaccommodating.flac,89.1,G#m,True,
Eminem - Discography 1996-2020 [FLAC] vtwin88cube/2020 - Music To Be Murdered By/01 - Premonition (Intro).flac,112.3,Em,True,
Eminem - Discography 1996-2020 [FLAC] vtwin88cube/2020 - Music To Be Murdered By/17 - Farewell.flac,92.3,D#m,True,
Eminem - Discography 1996-2020 [FLAC] vtwin88cube/2020 - Music To Be Murdered By/10 - Yah Yah.flac,92.3,A,True,
Eminem - Discography 1996-2020 [FLAC] vtwin88cube/2020 - Music To Be Murdered By/18 - No Regrets.flac,136.0,Fm,True,
Eminem - Discography 1996-2020 [FLAC] vtwin88cube/2020 - Music To Be Murdered By/07 - Godzilla.flac,161.5,F#m,True,
Eminem - Discography 1996-2020 [FLAC] vtwin88cube/2020 - Music To Be Murdered By/11 - Stepdad (Intro).flac,123.0,D,True,
Eminem - Discography 1996-2020 [FLAC] vtwin88cube/2020 - Music To Be Murdered By/19 - I Will.flac,99.4,Gm,True,
Eminem - Discography 1996-2020 [FLAC] vtwin88cube/2020 - Music To Be Murdered By/15 - Little Engine.flac,103.4,A,True,
Eminem - Discography 1996-2020 [FLAC] vtwin88cube/2020 - Music To Be Murdered By/20 - Alfred (Outro).flac,136.0,G,True,
Eminem - Discography 1996-2020 [FLAC] vtwin88cube/2020 - Music To Be Murdered By/06 - In Too Deep.flac,89.1,A,True,
Eminem - Discography 1996-2020 [FLAC] vtwin88cube/2020 - Music To Be Murdered By/14 - Never Love Again.flac,92.3,Dm,True,
Eminem - Discography 1996-2020 [FLAC] vtwin88cube/2020 - Music To Be Murdered By/04 - Alfred (Interlude).flac,136.0,G,True,
Eminem - Discography 1996-2020 [FLAC] vtwin88cube/2020 - Music To Be Murdered By/16 - Lock It Up.flac,136.0,B,True,
Eminem - Discography 1996-2020 [FLAC] vtwin88cube/2020 - Music To Be Murdered By/12 - Stepdad.flac,143.6,F#m,True,
Eminem - Discography 1996-2020 [FLAC] vtwin88cube/2020 - Music To Be Murdered By/03 - You Gon' Learn.flac,69.8,Fm,True,
Eminem - Discography 1996-2020 [FLAC] vtwin88cube/2020 - Music To Be Murdered By/09 - Leaving Heaven.flac,172.3,Gm,True,
Eminem - Discography 1996-2020 [FLAC] vtwin88cube/2020 - Music To Be Murdered By/08 - Darkness.flac,152.0,Bb,True,
Eminem - Discography 1996-2020 [FLAC] vtwin88cube/2020 - Music To Be Murdered By/13 - Marsh.flac,143.6,G#m,True,
Eminem - Discography 1996-2020 [FLAC] vtwin88cube/2020 - Music To Be Murdered By/05 - Those Kinda Nights.flac,103.4,Gm,True,
Eminem - Discography 1996-2020 [FLAC] vtwin88cube/2013 - The Marshall Mathers LP2/11 - Stronger Than I Was.flac,123.0,Bm,True,
Eminem - Discography 1996-2020 [FLAC] vtwin88cube/2013 - The Marshall Mathers LP2/16 - Evil Twin.flac,83.4,Fm,True,
Eminem - Discography 1996-2020 [FLAC] vtwin88cube/2013 - The Marshall Mathers LP2/08 - Berzerk.flac,95.7,Cm,True,
Eminem - Discography 1996-2020 [FLAC] vtwin88cube/2013 - The Marshall Mathers LP2/12 - The Monster.flac,112.3,D#m,True,
Eminem - Discography 1996-2020 [FLAC] vtwin88cube/2013 - The Marshall Mathers LP2/09 - Rap God.flac,152.0,Dm,True,
Eminem - Discography 1996-2020 [FLAC] vtwin88cube/2013 - The Marshall Mathers LP2/01 - Bad Guy.flac,161.5,Cm,True,
Eminem - Discography 1996-2020 [FLAC] vtwin88cube/2013 - The Marshall Mathers LP2/04 - So Much Better.flac,172.3,Am,True,
Eminem - Discography 1996-2020 [FLAC] vtwin88cube/2013 - The Marshall Mathers LP2/07 - Asshole.flac,117.5,G#m,True,
Eminem - Discography 1996-2020 [FLAC] vtwin88cube/2013 - The Marshall Mathers LP2/10 - Brainless.flac,172.3,Cm,True,
Eminem - Discography 1996-2020 [FLAC] vtwin88cube/2013 - The Marshall Mathers LP2/14 - Love Game.flac,107.7,Eb,True,
Eminem - Discography 1996-2020 [FLAC] vtwin88cube/2013 - The Marshall Mathers LP2/13 - So Far....flac,99.4,Cm,True,
Eminem - Discography 1996-2020 [FLAC] vtwin88cube/2013 - The Marshall Mathers LP2/02 - Parking Lot (Skit).flac,136.0,Dm,True,
Eminem - Discography 1996-2020 [FLAC] vtwin88cube/2013 - The Marshall Mathers LP2/03 - Rhyme Or Reason.flac,117.5,C#m,True,
Eminem - Discography 1996-2020 [FLAC] vtwin88cube/2013 - The Marshall Mathers LP2/05 - Survival.flac,172.3,D#m,True,
Eminem - Discography 1996-2020 [FLAC] vtwin88cube/2013 - The Marshall Mathers LP2/15 - Headlights.flac,143.6,Db,True,
Eminem - Discography 1996-2020 [FLAC] vtwin88cube/2013 - The Marshall Mathers LP2/06 - Legacy.flac,107.7,Gm,True,
Eminem - Discography 1996-2020 [FLAC] vtwin88cube/2009 - Relapse/CD1/07 - Tonya (Skit).flac,103.4,Bm,True,
Eminem - Discography 1996-2020 [FLAC] vtwin88cube/2009 - Relapse/CD1/14 - Must Be The Ganja.flac,172.3,Em,True,
Eminem - Discography 1996-2020 [FLAC] vtwin88cube/2009 - Relapse/CD1/19 - Steve Bergman (Skit).flac,107.7,C#m,True,
Eminem - Discography 1996-2020 [FLAC] vtwin88cube/2009 - Relapse/CD1/05 - Bagpipes From Baghdad.flac,92.3,Am,True,
Eminem - Discography 1996-2020 [FLAC] vtwin88cube/2009 - Relapse/CD1/10 - Medicine Ball.flac,117.5,Em,True,
Eminem - Discography 1996-2020 [FLAC] vtwin88cube/2009 - Relapse/CD1/01 - Dr. West (Skit).flac,117.5,Ab,True,
Eminem - Discography 1996-2020 [FLAC] vtwin88cube/2009 - Relapse/CD1/08 - Same Song & Dance.flac,107.7,Bm,True,
Eminem - Discography 1996-2020 [FLAC] vtwin88cube/2009 - Relapse/CD1/03 - My Mom.flac,92.3,Em,True,
Eminem - Discography 1996-2020 [FLAC] vtwin88cube/2009 - Relapse/CD1/17 - Beautiful.flac,129.2,Em,True,
Eminem - Discography 1996-2020 [FLAC] vtwin88cube/2009 - Relapse/CD1/13 - Old Time's Sake (Feat. Dr. Dre).flac,89.1,F#m,True,
Eminem - Discography 1996-2020 [FLAC] vtwin88cube/2009 - Relapse/CD1/02 - 3 A.M..flac,152.0,Cm,True,
Eminem - Discography 1996-2020 [FLAC] vtwin88cube/2009 - Relapse/CD1/16 - Deja Vu.flac,86.1,Fm,True,
Eminem - Discography 1996-2020 [FLAC] vtwin88cube/2009 - Relapse/CD1/15 - Mr. Mathers (Skit).flac,112.3,Fm,True,
Eminem - Discography 1996-2020 [FLAC] vtwin88cube/2009 - Relapse/CD1/09 - We Made You.flac,112.3,Dm,True,
Eminem - Discography 1996-2020 [FLAC] vtwin88cube/2009 - Relapse/CD1/12 - Stay Wide Awake.flac,152.0,Bm,True,
Eminem - Discography 1996-2020 [FLAC] vtwin88cube/2009 - Relapse/CD1/20 - Underground.flac,117.5,F#m,True,
Eminem - Discography 1996-2020 [FLAC] vtwin88cube/2009 - Relapse/CD1/18 - Crack A Bottle.flac,83.4,G#m,True,
Eminem - Discography 1996-2020 [FLAC] vtwin88cube/2009 - Relapse/CD1/04 - Insane.flac,103.4,Cm,True,
Eminem - Discography 1996-2020 [FLAC] vtwin88cube/2009 - Relapse/CD1/11 - Paul (Skit).flac,198.8,Cm,True,
Eminem - Discography 1996-2020 [FLAC] vtwin88cube/2009 - Relapse/CD1/06 - Hello.flac,95.7,Bm,True,
Eminem - Discography 1996-2020 [FLAC] vtwin88cube/2009 - Relapse/CD2 - Relapse Refill/07 - Drop The Bomb On 'em.flac,92.3,Cm,True,
Eminem - Discography 1996-2020 [FLAC] vtwin88cube/2009 - Relapse/CD2 - Relapse Refill/06 - Music Box.flac,78.3,Bbm,True,
Eminem - Discography 1996-2020 [FLAC] vtwin88cube/2009 - Relapse/CD2 - Relapse Refill/01 - Forever.flac,161.5,Am,True,
Eminem - Discography 1996-2020 [FLAC] vtwin88cube/2009 - Relapse/CD2 - Relapse Refill/02 - Hell Breaks Loose.flac,107.7,Bm,True,
Eminem - Discography 1996-2020 [FLAC] vtwin88cube/2009 - Relapse/CD2 - Relapse Refill/04 - Elevator.flac,89.1,Gm,True,
Eminem - Discography 1996-2020 [FLAC] vtwin88cube/2009 - Relapse/CD2 - Relapse Refill/03 - Buffalo Bill.flac,117.5,Bm,True,
Eminem - Discography 1996-2020 [FLAC] vtwin88cube/2009 - Relapse/CD2 - Relapse Refill/05 - Taking My Ball.flac,92.3,Em,True,
Eminem - Discography 1996-2020 [FLAC] vtwin88cube/2002 - 8 Mile/CD2 - The Shady Aftermath Sampler/05 - The Weekend.flac,95.7,Bm,True,
Eminem - Discography 1996-2020 [FLAC] vtwin88cube/2002 - 8 Mile/CD2 - The Shady Aftermath Sampler/04 - Gangsta.flac,172.3,Am,True,
Eminem - Discography 1996-2020 [FLAC] vtwin88cube/2002 - 8 Mile/CD2 - The Shady Aftermath Sampler/06 - California.flac,99.4,Dm,True,
Eminem - Discography 1996-2020 [FLAC] vtwin88cube/2002 - 8 Mile/CD2 - The Shady Aftermath Sampler/03 - 'Til I Collapse Freestyle.flac,172.3,G#m,True,
Eminem - Discography 1996-2020 [FLAC] vtwin88cube/2002 - 8 Mile/CD2 - The Shady Aftermath Sampler/02 - Stimulate.flac,89.1,Gm,True,
Eminem - Discography 1996-2020 [FLAC] vtwin88cube/2002 - 8 Mile/CD2 - The Shady Aftermath Sampler/01 - Rap Name.flac,172.3,Dm,True,
Eminem - Discography 1996-2020 [FLAC] vtwin88cube/2002 - 8 Mile/CD1/11 - Wanksta.flac,161.5,Am,True,
Eminem - Discography 1996-2020 [FLAC] vtwin88cube/2002 - 8 Mile/CD1/04 - Adrenaline Rush.flac,89.1,F#m,True,
Eminem - Discography 1996-2020 [FLAC] vtwin88cube/2002 - 8 Mile/CD1/07 - 8 Miles And Runnin'.flac,83.4,Em,True,
Eminem - Discography 1996-2020 [FLAC] vtwin88cube/2002 - 8 Mile/CD1/12 - Wasting My Time.flac,73.8,G,True,
Eminem - Discography 1996-2020 [FLAC] vtwin88cube/2002 - 8 Mile/CD1/13 - R.A.K.I.M..flac,123.0,Gm,True,
Eminem - Discography 1996-2020 [FLAC] vtwin88cube/2002 - 8 Mile/CD1/03 - 8 Mile.flac,89.1,Cm,True,
Eminem - Discography 1996-2020 [FLAC] vtwin88cube/2002 - 8 Mile/CD1/02 - Love Me.flac,80.7,D#m,True,
Eminem - Discography 1996-2020 [FLAC] vtwin88cube/2002 - 8 Mile/CD1/08 - Spit Shine.flac,99.4,D#m,True,
Eminem - Discography 1996-2020 [FLAC] vtwin88cube/2002 - 8 Mile/CD1/09 - Time Of My Life.flac,161.5,Dm,True,
Eminem - Discography 1996-2020 [FLAC] vtwin88cube/2002 - 8 Mile/CD1/14 - That's My Nigga Fo' Real.flac,152.0,Eb,True,
Eminem - Discography 1996-2020 [FLAC] vtwin88cube/2002 - 8 Mile/CD1/05 - Places To Go.flac,161.5,D,True,
Eminem - Discography 1996-2020 [FLAC] vtwin88cube/2002 - 8 Mile/CD1/16 - Rabbit Run.flac,95.7,C#m,True,
Eminem - Discography 1996-2020 [FLAC] vtwin88cube/2002 - 8 Mile/CD1/06 - Rap Game.flac,95.7,Dm,True,
Eminem - Discography 1996-2020 [FLAC] vtwin88cube/2002 - 8 Mile/CD1/15 - Battle.flac,95.7,A,True,
Eminem - Discography 1996-2020 [FLAC] vtwin88cube/2002 - 8 Mile/CD1/01 - Lose Yourself.flac,172.3,Gm,True,
Eminem - Discography 1996-2020 [FLAC] vtwin88cube/2002 - 8 Mile/CD1/10 - U Wanna Be Me.flac,112.3,Em,True,
Eminem - Discography 1996-2020 [FLAC] vtwin88cube/2010 - Recovery/01 - Cold Wind Blows.flac,161.5,F#m,True,
Eminem - Discography 1996-2020 [FLAC] vtwin88cube/2010 - Recovery/15 - Love The Way You Lie.flac,86.1,Dm,True,
Eminem - Discography 1996-2020 [FLAC] vtwin88cube/2010 - Recovery/11 - Cinderella Man.flac,86.1,Fm,True,
Eminem - Discography 1996-2020 [FLAC] vtwin88cube/2010 - Recovery/13 - So Bad.flac,86.1,E,True,
Eminem - Discography 1996-2020 [FLAC] vtwin88cube/2010 - Recovery/08 - Seduction.flac,103.4,C#m,True,
Eminem - Discography 1996-2020 [FLAC] vtwin88cube/2010 - Recovery/12 - 25 To Life.flac,161.5,F#m,True,
Eminem - Discography 1996-2020 [FLAC] vtwin88cube/2010 - Recovery/02 - Talkin' 2 Myself.flac,184.6,Bb,True,
Eminem - Discography 1996-2020 [FLAC] vtwin88cube/2010 - Recovery/06 - Going Through Changes.flac,172.3,Gm,True,
Eminem - Discography 1996-2020 [FLAC] vtwin88cube/2010 - Recovery/09 - No Love.flac,86.1,F#m,True,
Eminem - Discography 1996-2020 [FLAC] vtwin88cube/2010 - Recovery/10 - Space Bound.flac,143.6,G,True,
Eminem - Discography 1996-2020 [FLAC] vtwin88cube/2010 - Recovery/05 - W.T.P..flac,95.7,Eb,True,
Eminem - Discography 1996-2020 [FLAC] vtwin88cube/2010 - Recovery/14 - Almost Famous.flac,83.4,Gm,True,
Eminem - Discography 1996-2020 [FLAC] vtwin88cube/2010 - Recovery/17 - [Untitled].flac,112.3,Bm,True,
Eminem - Discography 1996-2020 [FLAC] vtwin88cube/2010 - Recovery/04 - Won't Back Down.flac,184.6,Bb,True,
Eminem - Discography 1996-2020 [FLAC] vtwin88cube/2010 - Recovery/16 - You're Never Over.flac,103.4,C#m,True,
Eminem - Discography 1996-2020 [FLAC] vtwin88cube/2010 - Recovery/07 - Not Afraid.flac,112.3,Am,True,
Eminem - Discography 1996-2020 [FLAC] vtwin88cube/2010 - Recovery/03 - On Fire.flac,92.3,A,True,
Eminem - Discography 1996-2020 [FLAC] vtwin88cube/2006 - Eminem Presents The Re-Up/05 - Everything Is Shady [Cashis].flac,103.4,Fm,True,
Eminem - Discography 1996-2020 [FLAC] vtwin88cube/2006 - Eminem Presents The Re-Up/04 - Murder [Bizarre & Kuniva Of D-12].flac,107.7,F#m,True,
Eminem - Discography 1996-2020 [FLAC] vtwin88cube/2006 - Eminem Presents The Re-Up/13 - We Ride For Shady [Obie Trice & Cashis].flac,129.2,Em,True,
Eminem - Discography 1996-2020 [FLAC] vtwin88cube/2006 - Eminem Presents The Re-Up/15 - Tryin' Ta Win [Stat Quo].flac,86.1,Am,True,
Eminem - Discography 1996-2020 [FLAC] vtwin88cube/2006 - Eminem Presents The Re-Up/09 - Trapped [Proof Of D-12].flac,107.7,G#m,True,
"Eminem - Discography 1996-2020 [FLAC] vtwin88cube/2006 - Eminem Presents The Re-Up/07 - You Don't Know [50 Cent, Eminem, Cashis & Lloyd Banks].flac",86.1,F#m,True,
Eminem - Discography 1996-2020 [FLAC] vtwin88cube/2006 - Eminem Presents The Re-Up/22 - No Apologies [Eminem].flac,95.7,Gm,True,
Eminem - Discography 1996-2020 [FLAC] vtwin88cube/2006 - Eminem Presents The Re-Up/19 - Ski Mask Way [Eminem Remix-50 Cent].flac,89.1,G#m,True,
Eminem - Discography 1996-2020 [FLAC] vtwin88cube/2006 - Eminem Presents The Re-Up/14 - There He Is [Bobby Creekwater].flac,83.4,B,True,
Eminem - Discography 1996-2020 [FLAC] vtwin88cube/2006 - Eminem Presents The Re-Up/18 - Get Low [Stat Quo].flac,143.6,F#m,True,
Eminem - Discography 1996-2020 [FLAC] vtwin88cube/2006 - Eminem Presents The Re-Up/12 - By My Side [Stat Quo].flac,161.5,Em,True,
"Eminem - Discography 1996-2020 [FLAC] vtwin88cube/2006 - Eminem Presents The Re-Up/21 - Cry Now [Shady Remix-Obie Trice, Kuniva, Bobby Creekwater, Cashis & Stat Quo].flac",117.5,Dm,True,
Eminem - Discography 1996-2020 [FLAC] vtwin88cube/2006 - Eminem Presents The Re-Up/06 - The Re-Up [Eminem & 50 Cent].flac,172.3,Gm,True,
Eminem - Discography 1996-2020 [FLAC] vtwin88cube/2006 - Eminem Presents The Re-Up/10 - Whatever You Want [Swifty Mc Vay & Mr. Porter Of D-12].flac,80.7,Gm,True,
Eminem - Discography 1996-2020 [FLAC] vtwin88cube/2006 - Eminem Presents The Re-Up/08 - Jimmy Crack Corn [Eminem & 50 Cent].flac,129.2,Em,True,
Eminem - Discography 1996-2020 [FLAC] vtwin88cube/2006 - Eminem Presents The Re-Up/01 - Shady Narcotics [Eminem Intro].flac,136.0,Fm,True,
"Eminem - Discography 1996-2020 [FLAC] vtwin88cube/2006 - Eminem Presents The Re-Up/02 - We're Back [Eminem, Obie Trice, Stat Quo, Bobby Creekwater & Cashis].flac",123.0,C#m,True,
Eminem - Discography 1996-2020 [FLAC] vtwin88cube/2006 - Eminem Presents The Re-Up/17 - Public Enemy #1 [Eminem].flac,92.3,A,True,
Eminem - Discography 1996-2020 [FLAC] vtwin88cube/2006 - Eminem Presents The Re-Up/16 - Smack That [Remix-Akon feat. Stat Quo & Bobby Creekwater].flac,117.5,G,True,
Eminem - Discography 1996-2020 [FLAC] vtwin88cube/2006 - Eminem Presents The Re-Up/11 - Talkin' All That [Cashis].flac,107.7,Cm,True,
"Eminem - Discography 1996-2020 [FLAC] vtwin88cube/2006 - Eminem Presents The Re-Up/20 - Shake That [Remix-Nate Dogg, Eminem, Obie Trice & Bobby Creekwater].flac",107.7,F#m,True,
Eminem - Discography 1996-2020 [FLAC] vtwin88cube/2006 - Eminem Presents The Re-Up/03 - Pistol Pistol [Remix-Obie Trice].flac,86.1,D#m,True,
Eminem - Discography 1996-2020 [FLAC] vtwin88cube/1996 - Infinite/01 - Infinite.flac,161.5,Bm,True,
Eminem - Discography 1996-2020 [FLAC] vtwin88cube/1996 - Infinite/04 - Tonite.flac,92.3,D#m,True,
Eminem - Discography 1996-2020 [FLAC] vtwin88cube/1996 - Infinite/11 - Jealousy Woes II.flac,86.1,Fm,True,
Eminem - Discography 1996-2020 [FLAC] vtwin88cube/1996 - Infinite/06 - Maxine.flac,86.1,Am,True,
Eminem - Discography 1996-2020 [FLAC] vtwin88cube/1996 - Infinite/08 - Never 2 Far.flac,95.7,D#m,True,
Eminem - Discography 1996-2020 [FLAC] vtwin88cube/1996 - Infinite/05 - 313.flac,89.1,Bbm,True,
Eminem - Discography 1996-2020 [FLAC] vtwin88cube/1996 - Infinite/10 - Backstabber.flac,184.6,G#m,True,
Eminem - Discography 1996-2020 [FLAC] vtwin88cube/1996 - Infinite/07 - Open Mic.flac,89.1,G#m,True,
Eminem - Discography 1996-2020 [FLAC] vtwin88cube/1999 - The Slim Shady LP/15 - Just Don't Give A Fuck.flac,86.1,Cm,True,
Eminem - Discography 1996-2020 [FLAC] vtwin88cube/1999 - The Slim Shady LP/01 - Public Service Announcement.flac,112.3,Cm,True,
Eminem - Discography 1996-2020 [FLAC] vtwin88cube/1999 - The Slim Shady LP/03 - Guilty Conscience.flac,92.3,Dm,True,
Eminem - Discography 1996-2020 [FLAC] vtwin88cube/1999 - The Slim Shady LP/07 - 97' Bonnie & Clyde.flac,92.3,Cm,True,
Eminem - Discography 1996-2020 [FLAC] vtwin88cube/1999 - The Slim Shady LP/11 - My Fault.flac,95.7,Ab,True,
Eminem - Discography 1996-2020 [FLAC] vtwin88cube/1999 - The Slim Shady LP/14 - Rock Bottom.flac,92.3,F#m,True,
Eminem - Discography 1996-2020 [FLAC] vtwin88cube/1999 - The Slim Shady LP/16 - Soap.flac,107.7,F#m,True,
Eminem - Discography 1996-2020 [FLAC] vtwin88cube/1999 - The Slim Shady LP/18 - I'm Shady.flac,184.6,Dm,True,
Eminem - Discography 1996-2020 [FLAC] vtwin88cube/1999 - The Slim Shady LP/04 - Brain Damage.flac,95.7,Bb,True,
Eminem - Discography 1996-2020 [FLAC] vtwin88cube/1999 - The Slim Shady LP/08 - Bitch.flac,92.3,F#m,True,
Eminem - Discography 1996-2020 [FLAC] vtwin88cube/1999 - The Slim Shady LP/05 - Paul.flac,136.0,Bm,True,
Eminem - Discography 1996-2020 [FLAC] vtwin88cube/1999 - The Slim Shady LP/19 - Bad Meets Evil.flac,95.7,D#m,True,
Eminem - Discography 1996-2020 [FLAC] vtwin88cube/1999 - The Slim Shady LP/13 - Cum On Everybody.flac,103.4,D#m,True,
Eminem - Discography 1996-2020 [FLAC] vtwin88cube/1999 - The Slim Shady LP/10 - Lounge.flac,99.4,D#m,True,
Eminem - Discography 1996-2020 [FLAC] vtwin88cube/1999 - The Slim Shady LP/09 - Role Model.flac,92.3,Bm,True,
Eminem - Discography 1996-2020 [FLAC] vtwin88cube/1999 - The Slim Shady LP/20 - Still Don't Give A Fuck.flac,89.1,Ab,True,
Eminem - Discography 1996-2020 [FLAC] vtwin88cube/1999 - The Slim Shady LP/06 - If I Had.flac,83.4,Bb,True,
Eminem - Discography 1996-2020 [FLAC] vtwin88cube/1999 - The Slim Shady LP/12 - Ken Kaniff.flac,172.3,F#,True,
Eminem - Discography 1996-2020 [FLAC] vtwin88cube/1999 - The Slim Shady LP/17 - As The World Turns.flac,95.7,G#m,True,
Eminem - Discography 1996-2020 [FLAC] vtwin88cube/1999 - The Slim Shady LP/02 - My Name Is.flac,86.1,Dm,True,
Eminem - Discography 1996-2020 [FLAC] vtwin88cube/2000 - The Marshall Mathers LP/16 - Kim.flac,143.6,Cm,True,
Eminem - Discography 1996-2020 [FLAC] vtwin88cube/2000 - The Marshall Mathers LP/08 - The Real Slim Shady.flac,103.4,A,True,
Eminem - Discography 1996-2020 [FLAC] vtwin88cube/2000 - The Marshall Mathers LP/09 - Remember Me.flac,89.1,Bm,True,
Eminem - Discography 1996-2020 [FLAC] vtwin88cube/2000 - The Marshall Mathers LP/14 - Amityville.flac,161.5,Eb,True,
Eminem - Discography 1996-2020 [FLAC] vtwin88cube/2000 - The Marshall Mathers LP/13 - Drug Ballad.flac,103.4,Eb,True,
Eminem - Discography 1996-2020 [FLAC] vtwin88cube/2000 - The Marshall Mathers LP/02 - Kill You.flac,107.7,Bbm,True,
Eminem - Discography 1996-2020 [FLAC] vtwin88cube/2000 - The Marshall Mathers LP/18 - Criminal.flac,103.4,Fm,True,
Eminem - Discography 1996-2020 [FLAC] vtwin88cube/2000 - The Marshall Mathers LP/01 - Public Service Announcement 2000.flac,123.0,Bm,True,
Eminem - Discography 1996-2020 [FLAC] vtwin88cube/2000 - The Marshall Mathers LP/05 - Who Knew.flac,99.4,Bbm,True,
Eminem - Discography 1996-2020 [FLAC] vtwin88cube/2000 - The Marshall Mathers LP/15 - Bitch Please II.flac,95.7,Em,True,
Eminem - Discography 1996-2020 [FLAC] vtwin88cube/2000 - The Marshall Mathers LP/03 - Stan.flac,161.5,C#m,True,
Eminem - Discography 1996-2020 [FLAC] vtwin88cube/2000 - The Marshall Mathers LP/10 - I'm Back.flac,172.3,Fm,True,
Eminem - Discography 1996-2020 [FLAC] vtwin88cube/2000 - The Marshall Mathers LP/11 - Marshall Mathers.flac,95.7,Ab,True,
Eminem - Discography 1996-2020 [FLAC] vtwin88cube/2000 - The Marshall Mathers LP/04 - Paul (Skit).flac,129.2,Bbm,True,
Eminem - Discography 1996-2020 [FLAC] vtwin88cube/2000 - The Marshall Mathers LP/06 - Steve Berman.flac,107.7,Gm,True,
Eminem - Discography 1996-2020 [FLAC] vtwin88cube/2000 - The Marshall Mathers LP/12 - Ken Kaniff (Skit).flac,92.3,Dm,True,
Eminem - Discography 1996-2020 [FLAC] vtwin88cube/2000 - The Marshall Mathers LP/07 - The Way I Am.flac,117.5,Cm,True,
Eminem - Discography 1996-2020 [FLAC] vtwin88cube/2000 - The Marshall Mathers LP/17 - Under The Influence.flac,95.7,F#m,True,
Eminem - Discography 1996-2020 [FLAC] vtwin88cube/2018 - Kamikaze/02 - Greatest.flac,161.5,Am,True,
Eminem - Discography 1996-2020 [FLAC] vtwin88cube/2018 - Kamikaze/10 - Fall.flac,92.3,B,True,
Eminem - Discography 1996-2020 [FLAC] vtwin88cube/2018 - Kamikaze/07 - Stepping Stone.flac,184.6,Dm,True,
Eminem - Discography 1996-2020 [FLAC] vtwin88cube/2018 - Kamikaze/01 - The Ringer.flac,117.5,Em,True,
Eminem - Discography 1996-2020 [FLAC] vtwin88cube/2018 - Kamikaze/05 - Normal.flac,123.0,Bm,True,
Eminem - Discography 1996-2020 [FLAC] vtwin88cube/2018 - Kamikaze/06 - Em Calls Paul (Skit).flac,107.7,D#m,True,
Eminem - Discography 1996-2020 [FLAC] vtwin88cube/2018 - Kamikaze/04 - Paul (Skit).flac,117.5,G#m,True,
Eminem - Discography 1996-2020 [FLAC] vtwin88cube/2018 - Kamikaze/08 - Not Alike.flac,136.0,Cm,True,
Eminem - Discography 1996-2020 [FLAC] vtwin88cube/2018 - Kamikaze/03 - Lucky You.flac,152.0,Em,True,
Eminem - Discography 1996-2020 [FLAC] vtwin88cube/2018 - Kamikaze/09 - Kamikaze.flac,161.5,F#m,True,
Eminem - Discography 1996-2020 [FLAC] vtwin88cube/2018 - Kamikaze/11 - Nice Guy.flac,136.0,Dm,True,
Eminem - Discography 1996-2020 [FLAC] vtwin88cube/2018 - Kamikaze/12 - Good Guy.flac,89.1,C,True,
Eminem - Discography 1996-2020 [FLAC] vtwin88cube/2005 - Curtain Call The Hits/CD1/17 - Stan (Live).flac,161.5,A,True,
Eminem - Discography 1996-2020 [FLAC] vtwin88cube/2005 - Curtain Call The Hits/CD1/02 - Fack.flac,123.0,F,True,
Eminem - Discography 1996-2020 [FLAC] vtwin88cube/2005 - Curtain Call The Hits/CD1/09 - Without Me.flac,112.3,Dm,True,
Eminem - Discography 1996-2020 [FLAC] vtwin88cube/2005 - Curtain Call The Hits/CD1/01 - Intro (Curtain Call).flac,143.6,C,True,
Eminem - Discography 1996-2020 [FLAC] vtwin88cube/2005 - Curtain Call The Hits/CD1/07 - Shake That.flac,107.7,F#m,True,
Eminem - Discography 1996-2020 [FLAC] vtwin88cube/2005 - Curtain Call The Hits/CD1/06 - Lose Yourself.flac,172.3,Gm,True,
Eminem - Discography 1996-2020 [FLAC] vtwin88cube/2005 - Curtain Call The Hits/CD1/16 - When I'm Gone.flac,99.4,C#m,True,
Eminem - Discography 1996-2020 [FLAC] vtwin88cube/2005 - Curtain Call The Hits/CD1/08 - Sing For The Moment.flac,161.5,Em,True,
Eminem - Discography 1996-2020 [FLAC] vtwin88cube/2005 - Curtain Call The Hits/CD1/14 - Cleanin' Out My Closet.flac,99.4,Cm,True,
Eminem - Discography 1996-2020 [FLAC] vtwin88cube/2005 - Curtain Call The Hits/CD1/10 - Like Toy Soldiers.flac,112.3,G#m,True,
Eminem - Discography 1996-2020 [FLAC] vtwin88cube/2005 - Curtain Call The Hits/CD1/04 - My Name Is.flac,86.1,Dm,True,
Eminem - Discography 1996-2020 [FLAC] vtwin88cube/2005 - Curtain Call The Hits/CD1/11 - The Real Slim Shady.flac,103.4,A,True,
Eminem - Discography 1996-2020 [FLAC] vtwin88cube/2005 - Curtain Call The Hits/CD1/15 - Just Lose It.flac,80.7,Dm,True,
Eminem - Discography 1996-2020 [FLAC] vtwin88cube/2005 - Curtain Call The Hits/CD1/12 - Mockingbird.flac,112.3,Fm,True,
Eminem - Discography 1996-2020 [FLAC] vtwin88cube/2005 - Curtain Call The Hits/CD1/05 - Stan.flac,161.5,C#m,True,
Eminem - Discography 1996-2020 [FLAC] vtwin88cube/2005 - Curtain Call The Hits/CD1/03 - The Way I Am.flac,117.5,Cm,True,
Eminem - Discography 1996-2020 [FLAC] vtwin88cube/2005 - Curtain Call The Hits/CD1/13 - Guilty Conscience.flac,92.3,Dm,True,
Eminem - Discography 1996-2020 [FLAC] vtwin88cube/2005 - Curtain Call The Hits/CD2 - Stan's Mixtape/06 - Renegade.flac,112.3,G#m,True,
Eminem - Discography 1996-2020 [FLAC] vtwin88cube/2005 - Curtain Call The Hits/CD2 - Stan's Mixtape/02 - Role Model.flac,92.3,Bm,True,
Eminem - Discography 1996-2020 [FLAC] vtwin88cube/2005 - Curtain Call The Hits/CD2 - Stan's Mixtape/03 - Kill You.flac,107.7,Bbm,True,
Eminem - Discography 1996-2020 [FLAC] vtwin88cube/2005 - Curtain Call The Hits/CD2 - Stan's Mixtape/04 - Shit On You.flac,107.7,C#m,True,
Eminem - Discography 1996-2020 [FLAC] vtwin88cube/2005 - Curtain Call The Hits/CD2 - Stan's Mixtape/05 - Criminal.flac,103.4,Fm,True,
Eminem - Discography 1996-2020 [FLAC] vtwin88cube/2005 - Curtain Call The Hits/CD2 - Stan's Mixtape/07 - Just Don't Give A Fuck.flac,86.1,Cm,True,
Eminem - Discography 1996-2020 [FLAC] vtwin88cube/2005 - Curtain Call The Hits/CD2 - Stan's Mixtape/01 - Dead Wrong (Remix).flac,161.5,G#m,True,
Eminem - Discography 1996-2020 [FLAC] vtwin88cube/2017 - Revival/12 - Framed.flac,143.6,F,True,
Eminem - Discography 1996-2020 [FLAC] vtwin88cube/2017 - Revival/13 - Nowhere Fast.flac,78.3,Db,True,
Eminem - Discography 1996-2020 [FLAC] vtwin88cube/2017 - Revival/10 - Bad Husband.flac,86.1,Am,True,
Eminem - Discography 1996-2020 [FLAC] vtwin88cube/2017 - Revival/05 - River.flac,89.1,C#m,True,
Eminem - Discography 1996-2020 [FLAC] vtwin88cube/2017 - Revival/02 - Believe.flac,129.2,G#m,True,
Eminem - Discography 1996-2020 [FLAC] vtwin88cube/2017 - Revival/07 - Remind Me.flac,95.7,Fm,True,
Eminem - Discography 1996-2020 [FLAC] vtwin88cube/2017 - Revival/09 - Like Home.flac,107.7,Am,True,
Eminem - Discography 1996-2020 [FLAC] vtwin88cube/2017 - Revival/03 - Chloraseptic.flac,129.2,D#m,True,
Eminem - Discography 1996-2020 [FLAC] vtwin88cube/2017 - Revival/11 - Tragic Endings.flac,80.7,Fm,True,
Eminem - Discography 1996-2020 [FLAC] vtwin88cube/2017 - Revival/06 - Remind Me (Intro).flac,73.8,A,True,
Eminem - Discography 1996-2020 [FLAC] vtwin88cube/2017 - Revival/17 - In Your Head.flac,161.5,Em,True,
Eminem - Discography 1996-2020 [FLAC] vtwin88cube/2017 - Revival/16 - Need Me.flac,69.8,Cm,True,
Eminem - Discography 1996-2020 [FLAC] vtwin88cube/2017 - Revival/01 - Walk On Water.flac,143.6,C,True,
Eminem - Discography 1996-2020 [FLAC] vtwin88cube/2017 - Revival/18 - Castle.flac,172.3,Cm,True,
Eminem - Discography 1996-2020 [FLAC] vtwin88cube/2017 - Revival/08 - Revival (Interlude).flac,99.4,Eb,True,
Eminem - Discography 1996-2020 [FLAC] vtwin88cube/2017 - Revival/19 - Arose.flac,152.0,Fm,True,
Eminem - Discography 1996-2020 [FLAC] vtwin88cube/2017 - Revival/15 - Offended.flac,143.6,Em,True,
Eminem - Discography 1996-2020 [FLAC] vtwin88cube/2017 - Revival/04 - Untouchable.flac,89.1,Bbm,True,
Eminem - Discography 1996-2020 [FLAC] vtwin88cube/2017 - Revival/14 - Heat.flac,99.4,Cm,True,
Eminem - Discography 1996-2020 [FLAC] vtwin88cube/2002 - The Eminem Show/10 - Without Me.flac,112.3,Dm,True,
Eminem - Discography 1996-2020 [FLAC] vtwin88cube/2002 - The Eminem Show/15 - Steve Berman (Skit).flac,107.7,B,True,
Eminem - Discography 1996-2020 [FLAC] vtwin88cube/2002 - The Eminem Show/05 - Square Dance.flac,161.5,G#m,True,
Eminem - Discography 1996-2020 [FLAC] vtwin88cube/2002 - The Eminem Show/20 - Curtains Close (Skit).flac,99.4,F#m,True,
Eminem - Discography 1996-2020 [FLAC] vtwin88cube/2002 - The Eminem Show/08 - Say Goodbye Hollywood.flac,95.7,Cm,True,
Eminem - Discography 1996-2020 [FLAC] vtwin88cube/2002 - The Eminem Show/09 - Drips.flac,83.4,Dm,True,
Eminem - Discography 1996-2020 [FLAC] vtwin88cube/2002 - The Eminem Show/18 - 'Till I Collapse.flac,172.3,B,True,
Eminem - Discography 1996-2020 [FLAC] vtwin88cube/2002 - The Eminem Show/01 - Curtains Up (Skit).flac,80.7,B,True,
Eminem - Discography 1996-2020 [FLAC] vtwin88cube/2002 - The Eminem Show/12 - Sing For The Moment.flac,161.5,Em,True,
Eminem - Discography 1996-2020 [FLAC] vtwin88cube/2002 - The Eminem Show/03 - Business.flac,95.7,Bbm,True,
Eminem - Discography 1996-2020 [FLAC] vtwin88cube/2002 - The Eminem Show/14 - Hailie's Song.flac,80.7,Cm,True,
Eminem - Discography 1996-2020 [FLAC] vtwin88cube/2002 - The Eminem Show/11 - Paul Rosenberg (Skit).flac,143.6,G#m,True,
Eminem - Discography 1996-2020 [FLAC] vtwin88cube/2002 - The Eminem Show/19 - My Dad's Gone Crazy.flac,89.1,Fm,True,
Eminem - Discography 1996-2020 [FLAC] vtwin88cube/2002 - The Eminem Show/06 - The Kiss (Skit).flac,95.7,F#m,True,
Eminem - Discography 1996-2020 [FLAC] vtwin88cube/2002 - The Eminem Show/07 - Soldier.flac,123.0,A,True,
Eminem - Discography 1996-2020 [FLAC] vtwin88cube/2002 - The Eminem Show/17 - Say What You Say.flac,107.7,Bb,True,
Eminem - Discography 1996-2020 [FLAC] vtwin88cube/2002 - The Eminem Show/04 - Cleanin Out My Closet.flac,99.4,Cm,True,
Eminem - Discography 1996-2020 [FLAC] vtwin88cube/2002 - The Eminem Show/16 - When The Music Stops.flac,184.6,G#m,True,
Eminem - Discography 1996-2020 [FLAC] vtwin88cube/2002 - The Eminem Show/02 - White America.flac,152.0,B,True,
Eminem - Discography 1996-2020 [FLAC] vtwin88cube/2002 - The Eminem Show/13 - Superman.flac,129.2,Ab,True,
Eminem - Discography 1996-2020 [FLAC] vtwin88cube/2004 - Encore/CD2/03 - Ricky Ticky Toc.flac,86.1,Db,True,
Eminem - Discography 1996-2020 [FLAC] vtwin88cube/2004 - Encore/CD2/01 - We As Americans.flac,112.3,G#m,True,
Eminem - Discography 1996-2020 [FLAC] vtwin88cube/2004 - Encore/CD2/02 - Love You More.flac,123.0,G#m,True,
Eminem - Discography 1996-2020 [FLAC] vtwin88cube/2004 - Encore/CD1/14 - Ass Like That.flac,152.0,Eb,True,
Eminem - Discography 1996-2020 [FLAC] vtwin88cube/2004 - Encore/CD1/05 - Like Toy Soldiers.flac,112.3,G#m,True,
Eminem - Discography 1996-2020 [FLAC] vtwin88cube/2004 - Encore/CD1/02 - Evil Deeds.flac,76.0,Fm,True,
Eminem - Discography 1996-2020 [FLAC] vtwin88cube/2004 - Encore/CD1/01 - Curtains Up.flac,123.0,G#m,True,
Eminem - Discography 1996-2020 [FLAC] vtwin88cube/2004 - Encore/CD1/18 - One Shot 2 Shot.flac,99.4,B,True,
Eminem - Discography 1996-2020 [FLAC] vtwin88cube/2004 - Encore/CD1/12 - Em Calls Paul (Skit).flac,112.3,Dm,True,
Eminem - Discography 1996-2020 [FLAC] vtwin88cube/2004 - Encore/CD1/04 - Yellow Brick Road.flac,112.3,Eb,True,
Eminem - Discography 1996-2020 [FLAC] vtwin88cube/2004 - Encore/CD1/03 - Never Enough.flac,95.7,F#m,True,
Eminem - Discography 1996-2020 [FLAC] vtwin88cube/2004 - Encore/CD1/11 - Big Weenie.flac,86.1,Am,True,
Eminem - Discography 1996-2020 [FLAC] vtwin88cube/2004 - Encore/CD1/16 - Mockingbird.flac,112.3,Fm,True,
Eminem - Discography 1996-2020 [FLAC] vtwin88cube/2004 - Encore/CD1/07 - Puke.flac,83.4,Fm,True,
Eminem - Discography 1996-2020 [FLAC] vtwin88cube/2004 - Encore/CD1/20 - Encore  (Curtains).flac,89.1,Dm,True,
Eminem - Discography 1996-2020 [FLAC] vtwin88cube/2004 - Encore/CD1/13 - Just Lose It.flac,80.7,Dm,True,
Eminem - Discography 1996-2020 [FLAC] vtwin88cube/2004 - Encore/CD1/17 - Crazy In Love.flac,161.5,Cm,True,
Eminem - Discography 1996-2020 [FLAC] vtwin88cube/2004 - Encore/CD1/10 - Rain Man.flac,89.1,Cm,True,
Eminem - Discography 1996-2020 [FLAC] vtwin88cube/2004 - Encore/CD1/06 - Mosh.flac,73.8,A,True,
Eminem - Discography 1996-2020 [FLAC] vtwin88cube/2004 - Encore/CD1/09 - Paul (Skit).flac,129.2,Bm,True,
Eminem - Discography 1996-2020 [FLAC] vtwin88cube/2004 - Encore/CD1/15 - Spend Some Time.flac,83.4,Dm,True,
Eminem - Discography 1996-2020 [FLAC] vtwin88cube/2004 - Encore/CD1/08 - My 1St Single.flac,112.3,Fm,True,
Eminem - Discography 1996-2020 [FLAC] vtwin88cube/2004 - Encore/CD1/19 - Final Thought (Skit).flac,143.6,Dm,True,
DMX/09 What These Bitches Want.flac,83.4,Em,True,
DMX/DMX - Year of the Dog… Again - 09 - Give ’Em What They Want.flac,92.3,Gm,True,
DMX/DMX - Year of the Dog… Again - 12 - Goodbye.flac,83.4,Dm,True,
DMX/DMX - Year of the Dog… Again - 01 - Intro.flac,123.0,Am,True,
DMX/10 What’s My Name .flac,129.2,Bbm,True,
DMX/DMX - Year of the Dog… Again - 13 - Life Be My Song.flac,117.5,Bbm,True,
DMX/02 One More Road to Cross.flac,95.7,Cm,True,
DMX/06 Here We Go Again.flac,92.3,Cm,True,
DMX/DMX - Year of the Dog… Again - 14 - The Prayer VI.flac,143.6,Bm,True,
DMX/DMX - Year of the Dog… Again - 11 - Blown Away.flac,89.1,Em,True,
DMX/17 Angel.flac,80.7,Bm,True,
DMX/11 More 2 a Song.flac,92.3,Cm,True,
DMX/DMX - Year of the Dog… Again - 06 - Baby Motha.flac,89.1,D#m,True,
DMX/01 The Kennel (skit).flac,136.0,Am,True,
DMX/15 Comin’ for Ya.flac,184.6,Em,True,
DMX/DMX - Year of the Dog… Again - 08 - Wrong or Right (I’m Tired).flac,95.7,Fm,True,
DMX/08 Make a Move.flac,103.4,Cm,True,
DMX/13 The Shakedown (skit).flac,136.0,Bbm,True,
DMX/DMX - Year of the Dog… Again - 17 - Pump Ya Fist.flac,99.4,Cm,True,
DMX/DMX - Year of the Dog… Again - 16 - Who Dat.flac,129.2,Dm,True,
DMX/16 Prayer III.flac,112.3,Dm,True,
"DMX/18 Good Girls, Bad Guys.flac",107.7,Dm,True,
DMX/14 D-X-L (Hard White).flac,123.0,A,True,
DMX/12 Don’t You Ever.flac,136.0,Am,True,
DMX/07 Party Up (Up in Here).flac,99.4,F#m,True,
DMX/04 Fame.flac,99.4,Gm,True,
DMX/03 The Professional.flac,92.3,Eb,True,
DMX/DMX - Year of the Dog… Again - 15 - Lord Give Me a Sign.flac,95.7,Bbm,True,
DMX/05 Alot to Learn (skit).flac,99.4,Em,True,
DMX/DMX - Year of the Dog… Again - 05 - It’s Personal.flac,92.3,F,True,
DMX/DMX - Year of the Dog… Again - 03 - I Run Shit.flac,95.7,Em,True,
DMX/DMX - Year of the Dog… Again - 07 - Dog Love.flac,86.1,C,True,
DMX/DMX - Year of the Dog… Again - 10 - Walk These Dogs.flac,112.3,Em,True,
DMX/DMX - Year of the Dog… Again - 04 - Come Thru (Move).flac,99.4,C#m,True,
DMX/DMX - Year of the Dog… Again - 02 - We in Here.flac,89.1,D#m,True,
DMX/It's Dark And Hell Is Hot/03 Fuckin' Wit' D_1.flac,99.4,D#m,True,
DMX/It's Dark And Hell Is Hot/19 Niggaz Done Started Something_2.flac,89.1,G#m,True,
DMX/It's Dark And Hell Is Hot/19 Niggaz Done Started Something_3.flac,89.1,G#m,True,
DMX/It's Dark And Hell Is Hot/03 Fuckin' Wit' D.flac,99.4,D#m,True,
DMX/It's Dark And Hell Is Hot/03 Fuckin' Wit' D_3.flac,99.4,D#m,True,
DMX/It's Dark And Hell Is Hot/19 Niggaz Done Started Something.flac,89.1,G#m,True,
DMX/It's Dark And Hell Is Hot/19 Niggaz Done Started Something_1.flac,89.1,G#m,True,
DMX/It's Dark And Hell Is Hot/03 Fuckin' Wit' D_2.flac,99.4,D#m,True,
DMX/Redemption of The Beast/03 On and On_1.flac,92.3,Gm,True,
DMX/Redemption of The Beast/03 On and On.flac,92.3,Gm,True,
DMX/Redemption of The Beast/01 Spit That Shit.flac,,,,load: error -50
DMX/Redemption of The Beast/01 Spit That Shit_1.flac,,,,load: error -50
DMX/Redemption of The Beast/03 On and On_2.flac,92.3,Gm,True,
DMX/Redemption of The Beast/03 On and On_3.flac,92.3,Gm,True,
"Lil Wayne, Wiz Khalifa & Imagine Dragons Feat. Logic, Ty Dolla $ign & X Ambassadors/Certified Throwbacks/21 Sucker for Pain (feat. Logic, Ty Dolla $ign & X Ambassadors)_1.flac",,,,load: error -50
"Lil Wayne, Wiz Khalifa & Imagine Dragons Feat. Logic, Ty Dolla $ign & X Ambassadors/Certified Throwbacks/21 Sucker for Pain (feat. Logic, Ty Dolla $ign & X Ambassadors).flac",,,,load: error -50
The Notorious B.I.G. Feat. T.I/Duets- The Final Chapter (20th Deluxe)/30 Breakin' Old Habits (Instrumental).flac,,,,load: error -50
The Notorious B.I.G. Feat. T.I/Duets- The Final Chapter (20th Deluxe)/30 Breakin' Old Habits (Instrumental)_1.flac,,,,load: error -50
Immortal Technique - The 3rd World/07 The 3rd World.mp3,172.3,Em,True,
Immortal Technique - The 3rd World/16 Crimes Of The Heart (feat. Maya A.mp3,172.3,Am,True,
Immortal Technique - The 3rd World/01 Death March.mp3,89.1,C#m,True,
Immortal Technique - The 3rd World/05 Lick Shot (feat. Crooked I & Chin.mp3,123.0,Fm,True,
Immortal Technique - The 3rd World/11 Payback (feat. Diabolic & Ras Kas.mp3,143.6,Bm,True,
Immortal Technique - The 3rd World/04 Harlem Renaissance.mp3,92.3,Em,True,
Immortal Technique - The 3rd World/10 Open Your Eyes.mp3,152.0,Dm,True,
Immortal Technique - The 3rd World/02 That's What It Is.mp3,89.1,D#m,True,
Immortal Technique - The 3rd World/08 Hollywood Driveby (feat. PsycoRea.mp3,86.1,Fm,True,
Immortal Technique - The 3rd World/15 Parole (Evil Genius Mix).mp3,107.7,C,True,
Immortal Technique - The 3rd World/09 Reverse Pimpology (feat. Mojo).mp3,161.5,C#m,True,
Immortal Technique - The 3rd World/12 Adios Uncle Tom (Skit).mp3,95.7,C#m,True,
Immortal Technique - The 3rd World/14 Mistakes.mp3,89.1,D,True,
Immortal Technique - The 3rd World/13 Stronghold Grip (feat. Poison Pen.mp3,107.7,Cm,True,
Immortal Technique - The 3rd World/03 Golpe De Estado (feat. Temperamen.mp3,107.7,D#m,True,
Immortal Technique - The 3rd World/06 Apocrypha.mp3,89.1,Em,True,
Disclosure Feat. AlunaGeorge/Deep House 2026/01 White Noise.flac,,,,load: error 1650549857
Disclosure Feat. AlunaGeorge/Deep House 2026/01 White Noise_1.flac,,,,load: error 1650549857
Fun Lovin' Criminals - Come Find Yourself (1996)/03 - The Grave And The Constant.flac,184.6,C,True,
Fun Lovin' Criminals - Come Find Yourself (1996)/05 - Smoke 'Em.flac,172.3,Cm,True,
Fun Lovin' Criminals - Come Find Yourself (1996)/12 - Crime And Punishment.flac,99.4,Gm,True,
Fun Lovin' Criminals - Come Find Yourself (1996)/09 - We Have All The Time In The World.flac,117.5,Eb,True,
Fun Lovin' Criminals - Come Find Yourself (1996)/06 - Bombin' The L.flac,103.4,Bbm,True,
Fun Lovin' Criminals - Come Find Yourself (1996)/11 - Come Find Yourself.flac,172.3,Em,True,
Fun Lovin' Criminals - Come Find Yourself (1996)/04 - Scooby Snacks.flac,103.4,Eb,True,
Fun Lovin' Criminals - Come Find Yourself (1996)/14 - I Can't Get With That (Schmoove Version).flac,123.0,Eb,True,
Fun Lovin' Criminals - Come Find Yourself (1996)/08 - King Of New York.flac,107.7,Gm,True,
Fun Lovin' Criminals - Come Find Yourself (1996)/01 - The Fun Lovin’ Criminal.flac,95.7,Fm,True,
Fun Lovin' Criminals - Come Find Yourself (1996)/13 - Methadonia.flac,136.0,Eb,True,
Fun Lovin' Criminals - Come Find Yourself (1996)/07 - I Can't Get With That.flac,86.1,Bb,True,
Fun Lovin' Criminals - Come Find Yourself (1996)/15 - Coney Island Girl.flac,103.4,Fm,True,
Fun Lovin' Criminals - Come Find Yourself (1996)/10 - Bear Hug.flac,99.4,Cm,True,
Fun Lovin' Criminals - Come Find Yourself (1996)/02 - Passive-Aggressive.flac,172.3,Gm,True,
"Vulfpeck/The Joy of Music, the Job of Real Estate/08 Something.flac",112.3,Gm,True,
"Vulfpeck/The Joy of Music, the Job of Real Estate/08 Something_1.flac",112.3,Gm,True,
Dr.Alban - Collection ( 1990-2023)/59.Mountains.mp3,136.0,F,True,
Dr.Alban - Collection ( 1990-2023)/25.Roll Down Di Rubber Man.mp3,92.3,E,True,
Dr.Alban - Collection ( 1990-2023)/42.Loverboy (Radio Edit).mp3,99.4,Fm,True,
Dr.Alban - Collection ( 1990-2023)/22.Feel The Rhythm.mp3,129.2,Am,True,
Dr.Alban - Collection ( 1990-2023)/55.Hard Pan Di Drums.mp3,123.0,Em,True,
Dr.Alban - Collection ( 1990-2023)/33.One Love.mp3,95.7,C#m,True,
Dr.Alban - Collection ( 1990-2023)/51.Fly Eagles (Champion Mix).mp3,95.7,D#m,True,
Dr.Alban - Collection ( 1990-2023)/10.Hurricane (Radio Mix).mp3,129.2,Bbm,True,
Dr.Alban - Collection ( 1990-2023)/16.Mr. DJ.mp3,136.0,Cm,True,
Dr.Alban - Collection ( 1990-2023)/15.This Time I'm Free.mp3,99.4,Fm,True,
Dr.Alban - Collection ( 1990-2023)/12.Give Me Lovin.mp3,129.2,Bbm,True,
Dr.Alban - Collection ( 1990-2023)/49.Hello South Africa (Original Alternative).mp3,112.3,Dm,True,
Dr.Alban - Collection ( 1990-2023)/48.Hard To Choose.mp3,95.7,Fm,True,
Dr.Alban - Collection ( 1990-2023)/58.Sweet Dreams (feat. Swing).mp3,136.0,Am,True,
Dr.Alban - Collection ( 1990-2023)/23.I Love the 90's (feat. Haddaway).mp3,129.2,Bm,True,
Dr.Alban - Collection ( 1990-2023)/37.Om We  Rembwe Ike.mp3,123.0,Bbm,True,
Dr.Alban - Collection ( 1990-2023)/34.Colour The World [Sash! Remix].mp3,136.0,G,True,
Dr.Alban - Collection ( 1990-2023)/43.Mata Oh A Eh.mp3,103.4,Bbm,True,
Dr.Alban - Collection ( 1990-2023)/35.Gimme Dat Lovin.mp3,95.7,Em,True,
Dr.Alban - Collection ( 1990-2023)/14.Reggae Gone Ragga.mp3,99.4,Cm,True,
Dr.Alban - Collection ( 1990-2023)/45.Home Sweet Home.mp3,129.2,Em,True,
Dr.Alban - Collection ( 1990-2023)/47.Street Vibes (feat. Eeka Mouse).mp3,107.7,F,True,
Dr.Alban - Collection ( 1990-2023)/06.Enemies.mp3,184.6,Gm,True,
Dr.Alban - Collection ( 1990-2023)/03.Long Time Ago.mp3,129.2,Cm,True,
Dr.Alban - Collection ( 1990-2023)/24.What Do I Do.mp3,117.5,Bb,True,
Dr.Alban - Collection ( 1990-2023)/09.Work Work.mp3,99.4,Cm,True,
Dr.Alban - Collection ( 1990-2023)/32.Let The Beat Go On.mp3,136.0,Dm,True,
Dr.Alban - Collection ( 1990-2023)/18.100x Hívtalak (feat. Tissy).mp3,86.1,D#m,True,
Dr.Alban - Collection ( 1990-2023)/20.I Feel The Music.mp3,129.2,C#m,True,
Dr.Alban - Collection ( 1990-2023)/36.Carolina (feat. Charly Boy).mp3,99.4,Em,True,
Dr.Alban - Collection ( 1990-2023)/57.Fire.mp3,143.6,Am,True,
Dr.Alban - Collection ( 1990-2023)/39.Go See The Dentist.mp3,89.1,Em,True,
Dr.Alban - Collection ( 1990-2023)/29.Looking For Something.mp3,117.5,Am,True,
Dr.Alban - Collection ( 1990-2023)/26.Look Who's Talking.mp3,136.0,Fm,True,
Dr.Alban - Collection ( 1990-2023)/13.Habibi (feat. Melissa).mp3,99.4,Em,True,
Dr.Alban - Collection ( 1990-2023)/31.I Believe.mp3,129.2,Cm,True,
Dr.Alban - Collection ( 1990-2023)/07.I Wanna Know (feat. Efti).mp3,123.0,C#m,True,
Dr.Alban - Collection ( 1990-2023)/28.No Coke.mp3,95.7,Em,True,
Dr.Alban - Collection ( 1990-2023)/60.Alla Vi (feat. Friends In Need).mp3,136.0,C,True,
Dr.Alban - Collection ( 1990-2023)/19.Cash Money.mp3,112.3,Bbm,True,
Dr.Alban - Collection ( 1990-2023)/63.Beautiful People (EuroDJ Remix) [Italodance Version] (feat. Paradox Factory).mp3,92.3,Fm,True,
Dr.Alban - Collection ( 1990-2023)/27.Papaya Coconut (feat. Kikki Danielsson).mp3,129.2,C,True,
Dr.Alban - Collection ( 1990-2023)/21.Dr. Alban -  My Cool (feat. Al Azif & Adam Tensta).mp3,117.5,Dm,True,
Dr.Alban - Collection ( 1990-2023)/50.Reggae Music Gonna Move Ya (No Coke '94).mp3,95.7,Fm,True,
Dr.Alban - Collection ( 1990-2023)/62.Proud! (To Be Afrikan).mp3,103.4,C#m,True,
Dr.Alban - Collection ( 1990-2023)/30.Chiki Chiki (feat. Starclub).mp3,107.7,D#m,True,
Dr.Alban - Collection ( 1990-2023)/01.It's My Life.mp3,129.2,Cm,True,
Dr.Alban - Collection ( 1990-2023)/38.Summerday (feat. M Ret Zon).mp3,136.0,Am,True,
Dr.Alban - Collection ( 1990-2023)/46.U & Mi.mp3,95.7,C#m,True,
Dr.Alban - Collection ( 1990-2023)/08.Riddle Of Live.mp3,99.4,Am,True,
Dr.Alban - Collection ( 1990-2023)/11.Hello Afrika.mp3,103.4,Dm,True,
Dr.Alban - Collection ( 1990-2023)/53.Away From Home.mp3,95.7,Em,True,
Dr.Alban - Collection ( 1990-2023)/04.Plastic Smile.mp3,136.0,Cm,True,
Dr.Alban - Collection ( 1990-2023)/40.It's My Life (feat. Chawki).mp3,172.3,Cm,True,
Dr.Alban - Collection ( 1990-2023)/52.Push It.mp3,129.2,Gm,True,
Dr.Alban - Collection ( 1990-2023)/17.I Said It Once.mp3,123.0,Dm,True,
Dr.Alban - Collection ( 1990-2023)/02.Born In Africa (Original Radio Version).mp3,107.7,Em,True,
Dr.Alban - Collection ( 1990-2023)/56.Hallelujah Day.mp3,95.7,D#m,True,
Dr.Alban - Collection ( 1990-2023)/54.Alabalaba [Woman's Sexy].mp3,95.7,Em,True,
Dr.Alban - Collection ( 1990-2023)/61.It's My Life (Remix).mp3,129.2,F,True,
Dr.Alban - Collection ( 1990-2023)/41.Free Up Soweto.mp3,103.4,G,True,
Dr.Alban - Collection ( 1990-2023)/05.Around the World (feat. Jessica Folcker).mp3,89.1,Cm,True,
Dr.Alban - Collection ( 1990-2023)/44.Rock Steady [Pupulala].mp3,117.5,F,True,
Kanser - Self Titled/09) Amor Arrows.mp3,95.7,Cm,True,
Kanser - Self Titled/05) No D in Erogenous.mp3,95.7,D#m,True,
Kanser - Self Titled/10) Look Love.mp3,95.7,F#,True,
Kanser - Self Titled/07) Peaces of the Puzzle.mp3,89.1,Cm,True,
Kanser - Self Titled/02) I am Recognizin.mp3,95.7,Fm,True,
Kanser - Self Titled/12) New Breath.mp3,86.1,Db,True,
Kanser - Self Titled/11) Average Rap Music.mp3,89.1,Cm,True,
Kanser - Self Titled/03) Silent Treatment.mp3,89.1,Cm,True,
Kanser - Self Titled/15) People.mp3,129.2,G#m,True,
Kanser - Self Titled/01) Endetwa.mp3,99.4,D#m,True,
Kanser - Self Titled/04) Travlin.mp3,89.1,Am,True,
Kanser - Self Titled/08) Under the Sun.mp3,89.1,G,True,
Kanser - Self Titled/14) Music.mp3,92.3,Cm,True,
Kanser - Self Titled/13) Poukisa.mp3,89.1,C,True,
Kanser - Self Titled/06) Back Up.mp3,92.3,Gm,True,
Kanser - Self Titled/16) Walk with the Sun.mp3,92.3,C,True,
The Commission Feat. Jay-Z & The Notorious B.I.G/Duets- The Final Chapter (20th Deluxe)/04 Whatchu Want_2.flac,,,,load: error -50
The Commission Feat. Jay-Z & The Notorious B.I.G/Duets- The Final Chapter (20th Deluxe)/04 Whatchu Want.flac,,,,load: error -50
The Commission Feat. Jay-Z & The Notorious B.I.G/Duets- The Final Chapter (20th Deluxe)/04 Whatchu Want_1.flac,,,,load: error -50
Philanthrope/03 - Neighboring Villages (instrumental).flac,86.1,Bm,True,
Philanthrope/06 - Seven Swords (instrumental).flac,83.4,G#m,True,
Philanthrope/09 - Thousand Sunny (instrumental).flac,129.2,G,True,
Philanthrope/05 - Blood Mist (instrumental).flac,136.0,F#m,True,
Philanthrope/02 - Dojutsu (instrumental).flac,41.0,G,True,
Philanthrope/11 - Konquest (instrumental).flac,143.6,C#m,True,
Philanthrope/07 - Uzumaki (instrumental).flac,86.1,Dm,True,
Philanthrope/08 - Rare Collections (instrumental).flac,86.1,Cm,True,
Philanthrope/10 - Kishimoto (instrumental).flac,37.4,Db,True,
Philanthrope/04 - Reanimation (instrumental).flac,86.1,Gm,True,
Philanthrope/01 - Soul Blue (instrumental).flac,78.3,Cm,True,
Philanthrope/Clockwork/12 Leavin’.mp3,76.0,Bbm,True,
Jeru the Damaja/Blessed the Evolution/06 Transmission.mp3,184.6,Fm,True,
Mac Lethal/02-mac_lethal_-_pumpkin_pie.mp3,89.1,Bm,True,
Mac Lethal/01-mac_lethal_-_the_sage_diss.mp3,89.1,Bm,True,
Mac Lethal/118-Mac_Lethal-One_Day-jEDi.mp3,99.4,Cm,True,
Mac Lethal/Mac Lethal &amp; Esoteric - Random Love (produced by Tone Spliff).mp3,172.3,Bbm,True,
Mac Lethal/maclethal_02_eminem.mp3,103.4,Gm,True,
Mac Lethal/maclethal_06_school.mp3,152.0,Cm,True,
Mac Lethal/Mac Lethal - Spy vs. Spy.mp3,95.7,Gm,True,
Mac Lethal/Deep Thinkers - We Live In Kansas City (feat. Mac Lethal).mp3,80.7,Cm,True,
Mac Lethal/Mac Lethal - A Cool Breeze.mp3,95.7,B,True,
Mac Lethal/02-nobs_ft_mac_lethal_and_lodeck-bleach-ftd.mp3,86.1,Em,True,
Mac Lethal/08-deep_thinkers-we_live_in_kansas_city_and___(feat_mac_lethal).mp3,80.7,Cm,True,
"Mac Lethal/Mac Lethal & Sage Francis - In Like A Lamb, Out Like Gandhi.wav",123.0,Am,True,
Mac Lethal/maclethal_01_freestyling.mp3,123.0,Cm,True,
Mac Lethal/anti-crew-keep_talkin_ft_mac_lethal-ftd.mp3,99.4,Gm,True,
Mac Lethal/Mac Lethal & Sage Francis - Bleeding Gandhi Club.wav,161.5,C,True,
Mac Lethal/Mac Lethal - Pale Kid Raps Faster!.mp3,161.5,Fm,True,
Mac Lethal/mac lethal - baby powder.mp3,129.2,Em,True,
Mac Lethal/Mac Lethal - Candle Wax (feat Approach).mp3,161.5,Dm,True,
Mac Lethal/Mac Lethal - A Tribute to Thundercats.mp3,83.4,Gm,True,
Mac Lethal/maclethal_04_race.mp3,136.0,Cm,True,
Mac Lethal/maclethal_03_emorap.mp3,143.6,Cm,True,
Mac Lethal/Mac Lethal - Love Potion Collection #5/01. ignorant design.mp3,123.0,D#m,True,
Mac Lethal/Mac Lethal - Love Potion Collection #5/07. at least there's twitter.mp3,92.3,D#m,True,
Mac Lethal/Mac Lethal - Love Potion Collection #5/14. cherry soda pop demo.mp3,152.0,F#m,True,
Mac Lethal/Mac Lethal - Love Potion Collection #5/11. speak low.mp3,89.1,D#m,True,
Mac Lethal/Mac Lethal - Love Potion Collection #5/17-mac_lethal-prove_it_to_me_ft._devin_the_dude_and_grieves-ftd.mp3,152.0,Fm,True,
Mac Lethal/Mac Lethal - Love Potion Collection #5/21-mac_lethal-woodchip_grinder_remix_ft._aesop_rock_and_soulcrate_music-ftd.mp3,103.4,D#m,True,
Mac Lethal/Mac Lethal - Love Potion Collection #5/20 - mac lethal - hello demon (unreleased).mp3,99.4,Em,True,
Mac Lethal/Mac Lethal - Love Potion Collection #5/16. unfinished love song thing.mp3,89.1,E,True,
Mac Lethal/Mac Lethal - Love Potion Collection #5/13. paint you a picture.mp3,152.0,Eb,True,
Mac Lethal/Mac Lethal - Love Potion Collection #5/10. '87 blimmy.mp3,95.7,Fm,True,
Mac Lethal/Mac Lethal - Love Potion Collection #5/03. drunk flow 3 (pain-killers & new glarus).mp3,152.0,C,True,
Mac Lethal/Mac Lethal - Love Potion Collection #5/12. manifesto.mp3,95.7,Cm,True,
Mac Lethal/Mac Lethal - Love Potion Collection #5/19-mac_lethal-inside_(unreleased)-ftd.mp3,95.7,A,True,
Mac Lethal/Mac Lethal - Love Potion Collection #5/15. '07 sentra.mp3,161.5,Dm,True,
Mac Lethal/Mac Lethal - Love Potion Collection #5/04. stir crazy.mp3,92.3,G#m,True,
Mac Lethal/Mac Lethal - Love Potion Collection #5/05. heart uvva pig (my map of love).mp3,123.0,Bbm,True,
Mac Lethal/Mac Lethal - Love Potion Collection #5/06. el camino.mp3,89.1,C,True,
Mac Lethal/Mac Lethal - Love Potion Collection #5/09. so fly (creatively).mp3,123.0,Cm,True,
Mac Lethal/Mac Lethal - Love Potion Collection #5/02. undertow.mp3,99.4,Fm,True,
Mac Lethal/Mac Lethal - Love Potion Collection #5/18-mac_lethal-11_outta_10_(alternate_version_ft_joe_good)-ftd.mp3,161.5,Dm,True,
Mac Lethal/Mac Lethal - Love Potion Collection #5/08. woodchip grinder (feat. aesop rock).mp3,103.4,D#m,True,
"Mac Lethal/Mac Lethal - Men Are From Mars, Porn Stars Are From Earth/10-mac_lethal-cyborgs_revenge-cms.mp3",107.7,C,True,
"Mac Lethal/Mac Lethal - Men Are From Mars, Porn Stars Are From Earth/02-mac_lethal-my_favorite_screams-cms.mp3",89.1,F,True,
"Mac Lethal/Mac Lethal - Men Are From Mars, Porn Stars Are From Earth/11-mac_lethal-monday_school-cms.mp3",89.1,D#m,True,
"Mac Lethal/Mac Lethal - Men Are From Mars, Porn Stars Are From Earth/12-mac_lethal-midnight_in_manhattan-cms.mp3",172.3,D#m,True,
"Mac Lethal/Mac Lethal - Men Are From Mars, Porn Stars Are From Earth/05-mac_lethal-my_angel_veronica-cms.mp3",184.6,G#m,True,
"Mac Lethal/Mac Lethal - Men Are From Mars, Porn Stars Are From Earth/09-mac_lethal-neptune_my_sweet_neptune-cms.mp3",89.1,Cm,True,
"Mac Lethal/Mac Lethal - Men Are From Mars, Porn Stars Are From Earth/06-mac_lethal-the_m.a.d.-cms.mp3",92.3,Fm,True,
"Mac Lethal/Mac Lethal - Men Are From Mars, Porn Stars Are From Earth/01-mac_lethal-1300_am-cms.mp3",89.1,Em,True,
"Mac Lethal/Mac Lethal - Men Are From Mars, Porn Stars Are From Earth/14-mac_lethal-club_bamboo_(bonus_track)-cms.mp3",92.3,Fm,True,
"Mac Lethal/Mac Lethal - Men Are From Mars, Porn Stars Are From Earth/03-mac_lethal-ike_turner_psychic_network-cms.mp3",107.7,Bb,True,
"Mac Lethal/Mac Lethal - Men Are From Mars, Porn Stars Are From Earth/08-mac_lethal-mermaid_pornography-cms.mp3",95.7,Fm,True,
"Mac Lethal/Mac Lethal - Men Are From Mars, Porn Stars Are From Earth/04-mac_lethal-a_cool_breeze-cms.mp3",95.7,B,True,
"Mac Lethal/Mac Lethal - Men Are From Mars, Porn Stars Are From Earth/13-mac_lethal-untitled_(secret_track)-cms.mp3",112.3,Dm,True,
"Mac Lethal/Mac Lethal - Men Are From Mars, Porn Stars Are From Earth/07-mac_lethal-my_mom_izza_thug-cms.mp3",129.2,Bm,True,
Mac Lethal/Mac Lethal - Love Potion Collection/05-mac_lethal-turn_off_the_radio-chr.mp3,92.3,D#m,True,
Mac Lethal/Mac Lethal - Love Potion Collection/14-mac_lethal-ocean-chr.mp3,172.3,C#m,True,
Mac Lethal/Mac Lethal - Love Potion Collection/12-mac_lethal-geisha_with_a_gun-chr.mp3,161.5,Fm,True,
Mac Lethal/Mac Lethal - Love Potion Collection/15-mac_lethal-pass_the_ammo_(radio)-chr.mp3,161.5,F,True,
Mac Lethal/Mac Lethal - Love Potion Collection/04-mac_lethal-untitled_ft_ces_cru__lucid-chr.mp3,172.3,Gm,True,
Mac Lethal/Mac Lethal - Love Potion Collection/02-mac_lethal-love_potion-chr.mp3,89.1,Gm,True,
Mac Lethal/Mac Lethal - Love Potion Collection/06-mac_lethal-more_to_life-chr.mp3,99.4,D,True,
Mac Lethal/Mac Lethal - Love Potion Collection/13-mac_lethal-the_bellevue_machine-chr.mp3,107.7,Am,True,
Mac Lethal/Mac Lethal - Love Potion Collection/11-mac_lethal-cyborg_love-chr.mp3,112.3,Fm,True,
Mac Lethal/Mac Lethal - Love Potion Collection/07-mac_lethal-where_the_wild_things_are-chr.mp3,86.1,Bm,True,
Mac Lethal/Mac Lethal - Love Potion Collection/09-mac_lethal-all_night_long_ft_joe_good-chr.mp3,161.5,F#m,True,
Mac Lethal/Mac Lethal - Love Potion Collection/01-mac_lethal-jenna_loves_lethal-chr.mp3,152.0,Em,True,
Mac Lethal/Mac Lethal - Love Potion Collection/08-mac_lethal-wookies_groove-chr.mp3,172.3,Am,True,
Mac Lethal/Mac Lethal - Love Potion Collection/03-mac_lethal-pass_the_ammo-chr.mp3,161.5,F,True,
Mac Lethal/Mac Lethal - Love Potion Collection/10-mac_lethal-change_the_drawls_ft_approach-chr.mp3,95.7,Am,True,
"Mac Lethal/mac lethal - rare, unreleased, and other/Mac Lethal - Kansas Hospitality (Ludacris parody).mp3",95.7,Bbm,True,
"Mac Lethal/mac lethal - rare, unreleased, and other/Mac Lethal - Greetings from Lethalville (feat Ghost & Ouija).mp3",92.3,Em,True,
"Mac Lethal/mac lethal - rare, unreleased, and other/Mac Lethal - Lady Snow Blood.mp3",89.1,F#m,True,
"Mac Lethal/mac lethal - rare, unreleased, and other/Mac Lethal - I Don't Need You (feat Okwerdz & Ex-I).mp3",89.1,F#m,True,
"Mac Lethal/mac lethal - rare, unreleased, and other/Mac Lethal - Candel Wax (feat Approach).MP3",161.5,Dm,True,
"Mac Lethal/mac lethal - rare, unreleased, and other/Mac Lethal - David Maxelrod.mp3",184.6,G#m,True,
"Mac Lethal/mac lethal - rare, unreleased, and other/Mac Lethal - Bill OReilly.mp3",95.7,Fm,True,
"Mac Lethal/mac lethal - rare, unreleased, and other/Mac Lethal - Off The Top.mp3",92.3,C#m,True,
"Mac Lethal/mac lethal - rare, unreleased, and other/Mac Lethal - A Tribute To Thundercats.mp3",83.4,Gm,True,
"Mac Lethal/mac lethal - rare, unreleased, and other/Mac Lethal - Earth By Earth.mp3",143.6,Bbm,True,
"Mac Lethal/mac lethal - rare, unreleased, and other/Mac Lethal - HOverkill (feat Slug).mp3",89.1,Cm,True,
"Mac Lethal/mac lethal - rare, unreleased, and other/Mac Lethal - Hurricane (feat SoundsGood & Godemus).mp3",112.3,Bm,True,
"Mac Lethal/mac lethal - rare, unreleased, and other/Al Japro - Detour (feat. Mac Lethal).mp3",103.4,Em,True,
"Mac Lethal/mac lethal - rare, unreleased, and other/Mac Lethal - Dr. Velcro & Laura Schlessinger (El-P Parody).mp3",172.3,C#m,True,
Mac Lethal/Mac Lethal & Nezbeats - The 9 Situations/mac lethal & nezbeats - the 9 situations - 10 - one_shot_ft_archetype.mp3,172.3,C#m,True,
Mac Lethal/Mac Lethal & Nezbeats - The 9 Situations/mac lethal & nezbeats - the 9 situations - 01 - intro.mp3,112.3,G#m,True,
Mac Lethal/Mac Lethal & Nezbeats - The 9 Situations/mac lethal & nezbeats - the 9 situations - 08 - pauses_are_weapons.mp3,184.6,F#m,True,
Mac Lethal/Mac Lethal & Nezbeats - The 9 Situations/mac lethal & nezbeats - the 9 situations - 11 - prayer.mp3,83.4,Gm,True,
Mac Lethal/Mac Lethal & Nezbeats - The 9 Situations/mac lethal & nezbeats - the 9 situations - 06 - birth_of_spring.mp3,172.3,F#m,True,
Mac Lethal/Mac Lethal & Nezbeats - The 9 Situations/mac lethal & nezbeats - the 9 situations - 04 - juice.mp3,95.7,F#m,True,
Mac Lethal/Mac Lethal & Nezbeats - The 9 Situations/mac lethal & nezbeats - the 9 situations - 02 - detonate_you.mp3,103.4,F#m,True,
Mac Lethal/Mac Lethal & Nezbeats - The 9 Situations/mac lethal & nezbeats - the 9 situations - 05 - fifth_of_loss.mp3,152.0,Bm,True,
Mac Lethal/Mac Lethal & Nezbeats - The 9 Situations/mac lethal & nezbeats - the 9 situations - 07 - ancient_america_freestyle.mp3,112.3,Cm,True,
Mac Lethal/Mac Lethal & Nezbeats - The 9 Situations/mac lethal & nezbeats - the 9 situations - 03 - track 03.mp3,99.4,Cm,True,
Mac Lethal/Mac Lethal & Nezbeats - The 9 Situations/mac lethal & nezbeats - the 9 situations - 09 - drifting.mp3,161.5,Bm,True,
Mac Lethal/Mac Lethal - 11.11/Mac Lethal - 08 - Know it All.mp3,92.3,Fm,True,
Mac Lethal/Mac Lethal - 11.11/Mac Lethal - 03 - Rotten Apple Pie.mp3,136.0,C#m,True,
Mac Lethal/Mac Lethal - 11.11/Mac Lethal - 13 - Sun Storm.mp3,172.3,Dm,True,
Mac Lethal/Mac Lethal - 11.11/Mac Lethal - 10 - Die Slow.mp3,136.0,Am,True,
Mac Lethal/Mac Lethal - 11.11/Mac Lethal - 02 - Calm Down Baby.mp3,172.3,F#,True,
Mac Lethal/Mac Lethal - 11.11/Mac Lethal - 06 - Jihad!.mp3,86.1,Eb,True,
Mac Lethal/Mac Lethal - 11.11/Mac Lethal - 07 - Crazy.mp3,152.0,G#m,True,
Mac Lethal/Mac Lethal - 11.11/Mac Lethal - 01 - Backward.mp3,112.3,C#m,True,
Mac Lethal/Mac Lethal - 11.11/Mac Lethal - 04 - Makeout Bandit.mp3,86.1,D#m,True,
Mac Lethal/Mac Lethal - 11.11/Mac Lethal - 11 - Lithium Lips.mp3,83.4,G,True,
Mac Lethal/Mac Lethal - 11.11/Mac Lethal - 05 - Pound that Beer.mp3,143.6,Em,True,
Mac Lethal/Mac Lethal - 11.11/Mac Lethal - 12 - Tell Me Goodbye.mp3,161.5,Dm,True,
Mac Lethal/Mac Lethal - 11.11/Mac Lethal - 09 - Sledgehammer.mp3,107.7,Cm,True,
Mac Lethal/Mac Lethal - The Original 11.11 Sessions/10-Mac_Lethal-The_Original_Make-Out_Bandit.mp3,161.5,B,True,
Mac Lethal/Mac Lethal - The Original 11.11 Sessions/07-Mac_Lethal-Bareknuckle_Chris.mp3,99.4,Eb,True,
Mac Lethal/Mac Lethal - The Original 11.11 Sessions/08-Mac_Lethal-Oak_Tree.mp3,161.5,Dm,True,
Mac Lethal/Mac Lethal - The Original 11.11 Sessions/06-Mac_Lethal-In_My_Dreams.mp3,89.1,Dm,True,
Mac Lethal/Mac Lethal - The Original 11.11 Sessions/11-Mac_Lethal-The_Sketchbook.mp3,99.4,F#m,True,
Mac Lethal/Mac Lethal - The Original 11.11 Sessions/15-Mac_Lethal-Vanish.mp3,89.1,B,True,
Mac Lethal/Mac Lethal - The Original 11.11 Sessions/03-Mac_Lethal-Hammered_In.mp3,89.1,Gm,True,
Mac Lethal/Mac Lethal - The Original 11.11 Sessions/01-Mac_Lethal-Absolutely_Nowhere.mp3,143.6,F#m,True,
Mac Lethal/Mac Lethal - The Original 11.11 Sessions/02-Mac_Lethal-Shotgun.mp3,103.4,C#m,True,
Mac Lethal/Mac Lethal - The Original 11.11 Sessions/04-Mac_Lethal-Bloom.mp3,99.4,G#m,True,
Mac Lethal/Mac Lethal - The Original 11.11 Sessions/05-Mac_Lethal-Toad.mp3,78.3,C#m,True,
Mac Lethal/Mac Lethal - The Original 11.11 Sessions/12-Mac_Lethal-Halo.mp3,92.3,C#m,True,
Mac Lethal/Mac Lethal - The Original 11.11 Sessions/09-Mac_Lethal-Baby_Powder.mp3,0.0,C,True,
Mac Lethal/Mac Lethal - The Original 11.11 Sessions/14-Mac_Lethal-Epilogue.mp3,172.3,Cm,True,
Mac Lethal/Mac Lethal - The Original 11.11 Sessions/13-Mac_Lethal-Tummy.mp3,92.3,Cm,True,
Mac Lethal/Mac Lethal - The Love Potion Collection #4/08-mac_lethal-black_widow-ftd.mp3,107.7,Em,True,
Mac Lethal/Mac Lethal - The Love Potion Collection #4/06-mac_lethal-silkworm-ftd.mp3,172.3,D,True,
Mac Lethal/Mac Lethal - The Love Potion Collection #4/13-mac_lethal-ashes_to_ashley_feat._sadistik-ftd.mp3,95.7,G#m,True,
Mac Lethal/Mac Lethal - The Love Potion Collection #4/05-mac_lethal-fuck_you_all-ftd.mp3,95.7,Ab,True,
Mac Lethal/Mac Lethal - The Love Potion Collection #4/09-mac_lethal-theres_been_a_murder-ftd.mp3,92.3,D#m,True,
Mac Lethal/Mac Lethal - The Love Potion Collection #4/11-mac_lethal-25000-ftd.mp3,103.4,F#m,True,
Mac Lethal/Mac Lethal - The Love Potion Collection #4/07-mac_lethal-clinically_insane-ftd.mp3,161.5,Em,True,
Mac Lethal/Mac Lethal - The Love Potion Collection #4/01-mac_lethal-mean_jab-ftd.mp3,172.3,Am,True,
Mac Lethal/Mac Lethal - The Love Potion Collection #4/12-mac_lethal-take_me_in_my_sleep-ftd.mp3,92.3,G#m,True,
Mac Lethal/Mac Lethal - The Love Potion Collection #4/02-mac_lethal-pachyderm-ftd.mp3,103.4,C,True,
Mac Lethal/Mac Lethal - The Love Potion Collection #4/03-mac_lethal-mallory_knox-ftd.mp3,89.1,Bm,True,
Mac Lethal/Mac Lethal - The Love Potion Collection #4/04-mac_lethal-king_of_the_insects_freestyle-ftd.mp3,99.4,Bm,True,
Mac Lethal/Mac Lethal - The Love Potion Collection #4/10-mac_lethal-rotten_apple_pie-ftd.mp3,136.0,C#m,True,
Mac Lethal/Mac Lethal - The Love Potion Collection #3/04-mac_lethal-dying_at_25-ftd.mp3,92.3,Bbm,True,
Mac Lethal/Mac Lethal - The Love Potion Collection #3/01-mac_lethal-the_brunes-ftd.mp3,112.3,Em,True,
Mac Lethal/Mac Lethal - The Love Potion Collection #3/06-mac_lethal-dream_bag-ftd.mp3,103.4,Am,True,
Mac Lethal/Mac Lethal - The Love Potion Collection #3/11-mac_lethal-the_way_we_bash-ftd.mp3,112.3,C#m,True,
Mac Lethal/Mac Lethal - The Love Potion Collection #3/13-mac_lethal-mindfuck_maggie-ftd.mp3,143.6,C,True,
Mac Lethal/Mac Lethal - The Love Potion Collection #3/03-mac_lethal-parliament_menthol_lights-ftd.mp3,89.1,Dm,True,
Mac Lethal/Mac Lethal - The Love Potion Collection #3/07-mac_lethal-cucumbers-ftd.mp3,117.5,Cm,True,
Mac Lethal/Mac Lethal - The Love Potion Collection #3/09-mac_lethal-domino_motherfuckers-ftd.mp3,92.3,F#m,True,
Mac Lethal/Mac Lethal - The Love Potion Collection #3/10-mac_lethal-rapz_of_death_ft._sage_francis-ftd.mp3,95.7,Am,True,
Mac Lethal/Mac Lethal - The Love Potion Collection #3/05-mac_lethal-pull_the_hair-ftd.mp3,103.4,Cm,True,
Mac Lethal/Mac Lethal - The Love Potion Collection #3/02-mac_lethal-would_john_madden_have_crashed_his_bus_into_the_world_trade_center_if_he_plotted_911-ftd.mp3,95.7,C#m,True,
Mac Lethal/Mac Lethal - The Love Potion Collection #3/08-mac_lethal-eww-ftd.mp3,123.0,G#m,True,
Mac Lethal/Mac Lethal - The Love Potion Collection #3/12-mac_lethal-camera_2_ft._joe_good-ftd.mp3,107.7,Fm,True,
Mac Lethal/Mac Lethal - The Love Potion Collection #2/6. Needle Point (prod. Been).mp3,86.1,Bm,True,
Mac Lethal/Mac Lethal - The Love Potion Collection #2/13. Lavendar Moon (prod. Kid Called Computer (from 1998)).mp3,172.3,F,True,
Mac Lethal/Mac Lethal - The Love Potion Collection #2/9. D.U.I. #1 (prod. Marshall Larada).mp3,103.4,Am,True,
Mac Lethal/Mac Lethal - The Love Potion Collection #2/11. Papa's Belt (prod. Nezbeat).mp3,161.5,Cm,True,
Mac Lethal/Mac Lethal - The Love Potion Collection #2/3. Phone Interview clip.mp3,92.3,F#m,True,
Mac Lethal/Mac Lethal - The Love Potion Collection #2/8. Interlude (prod. Nezbeat).mp3,123.0,Em,True,
Mac Lethal/Mac Lethal - The Love Potion Collection #2/14. Show clip.mp3,143.6,Am,True,
Mac Lethal/Mac Lethal - The Love Potion Collection #2/1. Walkin' On Nails (prod. Lazer Beak).mp3,161.5,Bm,True,
Mac Lethal/Mac Lethal - The Love Potion Collection #2/10. Bottles (with Rick Whispers).mp3,99.4,Fm,True,
Mac Lethal/Mac Lethal - The Love Potion Collection #2/5a. A Slow Down Ghandi Shame (w. Sage Francis prod. Mac Lethal) 5b. I'm sage francis show clip.mp3,92.3,Fm,True,
Mac Lethal/Mac Lethal - The Love Potion Collection #2/12. Tangle (prod. Nezbeat).mp3,172.3,Cm,True,
Mac Lethal/Mac Lethal - The Love Potion Collection #2/16. Welcome To My Myspace Page (w. Joe Good prod. Mac Lethal).mp3,172.3,Em,True,
Mac Lethal/Mac Lethal - The Love Potion Collection #2/4. Smart Dumb Person (prod. Joey Beats).mp3,92.3,Bbm,True,
Mac Lethal/Mac Lethal - The Love Potion Collection #2/7. Lady Snowblood (prod. Kid Called Computer).mp3,89.1,F#m,True,
Mac Lethal/Mac Lethal - The Love Potion Collection #2/15. Strike My Dead (w. Steve Cruz of The Esoteri prod. Nezbeat).mp3,99.4,Cm,True,
Mac Lethal/Mac Lethal - The Love Potion Collection #2/2. Earth By Earth (prod. Kid Called Computer).mp3,143.6,Bbm,True,
Mac Lethal/Mac Lethal - Crown Prime Rib Mixtape/15 Black Clover Farewell Anthem.mp3,78.3,D#m,True,
Mac Lethal/Mac Lethal - Crown Prime Rib Mixtape/09 fuck nick cannon freestyle.mp3,83.4,G#m,True,
Mac Lethal/Mac Lethal - Crown Prime Rib Mixtape/03 a milli(er) lite freestyle.mp3,103.4,C#m,True,
Mac Lethal/Mac Lethal - Crown Prime Rib Mixtape/01 he's baque.mp3,136.0,Bbm,True,
Mac Lethal/Mac Lethal - Crown Prime Rib Mixtape/08 fuck grieves (by mac lethal).mp3,92.3,Em,True,
Mac Lethal/Mac Lethal - Crown Prime Rib Mixtape/10 June Snow Freestyle.mp3,99.4,D#m,True,
Mac Lethal/Mac Lethal - Crown Prime Rib Mixtape/12 Skateland Freestyle.mp3,92.3,F,True,
Mac Lethal/Mac Lethal - Crown Prime Rib Mixtape/05 hold me down.mp3,89.1,C#m,True,
"Mac Lethal/Mac Lethal - Crown Prime Rib Mixtape/11 Get The Money, Fuck The Bitches.mp3",172.3,Dm,True,
Mac Lethal/Mac Lethal - Crown Prime Rib Mixtape/14 I Put This Freestyle At The End Because It Sucks.mp3,152.0,G#m,True,
Mac Lethal/Mac Lethal - Crown Prime Rib Mixtape/02 russian river freestyle.mp3,78.3,C#m,True,
Mac Lethal/Mac Lethal - Crown Prime Rib Mixtape/06 drunk flow 1.mp3,92.3,D#m,True,
Mac Lethal/Mac Lethal - Crown Prime Rib Mixtape/13 Drunk Flow 2.mp3,92.3,C#m,True,
Mac Lethal/Mac Lethal - Crown Prime Rib Mixtape/07 fuck mac lethal (by grieves).mp3,89.1,F#m,True,
Mac Lethal/Mac Lethal - Crown Prime Rib Mixtape/04 looney farm lethal.mp3,161.5,Dm,True,
Mac Lethal/The R.E. & Mac Lethal - Moon Thinker EP/05-the_r.e._and_mac_lethal_-suicide_note-cms.mp3,89.1,Dm,True,
Mac Lethal/The R.E. & Mac Lethal - Moon Thinker EP/06-the_r.e._and_mac_lethal_-the_song-cms.mp3,172.3,G#m,True,
Mac Lethal/The R.E. & Mac Lethal - Moon Thinker EP/01-the_r.e._and_mac_lethal_-sunset-cms.mp3,172.3,Bbm,True,
Mac Lethal/The R.E. & Mac Lethal - Moon Thinker EP/03-the_r.e._and_mac_lethal_-contact_high-cms.mp3,172.3,F#m,True,
Mac Lethal/The R.E. & Mac Lethal - Moon Thinker EP/07-the_r.e._and_mac_lethal_-the_rubicon-cms.mp3,95.7,Bm,True,
Mac Lethal/The R.E. & Mac Lethal - Moon Thinker EP/04-the_r.e._and_mac_lethal_-city_of_the_green-cms.mp3,89.1,Dm,True,
Mac Lethal/The R.E. & Mac Lethal - Moon Thinker EP/02-the_r.e._and_mac_lethal_-moon_thinker-cms.mp3,89.1,D#m,True,
Boards of Canada/Tomorrow's Harvest/15 New Seeds.flac,112.3,D,True,
Boards of Canada/Tomorrow's Harvest/15 New Seeds_1.flac,112.3,D,True,
Atmosphere/03. Virgo.flac,172.3,A,True,
Atmosphere/06. Anymore.flac,83.4,F,True,
Atmosphere/04. Delicate.flac,83.4,Bb,True,
Atmosphere/02. Stopwatch.flac,68.0,Cm,True,
Atmosphere/01. Jerome.flac,95.7,Eb,True,
Atmosphere/09. Specificity.flac,172.3,Em,True,
Atmosphere/07. Earring (feat. Musab).flac,78.3,C,True,
"Atmosphere/05. Drown (feat. Cashinova, The Lioness & deM atlaS).flac",78.3,Fm,True,
Atmosphere/12. Graffiti.flac,73.8,Em,True,
Atmosphere/08. Trim.flac,83.4,C#m,True,
Atmosphere/11. Randy Mosh (feat. The Dynospectrum).flac,76.0,E,True,
Atmosphere/10. Mijo.flac,76.0,F,True,
Ambassadors Of Funk featuring M. C. Mario/Super Mario Compact Disco/07 King Of The Koopas - Supermariobrothers 3_2.flac,99.4,Dm,True,
Ambassadors Of Funk featuring M. C. Mario/Super Mario Compact Disco/07 King Of The Koopas - Supermariobrothers 3_1.flac,99.4,Dm,True,
Ambassadors Of Funk featuring M. C. Mario/Super Mario Compact Disco/07 King Of The Koopas - Supermariobrothers 3.flac,99.4,Dm,True,
Denzel Curry/Denzel Curry - ZUU - 08 - YOO.flac,112.3,Bm,True,
Denzel Curry/Denzel Curry - ZUU - 03 - WISH.flac,95.7,Em,True,
Denzel Curry/Denzel Curry - ZUU - 06 - SPEEDBOAT.flac,123.0,F#m,True,
Denzel Curry/Denzel Curry - ZUU - 11 - BLACKLAND 66.6.flac,117.5,Em,True,
Denzel Curry/Denzel Curry - ZUU - 04 - BIRDZ.flac,152.0,Em,True,
Denzel Curry/Denzel Curry - ZUU - 12 - P.A.T.flac,80.7,F#m,True,
Denzel Curry/Denzel Curry - ZUU - 02 - RICKY.flac,172.3,Gm,True,
Denzel Curry/Denzel Curry - ZUU - 07 - BUSHY B INTERLUDE.flac,117.5,Bm,True,
Denzel Curry/Denzel Curry - ZUU - 09 - CAROLMART.flac,152.0,G#m,True,
Denzel Curry/Denzel Curry - ZUU - 01 - ZUU.flac,143.6,Gm,True,
Denzel Curry/Denzel Curry - ZUU - 10 - SHAKE 88.flac,92.3,E,True,
Denzel Curry/Denzel Curry - ZUU - 05 - AUTOMATIC.flac,143.6,Gm,True,
Bionic Boogie/Disco Mix/17 Fess Up To The Boogie ((Disco remix by Gregg Diamond)).flac,,,,load: error 1650549857
Bionic Boogie/Disco Mix/17 Fess Up To The Boogie ((Disco remix by Gregg Diamond))_1.flac,,,,load: error 1650549857
A$AP Rocky/10-asap_rocky-max_b_(feat._joe_fox).flac,152.0,C,True,
A$AP Rocky/14 Ghetto Symphony (feat. Gunplay & A$AP Ferg).flac,99.4,Bm,True,
A$AP Rocky/16 I Come Apart (feat. Florence Welch).flac,83.4,Ab,True,
A$AP Rocky/15 Angels.flac,123.0,C#m,True,
A$AP Rocky/08. Stop Snitching.flac,143.6,Bb,True,
A$AP Rocky/05 Hell (feat. Santigold).flac,143.6,Eb,True,
A$AP Rocky/15. The End.flac,89.1,C,True,
A$AP Rocky/06 Pain (feat. OverDoz).flac,136.0,Dm,True,
A$AP Rocky/13-asap_rocky-westside_highway_(feat._james_fauntleroy).flac,92.3,C#m,True,
A$AP Rocky/14. Don't Be Dumb _ Trip Baby.flac,117.5,Em,True,
A$AP Rocky/07. No Trespassing.flac,95.7,B,True,
A$AP Rocky/08-asap_rocky-electric_body_(feat._schoolboy_q).flac,117.5,Bb,True,
A$AP Rocky/12-asap_rocky-wavybone_(feat._juicy_j_and_ugk).flac,152.0,Dm,True,
A$AP Rocky/17-asap_rocky-everyday_(feat._rod_stewart_and_miguel_and_mark_ronson).flac,152.0,F#m,True,
A$AP Rocky/04. Stole Ya Flow.flac,161.5,Em,True,
A$AP Rocky/16-asap_rocky-dreams_(interlude).flac,117.5,F,True,
A$AP Rocky/11 Phoenix.flac,143.6,Cm,True,
"A$AP Rocky/09 1 Train (feat. Kendrick Lamar, Joey Bada$$, Yelawolf, Danny Brown, Action Bronson & Big K.R.I.T.).flac",83.4,Gm,True,
A$AP Rocky/09. STFU.flac,68.0,F#m,True,
A$AP Rocky/03-asap_rocky-fine_whine_(feat._future_and_m.i.a.).flac,112.3,B,True,
A$AP Rocky/11. Air Force (Black Demarco).flac,123.0,C#m,True,
A$AP Rocky/13. Robbery feat. Doechii.flac,99.4,C,True,
A$AP Rocky/08 Wild for the Night (feat. Skrillex).flac,143.6,D#m,True,
A$AP Rocky/16. Swat Team.flac,143.6,Bm,True,
A$AP Rocky/07-asap_rocky-lord_pretty_flacko_joyde_2_(lpfj2).flac,103.4,Gm,True,
A$AP Rocky/05. Stay Here 4 Life.flac,152.0,G#m,True,
A$AP Rocky/05-asap_rocky-excuse_me.flac,123.0,Dm,True,
"A$AP Rocky/07 Fuckin' Problems (feat. Drake, 2 Chainz & Kendrick Lamar).flac",95.7,Bm,True,
A$AP Rocky/09-asap_rocky-jukebox_joints_(feat._joe_fox_and_kanye_west).flac,152.0,Bb,True,
A$AP Rocky/12. Whiskey (Release Me) feat. Damon Albarn & Westside Gunn.flac,73.8,Gm,True,
A$AP Rocky/02-asap_rocky-canal_st._(feat._bones).flac,136.0,F#m,True,
A$AP Rocky/02 Goldie.flac,161.5,D#m,True,
"A$AP Rocky/17. Fish N Steak (What It Is) feat. Tyler, the Creator.flac",129.2,B,True,
A$AP Rocky/13 Jodye.flac,69.8,Gm,True,
A$AP Rocky/15-asap_rocky-ms_(feat._lil_wayne).flac,117.5,A,True,
A$AP Rocky/10 Fashion Killa.flac,143.6,C#m,True,
A$AP Rocky/03. Interrogation (Skit).flac,107.7,G#m,True,
A$AP Rocky/03 PMW (All I Really Need) (feat. Schoolboy Q).flac,129.2,D#m,True,
A$AP Rocky/11-asap_rocky-pharsyde_(feat._joe_fox).flac,129.2,Bb,True,
A$AP Rocky/02. Helicopter.flac,89.1,G#m,True,
A$AP Rocky/04-asap_rocky-lsd.flac,117.5,Bb,True,
A$AP Rocky/10. Punk Rocky.flac,143.6,Fm,True,
A$AP Rocky/01. Order of Protection.flac,123.0,Gm,True,
A$AP Rocky/18-asap_rocky-back_home_(feat._mos_def_and_acyde_and_yams).flac,86.1,Em,True,
A$AP Rocky/12 Suddenly.flac,129.2,Fm,True,
A$AP Rocky/14-asap_rocky-better_things.flac,99.4,Fm,True,
A$AP Rocky/01-asap_rocky-holy_ghost_(feat._joe_fox).flac,76.0,Bm,True,
A$AP Rocky/06-asap_rocky-jd.flac,103.4,E,True,
A$AP Rocky/06. Playa.flac,152.0,G#m,True,
SwuM Benno/Chillhop Essentials Summer 2023/27 Arena.mp3,80.7,Bbm,True,
Klangkarussell Feat. Will Heard/Deep House 2026/10 Sonnentanz (Sun Don't Shine).flac,,,,load: error -50
Klangkarussell Feat. Will Heard/Deep House 2026/10 Sonnentanz (Sun Don't Shine)_1.flac,,,,load: error -50
The Notorious B.I.G. Feat. Bone Thugs-N-Harmony & Twista/Duets- The Final Chapter (20th Deluxe)/03 Spit Your Game (2005 Remaster)_1.flac,,,,load: error -50
The Notorious B.I.G. Feat. Bone Thugs-N-Harmony & Twista/Duets- The Final Chapter (20th Deluxe)/03 Spit Your Game (2005 Remaster).flac,,,,load: error -50
VA - I Believe This to Be The Supreme Formula  Hip-Hop  Poetry (2026) 320_kbps Beats⭐/VA - I Believe This to Be The Supreme Formula  Hip-Hop  Poetry (2026) 320_kbps Beats⭐/07. Fashow 2x & Open Mike Eagle - Varicose Veins.mp3,107.7,Dm,True,
VA - I Believe This to Be The Supreme Formula  Hip-Hop  Poetry (2026) 320_kbps Beats⭐/VA - I Believe This to Be The Supreme Formula  Hip-Hop  Poetry (2026) 320_kbps Beats⭐/02. Mansoor Syed - untitled #1.mp3,152.0,Fm,True,
"VA - I Believe This to Be The Supreme Formula  Hip-Hop  Poetry (2026) 320_kbps Beats⭐/VA - I Believe This to Be The Supreme Formula  Hip-Hop  Poetry (2026) 320_kbps Beats⭐/09. Ricky Wyrick, Mansoor Syed & R.A.P. Ferreira - Supreme Formula.mp3",143.6,C,True,
VA - I Believe This to Be The Supreme Formula  Hip-Hop  Poetry (2026) 320_kbps Beats⭐/VA - I Believe This to Be The Supreme Formula  Hip-Hop  Poetry (2026) 320_kbps Beats⭐/04. Fashow 2x - Smoke Session Confessions.mp3,143.6,Bm,True,
VA - I Believe This to Be The Supreme Formula  Hip-Hop  Poetry (2026) 320_kbps Beats⭐/VA - I Believe This to Be The Supreme Formula  Hip-Hop  Poetry (2026) 320_kbps Beats⭐/03. Patricia Evans - Heavy Pain.mp3,152.0,Cm,True,
VA - I Believe This to Be The Supreme Formula  Hip-Hop  Poetry (2026) 320_kbps Beats⭐/VA - I Believe This to Be The Supreme Formula  Hip-Hop  Poetry (2026) 320_kbps Beats⭐/08. Mansoor Syed - untitled #3.mp3,143.6,Dm,True,
VA - I Believe This to Be The Supreme Formula  Hip-Hop  Poetry (2026) 320_kbps Beats⭐/VA - I Believe This to Be The Supreme Formula  Hip-Hop  Poetry (2026) 320_kbps Beats⭐/01. Siobhan Dillon - I believe this to be the Supreme Formula.mp3,152.0,C,True,
VA - I Believe This to Be The Supreme Formula  Hip-Hop  Poetry (2026) 320_kbps Beats⭐/VA - I Believe This to Be The Supreme Formula  Hip-Hop  Poetry (2026) 320_kbps Beats⭐/05. Mansoor Syed - untitled #2.mp3,123.0,Fm,True,
VA - I Believe This to Be The Supreme Formula  Hip-Hop  Poetry (2026) 320_kbps Beats⭐/VA - I Believe This to Be The Supreme Formula  Hip-Hop  Poetry (2026) 320_kbps Beats⭐/06. Dau & R.A.P. Ferreira - Never a Failure.mp3,129.2,E,True,
50 Cent - Best Of 50 Cent (2017) [FLAC] 88/03 - 50 Cent - PIMP.flac,117.5,F#m,True,
50 Cent - Best Of 50 Cent (2017) [FLAC] 88/06 - 50 Cent - Just A Lil Bit.flac,95.7,G#m,True,
50 Cent - Best Of 50 Cent (2017) [FLAC] 88/14 - 50 Cent - I'll Still Kill (Feat. Akon).flac,89.1,Dm,True,
50 Cent - Best Of 50 Cent (2017) [FLAC] 88/11 - 50 Cent - Ayo Technology (Feat. Justin Timberlake & Timbaland).flac,69.8,E,True,
50 Cent - Best Of 50 Cent (2017) [FLAC] 88/07 - 50 Cent - Outta Control (Remix) (Feat. Mobb Deep).flac,92.3,F#m,True,
50 Cent - Best Of 50 Cent (2017) [FLAC] 88/16 - 50 Cent - I Get It In.flac,95.7,B,True,
50 Cent - Best Of 50 Cent (2017) [FLAC] 88/18 - 50 Cent - How To Rob (Feat. Madd Rapper).flac,99.4,D#m,True,
50 Cent - Best Of 50 Cent (2017) [FLAC] 88/15 - 50 Cent - Get Up.flac,123.0,D#m,True,
50 Cent - Best Of 50 Cent (2017) [FLAC] 88/08 - 50 Cent - Hustler's Ambition.flac,89.1,D#m,True,
50 Cent - Best Of 50 Cent (2017) [FLAC] 88/17 - 50 Cent - Baby By Me.flac,95.7,Am,True,
50 Cent - Best Of 50 Cent (2017) [FLAC] 88/04 - 50 Cent - Disco Inferno.flac,95.7,Em,True,
50 Cent - Best Of 50 Cent (2017) [FLAC] 88/09 - 50 Cent - Best Friend (Remix) (Feat. Olivia).flac,172.3,Bm,True,
50 Cent - Best Of 50 Cent (2017) [FLAC] 88/12 - 50 Cent - I Get Money.flac,123.0,Ab,True,
50 Cent - Best Of 50 Cent (2017) [FLAC] 88/13 - 50 Cent - Straight To The Bank.flac,89.1,Dm,True,
50 Cent - Best Of 50 Cent (2017) [FLAC] 88/02 - 50 Cent - 21 Questions (Feat. Nate Dogg).flac,92.3,B,True,
50 Cent - Best Of 50 Cent (2017) [FLAC] 88/01 - 50 Cent - In Da Club.flac,89.1,G#m,True,
50 Cent - Best Of 50 Cent (2017) [FLAC] 88/05 - 50 Cent - Candy Shop (Feat. Olivia).flac,99.4,D#m,True,
Stan Forebee/Swirl Solstice/01 Swirl Solstice.mp3,152.0,A,True,
"Trivecta/Rocket League × Monstercat, Vol. 1/10 Break Me.flac",152.0,D#m,True,
"Trivecta/Rocket League × Monstercat, Vol. 1/10 Break Me_2.flac",152.0,D#m,True,
"Trivecta/Rocket League × Monstercat, Vol. 1/10 Break Me_1.flac",152.0,D#m,True,
Pastel Ghost/[2014] Shadows EP/03 - PASTEL GHOST - TRANSLUCID.flac,123.0,G,True,
Pastel Ghost/[2014] Shadows EP/02 - PASTEL GHOST - PRISM.flac,123.0,Ab,True,
Pastel Ghost/[2014] Shadows EP/04 - PASTEL GHOST - SKELETON.flac,136.0,Bbm,True,
Pastel Ghost/[2014] Shadows EP/01 - PASTEL GHOST - SHADOWS.flac,129.2,G,True,
Pastel Ghost/[2013] Dark Beach EP/Pastel Ghost - 01 - DARK BEACH.flac,129.2,Gm,True,
Pastel Ghost/[2013] Dark Beach EP/Pastel Ghost - 03 - SLOW GAZE.flac,103.4,Fm,True,
Pastel Ghost/[2013] Dark Beach EP/Pastel Ghost - 02 - SILHOUETTE.flac,129.2,Eb,True,
Pastel Ghost/[2018] Ethereality/07 - Tears.flac,112.3,E,True,
Pastel Ghost/[2018] Ethereality/08 - Amethyst.flac,129.2,C#m,True,
Pastel Ghost/[2018] Ethereality/01 - Possession.flac,117.5,Bm,True,
Pastel Ghost/[2018] Ethereality/02 - Emotion.flac,123.0,F#,True,
Pastel Ghost/[2018] Ethereality/05 - Iris.flac,117.5,Bm,True,
Pastel Ghost/[2018] Ethereality/10 - Ethereality.flac,117.5,Bm,True,
Pastel Ghost/[2018] Ethereality/09 - Underwater.flac,117.5,Bm,True,
Pastel Ghost/[2018] Ethereality/04 - Sakura.flac,112.3,G#m,True,
Pastel Ghost/[2018] Ethereality/06 - Mercury.flac,83.4,Bb,True,
Pastel Ghost/[2018] Ethereality/03 - 3NDL3SS.flac,80.7,Bbm,True,
Pastel Ghost/Pastel Ghost - Possession (2018) [FLAC WEB]/01. Possession.flac,117.5,Bm,True,
Pastel Ghost/Pastel Ghost - Dark Beach EP (2013) [WEB-FLAC]/01 - PASTEL GHOST - DARK BEACH.flac,129.2,Gm,True,
Pastel Ghost/Pastel Ghost - Dark Beach EP (2013) [WEB-FLAC]/03 - PASTEL GHOST - SLOW GAZE.flac,103.4,Fm,True,
Pastel Ghost/Pastel Ghost - Dark Beach EP (2013) [WEB-FLAC]/02 - PASTEL GHOST - SILHOUETTE.flac,129.2,Eb,True,
Pastel Ghost/Pastel Ghost - Abyss (2015) [WEB 24bit FLAC]/06 Dark Beach.flac,129.2,Gm,True,
Pastel Ghost/Pastel Ghost - Abyss (2015) [WEB 24bit FLAC]/01 Prism.flac,123.0,Ab,True,
Pastel Ghost/Pastel Ghost - Abyss (2015) [WEB 24bit FLAC]/08 Lilacs.flac,129.2,Cm,True,
Pastel Ghost/Pastel Ghost - Abyss (2015) [WEB 24bit FLAC]/10 Abyss.flac,92.3,Bm,True,
Pastel Ghost/Pastel Ghost - Abyss (2015) [WEB 24bit FLAC]/09 Pulse.flac,129.2,Bm,True,
Pastel Ghost/Pastel Ghost - Abyss (2015) [WEB 24bit FLAC]/02 Embrace.flac,129.2,Am,True,
Pastel Ghost/Pastel Ghost - Abyss (2015) [WEB 24bit FLAC]/07 Translucid.flac,123.0,G,True,
Pastel Ghost/Pastel Ghost - Abyss (2015) [WEB 24bit FLAC]/05 Skeleton.flac,136.0,Bbm,True,
Pastel Ghost/Pastel Ghost - Abyss (2015) [WEB 24bit FLAC]/03 Clouds.flac,103.4,F#m,True,
Pastel Ghost/Pastel Ghost - Abyss (2015) [WEB 24bit FLAC]/04 Shadows.flac,129.2,Cm,True,
Pastel Ghost/[2015] Abyss/06 - Dark Beach.flac,129.2,Gm,True,
Pastel Ghost/[2015] Abyss/10 - Abyss.flac,92.3,Bm,True,
Pastel Ghost/[2015] Abyss/04 - Shadows.flac,129.2,Cm,True,
Pastel Ghost/[2015] Abyss/03 - Clouds.flac,103.4,F#m,True,
Pastel Ghost/[2015] Abyss/05 - Skeleton.flac,136.0,Bbm,True,
Pastel Ghost/[2015] Abyss/02 - Embrace.flac,129.2,Am,True,
Pastel Ghost/[2015] Abyss/09 - Pulse.flac,129.2,Bm,True,
Pastel Ghost/[2015] Abyss/01 - Prism.flac,123.0,Ab,True,
Pastel Ghost/[2015] Abyss/07 - Translucid.flac,123.0,G,True,
Pastel Ghost/[2015] Abyss/08 - Lilacs.flac,129.2,Cm,True,
Kanser - It Wrote Itself/02-kanser-just_for_you-chr.mp3,184.6,Dm,True,
Kanser - It Wrote Itself/03-kanser-glass_dollspbnj-chr.mp3,89.1,Cm,True,
Kanser - It Wrote Itself/11-kanser-freaks-chr.mp3,92.3,Bbm,True,
Kanser - It Wrote Itself/17-kanser-it_wrote_itself-chr.mp3,129.2,Bm,True,
Kanser - It Wrote Itself/15-kanser-altered_entities-chr.mp3,136.0,Cm,True,
Kanser - It Wrote Itself/13-kanser-not_today_(ft_rdm_and_p-style)-chr.mp3,95.7,Bm,True,
Kanser - It Wrote Itself/05-kanser-sins_of_the_father-chr.mp3,92.3,Gm,True,
Kanser - It Wrote Itself/01-kanser-handle_the_troop-chr.mp3,161.5,Bbm,True,
Kanser - It Wrote Itself/08-kanser-jellie_love-chr.mp3,161.5,B,True,
Kanser - It Wrote Itself/04-kanser-try-d-chr.mp3,172.3,Ab,True,
Kanser - It Wrote Itself/06-kanser-cant_complain_(ft_sarah_white)-chr.mp3,92.3,Em,True,
Kanser - It Wrote Itself/12-kanser-unicus-chr.mp3,184.6,Ab,True,
Kanser - It Wrote Itself/16-kanser-girls_in_the_crowd-chr.mp3,89.1,E,True,
Kanser - It Wrote Itself/14-kanser-erik_was_in_8th_grade-chr.mp3,95.7,Em,True,
Kanser - It Wrote Itself/10-kanser-arthur_v.-chr.mp3,95.7,G#m,True,
Kanser - It Wrote Itself/09-kanser-spit_my_raps-chr.mp3,89.1,G,True,
Kanser - It Wrote Itself/07-kanser-green_to_grey-chr.mp3,123.0,A,True,
Lil' Wayne/Lil' Wayne - Tha Carter II - 2005/16 Lil Wayne - Shooter.mp3,80.7,Cm,True,
Lil' Wayne/Lil' Wayne - Tha Carter II - 2005/01 Lil Wayne - Tha Mobb.mp3,152.0,G#m,True,
Lil' Wayne/Lil' Wayne - Tha Carter II - 2005/21 Lil Wayne - Get Over.mp3,107.7,Dm,True,
Lil' Wayne/Lil' Wayne - Tha Carter II - 2005/05 Lil Wayne - Mo Fire.mp3,143.6,D#m,True,
Lil' Wayne/Lil' Wayne - Tha Carter II - 2005/19 Lil Wayne - I'm A Dboy.mp3,172.3,Gm,True,
Lil' Wayne/Lil' Wayne - Tha Carter II - 2005/07 Lil Wayne - Best Rapper Alive.mp3,152.0,Gm,True,
Lil' Wayne/Lil' Wayne - Tha Carter II - 2005/10 Lil Wayne - Grown Man.mp3,107.7,F,True,
Lil' Wayne/Lil' Wayne - Tha Carter II - 2005/11 Lil Wayne - On Tha Block #2 - Skit.mp3,92.3,Bbm,True,
Lil' Wayne/Lil' Wayne - Tha Carter II - 2005/02 Lil Wayne - Fly In.mp3,89.1,Dm,True,
Lil' Wayne/Lil' Wayne - Tha Carter II - 2005/08 Lil Wayne - Lock And Load.mp3,172.3,F#m,True,
Lil' Wayne/Lil' Wayne - Tha Carter II - 2005/09 Lil Wayne - Oh No.mp3,107.7,Bbm,True,
Lil' Wayne/Lil' Wayne - Tha Carter II - 2005/06 Lil Wayne - On Tha Block #1 - Skit.mp3,95.7,Bbm,True,
Lil' Wayne/Lil' Wayne - Tha Carter II - 2005/13 Lil Wayne - Carter II.mp3,89.1,Dm,True,
Lil' Wayne/Lil' Wayne - Tha Carter II - 2005/22 Lil Wayne - Fly Out.mp3,89.1,Dm,True,
Lil' Wayne/Lil' Wayne - Tha Carter II - 2005/04 Lil Wayne - Fireman.mp3,107.7,Em,True,
Lil' Wayne/Lil' Wayne - Tha Carter II - 2005/17 Lil Wayne - Weezy Baby.mp3,152.0,Gm,True,
Lil' Wayne/Lil' Wayne - Tha Carter II - 2005/03 Lil Wayne - Money On My Mind.mp3,152.0,C#m,True,
Lil' Wayne/Lil' Wayne - Tha Carter II - 2005/18 Lil Wayne - On Tha Block #3 - Skit.mp3,107.7,Em,True,
Lil' Wayne/Lil' Wayne - Tha Carter II - 2005/12 Lil Wayne - Hit Em Up.mp3,161.5,C#m,True,
Lil' Wayne/Lil' Wayne - Tha Carter II - 2005/14 Lil Wayne - Hustler Musik.mp3,83.4,F#m,True,
Lil' Wayne/Lil' Wayne - Tha Carter II - 2005/15 Lil Wayne - Receipt.mp3,86.1,Gm,True,
Lil' Wayne/Lil Wayne - I Am Not A Human Being II/03-Lil_Wayne_Days_And_Days_Feat_2_Chainz.mp3,95.7,Cm,True,
Lil' Wayne/Lil Wayne - I Am Not A Human Being II/12-Lil_Wayne_Romance.mp3,143.6,D#m,True,
Lil' Wayne/Lil Wayne - I Am Not A Human Being II/16-Lil_Wayne_Lay_It_Down_Feat_Nicki_Minaj_Cory_Gunz.mp3,136.0,Fm,True,
Lil' Wayne/Lil Wayne - I Am Not A Human Being II/17-Lil_Wayne_Hot_Revolver_Feat_Dre.mp3,129.2,Bbm,True,
Lil' Wayne/Lil Wayne - I Am Not A Human Being II/10-Lil_Wayne_Trippy_Feat_Juicy_J.mp3,68.0,D#m,True,
Lil' Wayne/Lil Wayne - I Am Not A Human Being II/08-Lil_Wayne_Beat_The_Shit_Feat_Gunplay.mp3,143.6,Eb,True,
Lil' Wayne/Lil Wayne - I Am Not A Human Being II/02-Lil_Wayne_Curtains_Feat_Boo.mp3,129.2,Fm,True,
Lil' Wayne/Lil Wayne - I Am Not A Human Being II/14-Lil_Wayne_Wowzers_Feat_Trina.mp3,129.2,F#m,True,
Lil' Wayne/Lil Wayne - I Am Not A Human Being II/09-Lil_Wayne_Rich_As_Fuck_Feat_2_Chainz.mp3,66.3,Em,True,
Lil' Wayne/Lil Wayne - I Am Not A Human Being II/07-Lil_Wayne_Trigger_Finger_Feat_Soulja Boy.mp3,99.4,C#m,True,
Lil' Wayne/Lil Wayne - I Am Not A Human Being II/05-Lil_Wayne_No_Worries_Feat_Detail.mp3,129.2,Dm,True,
Lil' Wayne/Lil Wayne - I Am Not A Human Being II/01-Lil_Wayne_IANAHB.mp3,86.1,Am,True,
Lil' Wayne/Lil Wayne - I Am Not A Human Being II/15-Lil_Wayne_Hello_Feat_Shane_Heyl.mp3,112.3,Bb,True,
Lil' Wayne/Lil Wayne - I Am Not A Human Being II/06-Lil_Wayne_Back_To_You.mp3,112.3,C,True,
Lil' Wayne/Lil Wayne - I Am Not A Human Being II/18-Lil_Wayne_My_Homies_Still_Feat_Big_Sean.mp3,152.0,Em,True,
Lil' Wayne/Lil Wayne - I Am Not A Human Being II/13-Lil_Wayne_God_Bless_Amerika.mp3,129.2,C#m,True,
Lil' Wayne/Lil Wayne - I Am Not A Human Being II/19-Lil_Wayne_Shit_Stains.mp3,152.0,G,True,
Lil' Wayne/Lil Wayne - I Am Not A Human Being II/04-Lil_Wayne_Gunwalk_Feat_Gudda_Gudda.mp3,136.0,F#,True,
Lil' Wayne/Lil Wayne - I Am Not A Human Being II/11-Lil_Wayne_Love_Me_Feat_Drake_Future.mp3,123.0,F#m,True,
Lil' Wayne/Lil' Wayne - Tha Carter III - 2008/01-lil_wayne-3_peat.mp3,152.0,G#m,True,
Lil' Wayne/Lil' Wayne - Tha Carter III - 2008/16-lil_wayne-dontgetit.mp3,76.0,Bbm,True,
Lil' Wayne/Lil' Wayne - Tha Carter III - 2008/15-lil_wayne-you_aint_got_nuthin_(feat._juelz_santana_and_fa.mp3,107.7,Dm,True,
Lil' Wayne/Lil' Wayne - Tha Carter III - 2008/05-lil_wayne-comfortable_(feat._babyface).mp3,123.0,D#m,True,
Lil' Wayne/Lil' Wayne - Tha Carter III - 2008/06-lil_wayne-dr._carter.mp3,172.3,Dm,True,
Lil' Wayne/Lil' Wayne - Tha Carter III - 2008/14-lil_wayne-playing_with_fire_(feat._betty_wright).mp3,143.6,Fm,True,
Lil' Wayne/Lil' Wayne - Tha Carter III - 2008/09-lil_wayne-mrs._officer_(feat._bobby_valentino).mp3,112.3,F#m,True,
Lil' Wayne/Lil' Wayne - Tha Carter III - 2008/12-lil_wayne-lollipop_(feat._static_major).mp3,99.4,Gm,True,
Lil' Wayne/Lil' Wayne - Tha Carter III - 2008/04-lil_wayne-got_money_(feat._t-pain).mp3,83.4,C#m,True,
Lil' Wayne/Lil' Wayne - Tha Carter III - 2008/11-lil_wayne-shoot_me_down_(feat._d._smith).mp3,152.0,C#m,True,
Lil' Wayne/Lil' Wayne - Tha Carter III - 2008/10-lil_wayne-let_the_beat_build.mp3,152.0,E,True,
Lil' Wayne/Lil' Wayne - Tha Carter III - 2008/07-lil_wayne-phone_home.mp3,99.4,C#m,True,
Lil' Wayne/Lil' Wayne - Tha Carter III - 2008/13-lil_wayne-la_la_(feat._brisco_and_busta_rhymes).mp3,99.4,Dm,True,
Lil' Wayne/Lil' Wayne - Tha Carter III - 2008/08-lil_wayne-tie_my_hands_(feat._robin_thicke).mp3,172.3,Bbm,True,
Lil' Wayne/Lil' Wayne - Tha Carter III - 2008/03-lil_wayne-a_milli.mp3,99.4,C#m,True,
Lil' Wayne/Lil' Wayne - Tha Carter III - 2008/02-lil_wayne-mr._carter_(feat._jay-z).mp3,172.3,Bb,True,
Lil' Wayne/Lil' Wayne - Tha Carter III - 2008/Lil_Wayne-Tha_Carter_III-(Retail_Target_Bonus_Tracks)-2008-VAG/01-lil_wayne-action_(produced_by_deezle).mp3,172.3,D#m,True,
Lil' Wayne/Lil' Wayne - Tha Carter III - 2008/Lil_Wayne-Tha_Carter_III-(Retail_Target_Bonus_Tracks)-2008-VAG/02-lil_wayne-whip_it_(produced_by_deezle).mp3,89.1,F#m,True,
Lil' Wayne/Lil' Wayne - Tha Carter - 2004/05. On The Block #1.mp3,123.0,Gm,True,
Lil' Wayne/Lil' Wayne - Tha Carter - 2004/09. Tha Heat.mp3,172.3,Bbm,True,
Lil' Wayne/Lil' Wayne - Tha Carter - 2004/04. BM Jr..mp3,107.7,Fm,True,
Lil' Wayne/Lil' Wayne - Tha Carter - 2004/18. Only Way (Feat. Birdman).mp3,161.5,Dm,True,
Lil' Wayne/Lil' Wayne - Tha Carter - 2004/16. Snitch.mp3,103.4,D#m,True,
Lil' Wayne/Lil' Wayne - Tha Carter - 2004/08. On My Own (Feat. Reel).mp3,123.0,Fm,True,
Lil' Wayne/Lil' Wayne - Tha Carter - 2004/07. We Don't (Feat. Birdman).mp3,161.5,Gm,True,
Lil' Wayne/Lil' Wayne - Tha Carter - 2004/19. Earthquake.mp3,99.4,Gm,True,
Lil' Wayne/Lil' Wayne - Tha Carter - 2004/06. I Miss My Dawgs (Feat. Reel).mp3,78.3,C#m,True,
Lil' Wayne/Lil' Wayne - Tha Carter - 2004/17. Hoes (Feat. Mannie Fresh).mp3,172.3,G#m,True,
Lil' Wayne/Lil' Wayne - Tha Carter - 2004/10. Cash Money Millionaires.mp3,83.4,Cm,True,
Lil' Wayne/Lil' Wayne - Tha Carter - 2004/12. Bring It Back (Feat. Mannie Fresh).mp3,172.3,C#m,True,
Lil' Wayne/Lil' Wayne - Tha Carter - 2004/11. Inside.mp3,152.0,Dm,True,
Lil' Wayne/Lil' Wayne - Tha Carter - 2004/13. Who Wanna.mp3,92.3,D#m,True,
Lil' Wayne/Lil' Wayne - Tha Carter - 2004/02. Go DJ.mp3,161.5,Fm,True,
Lil' Wayne/Lil' Wayne - Tha Carter - 2004/21. Walk Out.mp3,152.0,Dm,True,
Lil' Wayne/Lil' Wayne - Tha Carter - 2004/20. Ain't That A Bitch.mp3,92.3,G#m,True,
Lil' Wayne/Lil' Wayne - Tha Carter - 2004/03. This Is The Carter (Feat. Mannie Fresh).mp3,95.7,Dm,True,
Lil' Wayne/Lil' Wayne - Tha Carter - 2004/01. Walk In.mp3,152.0,Dm,True,
Lil' Wayne/Lil' Wayne - Tha Carter - 2004/15. Get Down (Feat. Birdman).mp3,89.1,C#m,True,
Lil' Wayne/Lil' Wayne - Tha Carter - 2004/14. On The Block #2.mp3,107.7,Em,True,
"Lil' Wayne/Lil' Wayne - Tha Carter IV (Deluxe Edition]/15 Outro (feat. Bun B, Nas, Shyne &.mp3",129.2,D,True,
Lil' Wayne/Lil' Wayne - Tha Carter IV (Deluxe Edition]/06 She Will (feat. Drake).mp3,76.0,A,True,
Lil' Wayne/Lil' Wayne - Tha Carter IV (Deluxe Edition]/19 Up Up and Away.mp3,143.6,Dm,True,
Lil' Wayne/Lil' Wayne - Tha Carter IV (Deluxe Edition]/18 Two Shots.mp3,143.6,Gm,True,
Lil' Wayne/Lil' Wayne - Tha Carter IV (Deluxe Edition]/04 6 Foot 7 Foot (feat. Cory Gunz).mp3,172.3,Dm,True,
Lil' Wayne/Lil' Wayne - Tha Carter IV (Deluxe Edition]/17 Mirror (feat. Bruno Mars).mp3,152.0,Am,True,
Lil' Wayne/Lil' Wayne - Tha Carter IV (Deluxe Edition]/12 How to Love.mp3,103.4,Fm,True,
Lil' Wayne/Lil' Wayne - Tha Carter IV (Deluxe Edition]/05 Nightmares of the Bottom.mp3,143.6,E,True,
Lil' Wayne/Lil' Wayne - Tha Carter IV (Deluxe Edition]/03 MegaMan.mp3,103.4,Fm,True,
Lil' Wayne/Lil' Wayne - Tha Carter IV (Deluxe Edition]/11 So Special (feat. John Legend).mp3,95.7,Em,True,
Lil' Wayne/Lil' Wayne - Tha Carter IV (Deluxe Edition]/01 Intro.mp3,129.2,D,True,
Lil' Wayne/Lil' Wayne - Tha Carter IV (Deluxe Edition]/16 I Like the View.mp3,95.7,D#m,True,
Lil' Wayne/Lil' Wayne - Tha Carter IV (Deluxe Edition]/13 President Carter.mp3,161.5,Dm,True,
Lil' Wayne/Lil' Wayne - Tha Carter IV (Deluxe Edition]/10 Abortion.mp3,152.0,Bbm,True,
Lil' Wayne/Lil' Wayne - Tha Carter IV (Deluxe Edition]/08 Interlude (feat. Tech N9ne).mp3,129.2,D,True,
Lil' Wayne/Lil' Wayne - Tha Carter IV (Deluxe Edition]/14 It's Good (feat. Drake & Jadakiss.mp3,129.2,Em,True,
Lil' Wayne/Lil' Wayne - Tha Carter IV (Deluxe Edition]/02 Blunt Blowin.mp3,136.0,Dm,True,
Lil' Wayne/Lil' Wayne - Tha Carter IV (Deluxe Edition]/09 John (feat. Rick Ross).mp3,152.0,F#m,True,
Lil' Wayne/Lil' Wayne - Tha Carter IV (Deluxe Edition]/07 How to Hate (feat. T-Pain).mp3,152.0,F,True,
"Kanye West - Bully (First Pressing CD Edition) Rap  Hip-Hop  (2026) 320_kbps Beats⭐/Kanye West - Bully (First Pressing CD Edition) Rap  Hip-Hop  (2026) 320_kbps Beats⭐/11. Circles feat. Don Toliver [Prod. Kanye West, 88-Keys & Nkenge 1x].mp3",161.5,Gm,True,
"Kanye West - Bully (First Pressing CD Edition) Rap  Hip-Hop  (2026) 320_kbps Beats⭐/Kanye West - Bully (First Pressing CD Edition) Rap  Hip-Hop  (2026) 320_kbps Beats⭐/07. All the Love feat. André Troutman [Prod. Kanye West, Sheffmade, Quadwoofer, 88-Keys, Che Pope, André Troutman & Rashon Murphy].mp3",117.5,D#m,True,
"Kanye West - Bully (First Pressing CD Edition) Rap  Hip-Hop  (2026) 320_kbps Beats⭐/Kanye West - Bully (First Pressing CD Edition) Rap  Hip-Hop  (2026) 320_kbps Beats⭐/08. This One Here [Prod. Kanye West, James Blake, Dom Maker, TK, Rashon Murphy & Okami].mp3",107.7,B,True,
"Kanye West - Bully (First Pressing CD Edition) Rap  Hip-Hop  (2026) 320_kbps Beats⭐/Kanye West - Bully (First Pressing CD Edition) Rap  Hip-Hop  (2026) 320_kbps Beats⭐/10. Mission Control feat. The World Famous Tony Williams [Prod. Kanye West, 1SRAEL & Adey].mp3",76.0,C,True,
"Kanye West - Bully (First Pressing CD Edition) Rap  Hip-Hop  (2026) 320_kbps Beats⭐/Kanye West - Bully (First Pressing CD Edition) Rap  Hip-Hop  (2026) 320_kbps Beats⭐/09. Highs and Lows [Prod. Kanye West, The Legendary Traxster, Nkenge 1x, André Troutman, Rashon Murphy & TK].mp3",95.7,C#m,True,
"Kanye West - Bully (First Pressing CD Edition) Rap  Hip-Hop  (2026) 320_kbps Beats⭐/Kanye West - Bully (First Pressing CD Edition) Rap  Hip-Hop  (2026) 320_kbps Beats⭐/06. Bully [Prod. Kanye West, 1SRAEL & FutureSelf].mp3",99.4,Am,True,
"Kanye West - Bully (First Pressing CD Edition) Rap  Hip-Hop  (2026) 320_kbps Beats⭐/Kanye West - Bully (First Pressing CD Edition) Rap  Hip-Hop  (2026) 320_kbps Beats⭐/13. Losing Your Mind [Prod. Kanye West, 1SRAEL & Can].mp3",152.0,Fm,True,
"Kanye West - Bully (First Pressing CD Edition) Rap  Hip-Hop  (2026) 320_kbps Beats⭐/Kanye West - Bully (First Pressing CD Edition) Rap  Hip-Hop  (2026) 320_kbps Beats⭐/05. I Can't Wait [Prod. Kanye West, 1SRAEL, FutureSelf, André Troutman & Rashon Murphy].mp3",152.0,C#m,True,
Kanye West - Bully (First Pressing CD Edition) Rap  Hip-Hop  (2026) 320_kbps Beats⭐/Kanye West - Bully (First Pressing CD Edition) Rap  Hip-Hop  (2026) 320_kbps Beats⭐/03. Last Breath [Prod. Kanye West & Ty Dolla $ign].mp3,112.3,B,True,
Kanye West - Bully (First Pressing CD Edition) Rap  Hip-Hop  (2026) 320_kbps Beats⭐/Kanye West - Bully (First Pressing CD Edition) Rap  Hip-Hop  (2026) 320_kbps Beats⭐/01. Preacher Man [Prod. Kanye West].mp3,161.5,A,True,
"Kanye West - Bully (First Pressing CD Edition) Rap  Hip-Hop  (2026) 320_kbps Beats⭐/Kanye West - Bully (First Pressing CD Edition) Rap  Hip-Hop  (2026) 320_kbps Beats⭐/12. Damn [Prod. Kanye West, Hassan Khaffaf, OLYEVNS, TK, André Troutman & Rashon Murphy].mp3",92.3,Ab,True,
"Kanye West - Bully (First Pressing CD Edition) Rap  Hip-Hop  (2026) 320_kbps Beats⭐/Kanye West - Bully (First Pressing CD Edition) Rap  Hip-Hop  (2026) 320_kbps Beats⭐/04. White Lines feat. André Troutman [Prod. Kanye West, 1SRAEL & Nkenge 1x].mp3",99.4,Dm,True,
Kanye West - Bully (First Pressing CD Edition) Rap  Hip-Hop  (2026) 320_kbps Beats⭐/Kanye West - Bully (First Pressing CD Edition) Rap  Hip-Hop  (2026) 320_kbps Beats⭐/02. Beauty and the Beast [Prod. Kanye West].mp3,161.5,Bbm,True,
B.O.B Feat. Bruno Mars/Certified Throwbacks/36 Nothin’ on You (feat. Bruno Mars)_1.flac,,,,load: error -50
B.O.B Feat. Bruno Mars/Certified Throwbacks/36 Nothin’ on You (feat. Bruno Mars).flac,,,,load: error -50
SEXY-SYNTHESIZER/SQ Chips/16 聖剣伝説 −ファイナルファンタジー外伝−-最後の決戦～マナの神殿-_1.flac,99.4,Am,True,
SEXY-SYNTHESIZER/SQ Chips/16 聖剣伝説 −ファイナルファンタジー外伝−-最後の決戦～マナの神殿-_2.flac,99.4,Am,True,
SEXY-SYNTHESIZER/SQ Chips/16 聖剣伝説 −ファイナルファンタジー外伝−-最後の決戦～マナの神殿-.flac,99.4,Am,True,
